user_id,User_Segment,E_Score,Friction,Value_Index,First_Purchase_Prob,First_Purchase_Rank,TopK_Flag,Repurchase_Prob,Repurchase_Rank
318611205,高潜力首购用户,1.890199800172179,2,,0.20862861722303902,518.0,1.0,,
348815209,高潜力首购用户,0.1638535840438717,1,,0.08731726717128044,4306.0,0.0,,
448114322,高潜力首购用户,1.36703087526128,1,,0.14268275210232675,1836.0,1.0,,
453908841,高价值高摩擦用户,-0.0465026388404711,0,6.140509356995097,,,,0.3611289364728468,3015.0
468738594,高潜力首购用户,0.4455486304860165,1,,0.09320218415466044,3992.0,0.0,,
468940025,高潜力首购用户,0.5081532202029375,1,,0.08891571734861448,4211.0,0.0,,
471210251,高潜力首购用户,1.2899159729457155,1,,0.14252123788032459,1844.0,1.0,,
483645548,高潜力首购用户,1.99600138339912,1,,0.19197361634883234,724.0,1.0,,
491648368,高潜力首购用户,0.4546837881855877,1,,0.09422868665646446,3943.0,0.0,,
493597615,高潜力首购用户,1.2434375730738825,1,,0.13119320527125966,2261.0,1.0,,
493753799,高潜力首购用户,2.0377800897457248,2,,0.22236804870098348,398.0,1.0,,
495513209,高潜力首购用户,0.3155517338829283,1,,0.0838964225527307,4483.0,0.0,,
495517004,高潜力首购用户,1.0650541883989233,1,,0.12680429313967853,2426.0,1.0,,
499884046,高潜力首购用户,1.7460516725130273,1,,0.17468870759288063,1042.0,1.0,,
501669209,高潜力首购用户,1.221106756645294,1,,0.14258019550757778,1840.0,1.0,,
503946138,高潜力首购用户,2.115183795324345,1,,0.20673500857261423,539.0,1.0,,
504345071,高潜力首购用户,0.8529266981603364,1,,0.11881929075371347,2732.0,0.0,,
506222682,高潜力首购用户,1.217738894109203,1,,0.13644367688800912,2060.0,1.0,,
506576523,高潜力首购用户,1.2108783478461345,1,,0.13702108778581837,2042.0,1.0,,
507134502,高潜力首购用户,0.95906132050687,1,,0.10566737905078616,3316.0,0.0,,
511583163,高潜力首购用户,1.7231386419016648,1,,0.184657181701306,853.0,1.0,,
512365799,高潜力首购用户,1.1485994975518172,1,,0.1354930096177812,2104.0,1.0,,
512366548,高潜力首购用户,1.0790499638129039,1,,0.13821912945694945,1995.0,1.0,,
512367004,高价值高摩擦用户,1.985960490212216,0,7.2487150505873,,,,0.5940949321971424,502.0
512367071,高潜力首购用户,1.965677169829391,2,,0.21067836560617118,496.0,1.0,,
512369322,高潜力首购用户,1.8205201931733257,1,,0.17791787552680993,971.0,1.0,,
512369912,高潜力首购用户,3.1691636910128302,1,,0.3506182552836976,30.0,1.0,,
512373071,高潜力首购用户,1.0370614630481425,3,,0.15264663429612121,1553.0,1.0,,
512373887,高潜力首购用户,1.5450291459330003,1,,0.1564578295493626,1454.0,1.0,,
512374410,高价值高摩擦用户,1.538624575403979,0,8.153796021318275,,,,0.5101318743617654,932.0
512374774,高潜力首购用户,2.459044498104221,1,,0.24728313622194004,225.0,1.0,,
512374841,高潜力首购用户,0.7705285337948475,1,,0.09898936345746677,3678.0,0.0,,
512376163,高潜力首购用户,1.9154125079119666,1,,0.18910070394040696,774.0,1.0,,
512376753,高潜力首购用户,0.7565354514435199,1,,0.10187623796457006,3536.0,0.0,,
512377117,高潜力首购用户,1.3314135133021,1,,0.12864634794601426,2364.0,1.0,,
512379025,高潜力首购用户,0.8899158334554679,1,,0.10718134133921557,3244.0,0.0,,
512379753,高价值高摩擦用户,2.182624202398023,0,8.140375596665596,,,,0.589684010282781,520.0
512383117,高潜力首购用户,1.423859617714549,1,,0.148788482768465,1657.0,1.0,,
512383251,高潜力首购用户,1.8313492708814103,1,,0.1776664127491592,976.0,1.0,,
512384297,高潜力首购用户,1.6935811187762921,1,,0.17887295868782033,953.0,1.0,,
512384389,高潜力首购用户,1.0395521295805985,1,,0.12225331771621017,2587.0,1.0,,
512384569,高潜力首购用户,1.3589097441654652,1,,0.1424858040425963,1850.0,1.0,,
512387138,高潜力首购用户,2.6176943860516317,3,,0.3211066495146635,49.0,1.0,,
512388163,高潜力首购用户,1.3504128139883527,3,,0.18721013651844523,807.0,1.0,,
512389117,高潜力首购用户,0.2767031511740316,1,,0.07684571580931485,4871.0,0.0,,
512392820,高潜力首购用户,1.9406061825744991,1,,0.20353515793052895,568.0,1.0,,
512393615,高潜力首购用户,1.521334047639187,1,,0.14534165591641632,1757.0,1.0,,
512394410,高潜力首购用户,3.253750461466685,1,,0.36068580137697737,23.0,1.0,,
512395707,高潜力首购用户,0.8108503598589337,1,,0.09591626373398936,3849.0,0.0,,
512396163,高潜力首购用户,1.9445184593371707,1,,0.19802743319096786,633.0,1.0,,
512396364,高价值高摩擦用户,0.9120143639215937,0,7.020887516423093,,,,0.49840329479362105,1025.0
512400523,高潜力首购用户,2.6621731262850163,1,,0.27605064165107307,131.0,1.0,,
512401548,高潜力首购用户,-0.00694255451514358,2,,0.08763082869395929,4284.0,0.0,,
512403845,高潜力首购用户,1.7547289259515948,1,,0.1811391243373832,912.0,1.0,,
512406046,高潜力首购用户,1.2084287856966007,1,,0.14014905006604914,1922.0,1.0,,
512406799,高潜力首购用户,1.3262042476492024,1,,0.149170466138395,1643.0,1.0,,
512408117,高潜力首购用户,1.322551857885984,1,,0.1542677932674695,1506.0,1.0,,
512412368,高潜力首购用户,1.597107387917074,2,,0.185927481615077,828.0,1.0,,
512413527,高潜力首购用户,0.48307036925359076,2,,0.10482915535807562,3367.0,0.0,,
512413615,高潜力首购用户,1.133279972269335,1,,0.14261914106011772,1838.0,1.0,,
512414297,高潜力首购用户,1.702651862565771,1,,0.16005816011967136,1364.0,1.0,,
512415707,高潜力首购用户,0.5220203487563035,1,,0.09716230255522228,3781.0,0.0,,
512416322,高潜力首购用户,2.276986659790175,2,,0.2559601199426693,191.0,1.0,,
512418138,高潜力首购用户,0.07841509425877434,1,,0.07491178262238611,4985.0,0.0,,
512419322,高潜力首购用户,0.2814240828611877,1,,0.0824112765710956,4568.0,0.0,,
512419912,高价值高摩擦用户,1.3172893927766776,1,5.2970365466483145,,,,0.17931746696523845,13204.0
512420000,高潜力首购用户,0.5904886100921746,1,,0.09734272548830876,3770.0,0.0,,
512421251,高潜力首购用户,1.5461101351422577,2,,0.18532540278096854,839.0,1.0,,
512421569,高潜力首购用户,1.8077259917517388,1,,0.18031540567079846,929.0,1.0,,
512427845,高潜力首购用户,0.3213834450975909,1,,0.08444153586415508,4448.0,0.0,,
512428594,高潜力首购用户,2.0340713035745766,2,,0.23096490339534337,336.0,1.0,,
512431046,高潜力首购用户,1.7341204322939425,3,,0.2022781972997592,579.0,1.0,,
512431410,高潜力首购用户,3.277270909295193,1,,0.3532010556445953,28.0,1.0,,
512431799,高潜力首购用户,1.2903607461787145,1,,0.13262805539782188,2208.0,1.0,,
512432046,高潜力首购用户,2.8540983348211957,7,,0.40918250036457704,11.0,1.0,,
512433456,高潜力首购用户,-0.031188071591166766,1,,0.07625380840716452,4907.0,0.0,,
512434820,高价值高摩擦用户,2.0931391225317113,0,6.350655323684158,,,,0.5020348160557732,997.0
512435481,高潜力首购用户,1.5655753867571225,1,,0.16139885394668815,1333.0,1.0,,
512438682,高潜力首购用户,1.5724985199492372,1,,0.1572629909897876,1432.0,1.0,,
512440774,高潜力首购用户,0.62540424613516,1,,0.0863733040684906,4362.0,0.0,,
512441071,高潜力首购用户,1.6446567658772284,1,,0.1691065839715685,1143.0,1.0,,
512441435,高潜力首购用户,0.2201652557260263,1,,0.07874868915646316,4766.0,0.0,,
512447912,高潜力首购用户,2.6488748384218304,1,,0.27918911013901987,119.0,1.0,,
512448071,高潜力首购用户,0.466526601529805,1,,0.09537447881683225,3888.0,0.0,,
512448958,高价值高摩擦用户,1.4540120333050366,0,8.417938442016528,,,,0.4656196892825387,1315.0
512449845,高潜力首购用户,1.6940392136517517,1,,0.17247696913956218,1075.0,1.0,,
512450933,高潜力首购用户,1.4113128170872142,1,,0.1485191724469602,1666.0,1.0,,
512451389,高潜力首购用户,0.1205391008949731,1,,0.0700199591592646,5256.0,0.0,,
512453368,高潜力首购用户,0.4464951062142522,1,,0.08520067801230662,4414.0,0.0,,
512454046,高潜力首购用户,0.11270814649060958,1,,0.07779560843529712,4817.0,0.0,,
512457209,高潜力首购用户,1.3111781106781795,1,,0.14069798711692472,1908.0,1.0,,
512457774,高潜力首购用户,-0.03699628530536529,1,,0.06572960284905358,5388.0,0.0,,
512459364,高潜力首购用户,2.922076418226515,2,,0.3092449581683855,64.0,1.0,,
512460820,高潜力首购用户,1.9651308209565925,1,,0.21581293374647784,448.0,1.0,,
512464276,高潜力首购用户,1.6764874422752236,1,,0.16089968013929262,1344.0,1.0,,
512474661,高潜力首购用户,3.2119006434935575,1,,0.3577559853049442,26.0,1.0,,
512475230,高潜力首购用户,1.1457615145806008,1,,0.12794886223049423,2387.0,1.0,,
512476728,高潜力首购用户,1.8621649831692555,1,,0.17472751187568955,1039.0,1.0,,
512481774,高潜力首购用户,2.20584151447337,2,,0.23916510932368928,283.0,1.0,,
512482209,高潜力首购用户,1.498244006716158,1,,0.14233898063638623,1855.0,1.0,,
512484046,高潜力首购用户,1.121374479607383,2,,0.15351799943827238,1527.0,1.0,,
512487071,高潜力首购用户,0.9619213347783461,1,,0.10987492555269344,3120.0,0.0,,
512490615,高潜力首购用户,1.482675224187995,1,,0.15265689230511242,1552.0,1.0,,
512493297,高潜力首购用户,1.1628682289109091,1,,0.1355191923616321,2103.0,1.0,,
512495887,高价值高摩擦用户,1.1058472029191602,0,6.66767154965204,,,,0.26929255920286227,6356.0
512497117,高潜力首购用户,0.8623192677732713,1,,0.11503071664680015,2894.0,0.0,,
512505707,高潜力首购用户,1.8245842806151817,1,,0.17698534819743486,996.0,1.0,,
512509640,高潜力首购用户,2.281482299365981,1,,0.22422226338226667,381.0,1.0,,
512510364,高潜力首购用户,2.007647747487938,1,,0.20568388672946014,550.0,1.0,,
512511569,高潜力首购用户,0.3331471248074825,1,,0.08555092742694932,4398.0,0.0,,
512512297,高潜力首购用户,2.5106156320724655,2,,0.27324168235946994,136.0,1.0,,
512516138,高潜力首购用户,0.5077604821075136,1,,0.08641656046972544,4361.0,0.0,,
512516209,高潜力首购用户,1.7243673012618472,1,,0.16506886650642968,1238.0,1.0,,
512516866,高潜力首购用户,2.600600591891953,3,,0.3028953978488252,70.0,1.0,,
512517046,高潜力首购用户,0.07819805995656108,1,,0.06885815409657908,5298.0,0.0,,
512520025,高潜力首购用户,1.5329045309629696,1,,0.15434778638060923,1504.0,1.0,,
512520502,高潜力首购用户,0.20505031434346008,2,,0.0855116665942381,4402.0,0.0,,
512522368,高潜力首购用户,1.1722368617646826,1,,0.13107251407102813,2272.0,1.0,,
512522686,高潜力首购用户,2.4869473978690633,2,,0.29105535296284574,92.0,1.0,,
512524297,高潜力首购用户,2.35056997408986,2,,0.2490459440792159,220.0,1.0,,
512525276,高价值高摩擦用户,3.239424773961671,0,11.153354617662323,,,,0.7909231184943961,81.0
512527046,高潜力首购用户,1.0183672899594896,3,,0.12826792432170409,2376.0,1.0,,
512527456,高潜力首购用户,0.8184241683319265,1,,0.10121152010888056,3572.0,0.0,,
512528979,高潜力首购用户,1.4307542129694413,1,,0.14649334458660437,1723.0,1.0,,
512529435,高潜力首购用户,1.1447370114186752,3,,0.15794356812476598,1413.0,1.0,,
512530774,高潜力首购用户,2.291567739240171,4,,0.27756869807444284,124.0,1.0,,
512533753,高潜力首购用户,2.484320476686849,1,,0.2654178023124803,159.0,1.0,,
512534866,高潜力首购用户,1.8423700518612154,1,,0.1873144153532972,805.0,1.0,,
512535912,高潜力首购用户,0.2743728382059138,2,,0.09583187675580243,3855.0,0.0,,
512536661,高潜力首购用户,0.8432508848400507,1,,0.10875827716172735,3171.0,0.0,,
512536707,高潜力首购用户,1.3009394211535619,1,,0.1296040308520582,2324.0,1.0,,
512536820,高潜力首购用户,1.0597697289245718,1,,0.122512572738732,2573.0,1.0,,
512537569,高潜力首购用户,0.9579226174842538,1,,0.11162226783308252,3040.0,0.0,,
512539435,高潜力首购用户,0.20529599814728602,1,,0.07402310127270068,5050.0,0.0,,
512541205,高潜力首购用户,1.2350670594068267,1,,0.12358412587442835,2546.0,1.0,,
512541686,高潜力首购用户,2.073399253631064,2,,0.24421962114215007,248.0,1.0,,
512544025,高潜力首购用户,-0.023456104223374737,1,,0.07083220461219503,5225.0,0.0,,
512549569,高潜力首购用户,1.8827450172198852,1,,0.1750932615075162,1033.0,1.0,,
512555640,高潜力首购用户,0.4798712593295085,1,,0.0961929896306584,3839.0,0.0,,
512555866,高价值高摩擦用户,0.40817509035323724,0,5.44342369785331,,,,0.20425931537872413,11045.0
512556640,高潜力首购用户,1.4593397538586375,1,,0.14328486342673813,1822.0,1.0,,
512561481,高潜力首购用户,1.5846293325160357,1,,0.16662561598238307,1203.0,1.0,,
512564728,高潜力首购用户,1.5253249529458384,1,,0.16660114330436374,1204.0,1.0,,
512564912,高价值高摩擦用户,0.026416736123567323,0,5.241725850814518,,,,0.2533967139317047,7286.0
512565389,高潜力首购用户,0.8741914079225234,2,,0.11857423175102076,2741.0,0.0,,
512565569,高潜力首购用户,2.3829973000367386,1,,0.24045197681528896,275.0,1.0,,
512566615,高潜力首购用户,2.575078718545712,2,,0.2970199435649797,79.0,1.0,,
512567933,高潜力首购用户,2.1318034181958936,1,,0.2124092818042076,482.0,1.0,,
512568410,高潜力首购用户,0.42769777158585603,1,,0.0801531176242389,4675.0,0.0,,
512569071,高潜力首购用户,1.8439134455003294,1,,0.18607481731287911,824.0,1.0,,
512572456,高潜力首购用户,0.8783792560759399,1,,0.11702812293744337,2805.0,0.0,,
512574184,高潜力首购用户,1.5645354384288053,2,,0.18086358802677832,918.0,1.0,,
512574686,高价值高摩擦用户,2.5505230970203203,0,5.899365705433341,,,,0.3085997650295453,4619.0
512577594,高潜力首购用户,1.785535536800917,1,,0.17091617687161387,1107.0,1.0,,
512580753,高潜力首购用户,2.2029542969279046,1,,0.22427118640413077,380.0,1.0,,
512582410,高潜力首购用户,1.6814984785133529,1,,0.16746594762049763,1180.0,1.0,,
512586297,高潜力首购用户,1.0754224482626376,2,,0.13980137039163648,1932.0,1.0,,
512586682,高潜力首购用户,1.9818613856724223,1,,0.20300348989860623,571.0,1.0,,
512590569,高潜力首购用户,1.2755033275796268,1,,0.14409498676244023,1794.0,1.0,,
512594071,高潜力首购用户,2.279881213426608,2,,0.24158152645785563,267.0,1.0,,
512594887,高潜力首购用户,2.3046043863819317,1,,0.23316749191511346,322.0,1.0,,
512597594,高潜力首购用户,-0.03815625668652356,1,,0.07131641367598478,5194.0,0.0,,
512602138,高潜力首购用户,0.8361784850704496,1,,0.12345121096496575,2550.0,1.0,,
512602184,高潜力首购用户,0.6812229994958519,1,,0.10498526670035056,3355.0,0.0,,
512603251,高潜力首购用户,1.407070823692015,1,,0.1536098728498608,1523.0,1.0,,
512603845,高潜力首购用户,1.9370656471086456,1,,0.18433356400617004,857.0,1.0,,
512606753,高潜力首购用户,0.392482470492614,1,,0.08501665081814866,4423.0,0.0,,
512612979,高潜力首购用户,2.0170226493098777,1,,0.2038012883508314,567.0,1.0,,
512613004,高潜力首购用户,2.677267657713115,1,,0.2700393706146481,145.0,1.0,,
512616025,高潜力首购用户,1.4512461151621159,1,,0.15304371095543948,1543.0,1.0,,
512617205,高潜力首购用户,0.6413059437899887,1,,0.09637503942793148,3828.0,0.0,,
512617841,高价值高摩擦用户,0.7287272349636011,0,6.854701277564551,,,,0.4223709130699172,1827.0
512618364,高潜力首购用户,2.0935027651566114,1,,0.20540746052415873,553.0,1.0,,
512627686,高价值高摩擦用户,1.835286108120713,0,5.324462582136228,,,,0.27926422610362917,5853.0
512628205,高潜力首购用户,1.4012512415665148,1,,0.1482978988937741,1671.0,1.0,,
512628389,高潜力首购用户,1.4912379252209647,1,,0.15476485373102106,1492.0,1.0,,
512629092,高价值高摩擦用户,0.7251949734618112,1,5.831061025614959,,,,0.2661397302872061,6520.0
512634594,高潜力首购用户,0.5786661347621134,1,,0.09855163993033582,3701.0,0.0,,
512635841,高潜力首购用户,1.172336765813881,1,,0.12601981987362165,2458.0,1.0,,
512638297,高潜力首购用户,2.507657633388155,1,,0.26467920134996487,163.0,1.0,,
512638682,高潜力首购用户,-0.04104197123101172,1,,0.07108500269613932,5203.0,0.0,,
512644000,高潜力首购用户,1.913238518488469,2,,0.22096325608384298,408.0,1.0,,
512648138,高潜力首购用户,0.6241015103282354,1,,0.10124329071905827,3567.0,0.0,,
512654548,高潜力首购用户,0.7990606171093697,1,,0.10355392021942068,3432.0,0.0,,
512656682,高潜力首购用户,1.60129392869006,2,,0.17258537993208664,1072.0,1.0,,
512657456,高潜力首购用户,0.1097009225524298,1,,0.07376189214625892,5058.0,0.0,,
512671368,高潜力首购用户,0.6601809406382003,1,,0.1088197612766475,3165.0,0.0,,
512671958,高潜力首购用户,1.2468586330342317,1,,0.13625875147610073,2071.0,1.0,,
512678230,高潜力首购用户,1.6378183824227868,1,,0.1667691703535256,1199.0,1.0,,
512678410,高潜力首购用户,0.6147116034091521,1,,0.09995437286150873,3632.0,0.0,,
512678456,高潜力首购用户,1.2122958918047797,1,,0.13566784984825253,2099.0,1.0,,
512685071,高潜力首购用户,2.4502986827292275,2,,0.2782299068935364,122.0,1.0,,
512687000,高潜力首购用户,0.4076723751386741,1,,0.09289072496025093,4011.0,0.0,,
512687979,高价值高摩擦用户,1.0125947777893602,0,9.444976035284986,,,,0.6015767389654952,479.0
512688682,高潜力首购用户,0.81893362168617,2,,0.12577811290579013,2465.0,1.0,,
512691979,高潜力首购用户,0.9099555672120102,1,,0.12319419340001835,2557.0,1.0,,
512692138,高潜力首购用户,1.9948372814097606,1,,0.2023530025164556,578.0,1.0,,
512694209,高价值高摩擦用户,1.9981301318929046,2,5.302936681067858,,,,0.2430126932696116,7984.0
512694707,高潜力首购用户,1.3930546592455757,2,,0.16809660500621068,1171.0,1.0,,
512696364,高潜力首购用户,1.6635315171169125,2,,0.20118413159849652,595.0,1.0,,
512701071,高潜力首购用户,0.8490094186466738,2,,0.12319666950996191,2555.0,1.0,,
512702297,高潜力首购用户,0.47843361539240187,1,,0.0935411470183711,3980.0,0.0,,
512702502,高潜力首购用户,2.82877939420005,4,,0.33746072806714683,42.0,1.0,,
512703230,高潜力首购用户,0.020439133039956776,1,,0.06937750681132988,5281.0,0.0,,
512705389,高潜力首购用户,0.810823670431038,1,,0.11559382966178303,2870.0,0.0,,
512705682,高潜力首购用户,2.031367275026537,1,,0.2032457609322079,569.0,1.0,,
512707728,高潜力首购用户,1.781746457876088,2,,0.19953304871999597,615.0,1.0,,
512708887,高潜力首购用户,2.411169333849705,1,,0.2491644104084376,219.0,1.0,,
512709887,高潜力首购用户,0.32398362522248186,1,,0.08353179889119798,4501.0,0.0,,
512711205,高潜力首购用户,1.5040767192814188,2,,0.16782871958880707,1174.0,1.0,,
512714138,高价值高摩擦用户,2.676470599666132,0,10.75207572297231,,,,0.8256348036267218,56.0
512717410,高潜力首购用户,1.2155932116718269,1,,0.131151956699474,2264.0,1.0,,
512718184,高潜力首购用户,0.009513605347654663,2,,0.0746168091284988,5005.0,0.0,,
512720527,高潜力首购用户,0.9576840073578957,1,,0.11040073256462384,3097.0,0.0,,
512722092,高潜力首购用户,1.2280936414680321,1,,0.12500398509040772,2496.0,1.0,,
512722138,高潜力首购用户,0.4434157974260839,2,,0.09891064894931405,3684.0,0.0,,
512722979,高价值高摩擦用户,3.0601345835848064,0,10.378924830240061,,,,0.6790694396903508,237.0
512723523,高潜力首购用户,1.1474598749664588,1,,0.13233496661030483,2222.0,1.0,,
512723753,高潜力首购用户,1.2923991478488233,1,,0.14286970369504706,1834.0,1.0,,
512729753,高潜力首购用户,3.5875950888780763,3,,0.4185350669391148,7.0,1.0,,
512730046,高潜力首购用户,2.1670382094721323,1,,0.21206463821427268,486.0,1.0,,
512735728,高潜力首购用户,0.45693234883972417,1,,0.08501988788940172,4422.0,0.0,,
512735774,高潜力首购用户,1.8981938382327979,2,,0.21891544077411743,425.0,1.0,,
512737728,高价值高摩擦用户,1.2685744817743594,0,5.5174629365749475,,,,0.1752274355017297,13573.0
512738000,高潜力首购用户,2.353606235391877,1,,0.23630538070257584,303.0,1.0,,
512738640,高潜力首购用户,1.6843795174008351,2,,0.18183089998112623,898.0,1.0,,
512742205,高潜力首购用户,1.829564943920726,1,,0.1790200814863416,950.0,1.0,,
512748004,高潜力首购用户,1.4209992321757838,3,,0.17807340737702743,969.0,1.0,,
512750523,高潜力首购用户,-0.0644298322481784,1,,0.06302029432744706,5404.0,0.0,,
512752092,高潜力首购用户,1.5024884575324673,1,,0.1554353480000662,1481.0,1.0,,
512752728,高潜力首购用户,1.0777858814136432,1,,0.12360466914703142,2544.0,1.0,,
512753230,高价值高摩擦用户,1.8786598472363114,0,5.632342734475168,,,,0.27170025583194074,6210.0
512755322,高潜力首购用户,0.8821811760011941,1,,0.11142289404375379,3051.0,0.0,,
512755368,高潜力首购用户,0.23341005558673744,1,,0.07811418017702666,4797.0,0.0,,
512763276,高潜力首购用户,0.88160279891276,1,,0.11965003166413449,2691.0,1.0,,
512766548,高潜力首购用户,0.47691814608802646,1,,0.08886028636725919,4215.0,0.0,,
512767117,高潜力首购用户,2.112635245066986,1,,0.2144947934385849,459.0,1.0,,
512767615,高潜力首购用户,0.6135734870129436,1,,0.09170287657708227,4057.0,0.0,,
512768092,高潜力首购用户,0.8414489395520649,1,,0.10551422884231439,3323.0,0.0,,
512769958,高潜力首购用户,1.503144114118867,1,,0.16264779056656978,1313.0,1.0,,
512772092,高潜力首购用户,1.8536659227419936,1,,0.19235984487846386,716.0,1.0,,
512774205,高潜力首购用户,1.5041874275288771,3,,0.20434914131985107,561.0,1.0,,
512775456,高潜力首购用户,0.7672714411359683,1,,0.10653353976951051,3271.0,0.0,,
512778799,高潜力首购用户,2.0199546158746267,1,,0.19564270911017084,661.0,1.0,,
512780297,高潜力首购用户,1.0988962057681164,1,,0.129828368285309,2313.0,1.0,,
512780753,高潜力首购用户,0.8195727973202044,2,,0.1373666137888855,2032.0,1.0,,
512781230,高潜力首购用户,1.4740945124398976,1,,0.15705843618267584,1435.0,1.0,,
512781682,高潜力首购用户,1.1266091095237605,1,,0.12765832503142036,2405.0,1.0,,
512782046,高潜力首购用户,2.4495303276845104,4,,0.29681182683461654,80.0,1.0,,
512782481,高潜力首购用户,1.9820046303855252,1,,0.20908857513066725,510.0,1.0,,
512783004,高潜力首购用户,0.2997905467227454,1,,0.08131319213749906,4615.0,0.0,,
512783046,高潜力首购用户,0.3304585627930497,1,,0.08413484399108075,4466.0,0.0,,
512783389,高潜力首购用户,2.4555352779116477,1,,0.23508511665790852,313.0,1.0,,
512783548,高潜力首购用户,1.4387004227473728,1,,0.12789955818284218,2391.0,1.0,,
512783640,高潜力首购用户,1.620518109439504,1,,0.1574891866960042,1423.0,1.0,,
512787343,高潜力首购用户,1.2567558304007218,3,,0.15980849599955996,1369.0,1.0,,
512789209,高潜力首购用户,1.508895009726831,1,,0.1570088707784734,1438.0,1.0,,
512791209,高潜力首购用户,1.1284470528549433,1,,0.133930612019595,2158.0,1.0,,
512791594,高潜力首购用户,0.9154493863435768,1,,0.11548008813712869,2881.0,0.0,,
512792297,高潜力首购用户,-0.039690323065545,1,,0.06954747007086376,5271.0,0.0,,
512794866,高价值高摩擦用户,0.8050997378767635,0,5.979358227112934,,,,0.3962109768188873,2251.0
512795435,高潜力首购用户,0.4396619273884464,1,,0.08864861925686472,4230.0,0.0,,
512795615,高潜力首购用户,1.8243365546508648,2,,0.1953623613960919,665.0,1.0,,
512805209,高潜力首购用户,0.8226675759365683,2,,0.11352102037478948,2955.0,0.0,,
512807799,高潜力首购用户,2.4385220984757914,3,,0.3078698996966614,66.0,1.0,,
512808594,高潜力首购用户,2.719212457934829,1,,0.2644937789160553,166.0,1.0,,
512813661,高潜力首购用户,0.4481679602401498,1,,0.08607779432032969,4371.0,0.0,,
512818343,高潜力首购用户,0.01346988136674678,1,,0.07486728576976319,4990.0,0.0,,
512819117,高潜力首购用户,1.6828649564839866,1,,0.17377129441972938,1055.0,1.0,,
512820205,高价值高摩擦用户,1.7713299390318262,0,7.069687036127962,,,,0.3389492734733987,3604.0
512827548,高价值高摩擦用户,0.7828898848665379,0,5.5512138760115946,,,,0.37729504037237516,2650.0
512828502,高潜力首购用户,0.9735300805449172,1,,0.11802044820705787,2760.0,0.0,,
512831841,高潜力首购用户,1.0760875817652804,2,,0.13573576630580259,2094.0,1.0,,
512832025,高价值高摩擦用户,1.045739145540585,0,7.257222130457477,,,,0.34958263847781845,3317.0
512833481,高潜力首购用户,1.4084922693901902,1,,0.1572413059478461,1433.0,1.0,,
512833841,高潜力首购用户,3.1608490180702487,6,,0.4138052345429875,8.0,1.0,,
512835686,高潜力首购用户,0.22241275193438503,1,,0.07715924242687712,4854.0,0.0,,
512837841,高潜力首购用户,1.3718335052453983,1,,0.14982772912965134,1624.0,1.0,,
512839640,高潜力首购用户,1.894848736175024,1,,0.18126045332593954,911.0,1.0,,
512840527,高潜力首购用户,1.2002360176828881,1,,0.1371047993020344,2041.0,1.0,,
512840933,高潜力首购用户,0.17689825682277183,1,,0.07617093823134807,4911.0,0.0,,
512842389,高潜力首购用户,1.6416666047436272,2,,0.18401143879056875,864.0,1.0,,
512847322,高潜力首购用户,-0.0572355924377298,1,,0.06637600568420646,5372.0,0.0,,
512850774,高潜力首购用户,1.2021381018632906,1,,0.1357726571868777,2090.0,1.0,,
512852209,高潜力首购用户,0.8730207701083047,1,,0.10739503128314493,3234.0,0.0,,
512854958,高潜力首购用户,0.8331161838280369,1,,0.10323393309759886,3458.0,0.0,,
512855004,高价值高摩擦用户,0.06913419664193361,0,6.2227888305123855,,,,0.267125615609927,6469.0
512869958,高价值高摩擦用户,0.7879895819907133,0,6.085155451224818,,,,0.3701446503623201,2820.0
512870933,高潜力首购用户,0.20292903940676485,1,,0.07842209491369162,4782.0,0.0,,
512874297,高潜力首购用户,1.8170297539675728,2,,0.21407694857834136,464.0,1.0,,
512877138,高潜力首购用户,2.271511033262927,1,,0.22848938641708352,354.0,1.0,,
512878205,高潜力首购用户,1.6759358174945869,2,,0.1769976393791949,995.0,1.0,,
512883502,高潜力首购用户,2.8117840459950574,1,,0.2797034287692953,117.0,1.0,,
512887728,高潜力首购用户,0.11083863825282209,1,,0.07385620450255369,5054.0,0.0,,
512889071,高潜力首购用户,1.9300388750773914,1,,0.18297113831418393,880.0,1.0,,
512889435,高潜力首购用户,1.7973300326905501,2,,0.206955075646268,534.0,1.0,,
512890481,高潜力首购用户,0.9644340489231968,1,,0.12384212088774124,2536.0,1.0,,
512890686,高潜力首购用户,1.0171884446420945,1,,0.12203830491339224,2603.0,1.0,,
512890841,高潜力首购用户,0.8650784599252278,1,,0.11477338396235431,2903.0,0.0,,
512894481,高潜力首购用户,1.1851986555959018,1,,0.13497534467097078,2117.0,1.0,,
512896092,高价值高摩擦用户,1.7759524621635523,0,5.63210743794931,,,,0.5689260338669098,604.0
512896887,高潜力首购用户,0.3466286403296166,1,,0.08308096188094392,4526.0,0.0,,
512899368,高潜力首购用户,0.6328545134458787,1,,0.09548622473752881,3880.0,0.0,,
512899887,高潜力首购用户,2.002624521809297,2,,0.22984900821771675,344.0,1.0,,
512904661,高潜力首购用户,1.7678130020366467,2,,0.19199335003820966,723.0,1.0,,
512906548,高潜力首购用户,2.1939616871271874,1,,0.20248775430556407,576.0,1.0,,
512907071,高潜力首购用户,1.2505147955421172,1,,0.1381886308655079,1996.0,1.0,,
512909410,高潜力首购用户,0.004626738389435873,1,,0.07482976265235361,4994.0,0.0,,
512910615,高潜力首购用户,2.075183730310376,1,,0.19957649770113225,614.0,1.0,,
512911343,高潜力首购用户,2.5693170790187954,1,,0.27152780991004066,141.0,1.0,,
512912389,高潜力首购用户,0.9926480750625339,2,,0.1310773579775351,2271.0,1.0,,
512912523,高潜力首购用户,0.007866690555629163,1,,0.07143888876034568,5191.0,0.0,,
512914389,高潜力首购用户,1.3026091860238007,1,,0.1444702147296704,1782.0,1.0,,
512914640,高潜力首购用户,0.6798931395096234,1,,0.10269233876939401,3485.0,0.0,,
512915230,高潜力首购用户,0.9150457097326732,1,,0.11143391658052075,3050.0,0.0,,
512916594,高潜力首购用户,1.98010386567978,1,,0.19413193777337034,694.0,1.0,,
512920481,高潜力首购用户,1.7380966884906617,1,,0.17811564644689235,968.0,1.0,,
512923343,高潜力首购用户,1.4943281279739107,1,,0.15720340349481163,1434.0,1.0,,
512925958,高潜力首购用户,0.7278526311319443,1,,0.1056990736028575,3313.0,0.0,,
512926548,高潜力首购用户,1.6548393508904624,4,,0.21767143507134362,435.0,1.0,,
512928774,高价值高摩擦用户,2.4910842404580418,0,6.240293388876526,,,,0.3975980504528835,2218.0
512929799,高潜力首购用户,1.3580478080926295,1,,0.1460391522565342,1735.0,1.0,,
512931138,高潜力首购用户,1.3560746343661736,2,,0.1568234171328603,1445.0,1.0,,
512931276,高价值高摩擦用户,2.0922043545368747,0,6.1307046141994865,,,,0.4160480282276277,1917.0
512932682,高潜力首购用户,0.20952576278735993,1,,0.07900217541101871,4753.0,0.0,,
512935343,高潜力首购用户,0.3615476486305697,2,,0.09040807496228562,4141.0,0.0,,
512935845,高价值高摩擦用户,0.31004893428668984,0,5.992406411107105,,,,0.295896584953152,5139.0
512936163,高潜力首购用户,2.7856426363379385,3,,0.331578066328109,44.0,1.0,,
512936343,高潜力首购用户,1.1346984414832137,1,,0.12425945691378422,2522.0,1.0,,
512938209,高潜力首购用户,0.520165052655659,1,,0.09010277459227116,4157.0,0.0,,
512940979,高潜力首购用户,0.7565454818187151,1,,0.09698472227708617,3797.0,0.0,,
512943276,高潜力首购用户,2.569440010643972,3,,0.28944046752643054,95.0,1.0,,
512945251,高潜力首购用户,2.200752305604154,1,,0.21871530328400512,429.0,1.0,,
512945343,高潜力首购用户,0.971006050057308,1,,0.11863091839642902,2737.0,0.0,,
512947820,高潜力首购用户,-0.045974265509047096,1,,0.06905598736758733,5290.0,0.0,,
512949728,高潜力首购用户,1.790295384581398,2,,0.19478280072184023,681.0,1.0,,
512949933,高潜力首购用户,0.5589368967962601,1,,0.09724888805271241,3773.0,0.0,,
512953502,高潜力首购用户,0.811724267782468,1,,0.1052090406928037,3337.0,0.0,,
512954071,高潜力首购用户,-0.020604041634257664,1,,0.07273899851760222,5122.0,0.0,,
512956569,高潜力首购用户,0.13788006940292763,1,,0.07613073552630654,4912.0,0.0,,
512960456,高潜力首购用户,0.8824311929727296,1,,0.11355817361473855,2951.0,0.0,,
512961845,高潜力首购用户,1.2766466491502948,1,,0.1420058820154079,1867.0,1.0,,
512963184,高潜力首购用户,0.722234348689922,1,,0.10505680539014708,3350.0,0.0,,
512967184,高潜力首购用户,2.127448947230377,2,,0.23832850176995002,287.0,1.0,,
512967682,高潜力首购用户,2.4277131869452844,2,,0.2531808196853706,204.0,1.0,,
512970435,高潜力首购用户,1.1892130628830648,1,,0.13635394253387095,2065.0,1.0,,
512973615,高潜力首购用户,1.9754226654874198,1,,0.19621861373654054,653.0,1.0,,
512977686,高潜力首购用户,0.969090336830473,1,,0.12218393613920535,2596.0,1.0,,
512979364,高潜力首购用户,1.0796036526779471,2,,0.12880361529136206,2358.0,1.0,,
512980092,高潜力首购用户,1.3486627570177274,1,,0.1389580391387978,1963.0,1.0,,
512983640,高潜力首购用户,1.8548986916414265,1,,0.1987008068953103,623.0,1.0,,
512985523,高潜力首购用户,1.1046627676835072,1,,0.1239738467465361,2530.0,1.0,,
512986230,高潜力首购用户,0.8128706403130925,1,,0.11114539767480526,3067.0,0.0,,
512988025,高潜力首购用户,0.9641144817992927,1,,0.1201769585995638,2671.0,1.0,,
512990841,高潜力首购用户,0.6932831834786491,1,,0.10409347835909748,3407.0,0.0,,
512991958,高价值高摩擦用户,2.622073000775378,0,8.669066279499438,,,,0.654369171324898,296.0
512995184,高潜力首购用户,2.7163433105541253,3,,0.3280382562894474,46.0,1.0,,
512996979,高潜力首购用户,1.4745897267715227,2,,0.17702940774584514,994.0,1.0,,
512998774,高潜力首购用户,0.5003110744815961,2,,0.10333948591030179,3450.0,0.0,,
512999866,高价值高摩擦用户,1.3584383173552446,0,5.380194928308315,,,,0.25813838018592633,7007.0
513004435,高潜力首购用户,-0.05970306873961129,1,,0.06799339239520893,5333.0,0.0,,
513004799,高价值高摩擦用户,2.1596547198971705,0,8.569850155583364,,,,0.47768266201695564,1196.0
513009138,高潜力首购用户,1.205565693196877,1,,0.13052504128928671,2293.0,1.0,,
513011569,高潜力首购用户,2.027789835275748,2,,0.2176570797996495,436.0,1.0,,
513014912,高潜力首购用户,1.285394959920457,1,,0.13425964313268973,2143.0,1.0,,
513017548,高潜力首购用户,0.6527752635863797,1,,0.10445130967196432,3392.0,0.0,,
513018297,高潜力首购用户,0.6046890448171588,1,,0.09701535802599258,3795.0,0.0,,
513018410,高潜力首购用户,-0.06395387120118667,1,,0.06766746985096189,5342.0,0.0,,
513019343,高潜力首购用户,2.9521415343247335,2,,0.3192590745877413,53.0,1.0,,
513020163,高价值高摩擦用户,1.4625395584578165,0,5.936955561607588,,,,0.3931319762895805,2299.0
513021000,高潜力首购用户,1.922205415746135,1,,0.19282028504649854,711.0,1.0,,
513022025,高潜力首购用户,2.4026097523070593,1,,0.25536337543614596,193.0,1.0,,
513023753,高潜力首购用户,1.9208373140410753,1,,0.18667712481822205,815.0,1.0,,
513026025,高潜力首购用户,1.34811189368855,1,,0.1558523669787516,1469.0,1.0,,
513029686,高潜力首购用户,1.1641417257633695,1,,0.14121306699564237,1890.0,1.0,,
513029707,高潜力首购用户,0.6383546948066579,1,,0.0980435789608431,3735.0,0.0,,
513034523,高潜力首购用户,1.109901454265336,1,,0.11434175750381018,2919.0,0.0,,
513035389,高潜力首购用户,2.784627936743171,2,,0.30347804909963483,69.0,1.0,,
513035887,高潜力首购用户,2.179035574050532,2,,0.21995627495225867,416.0,1.0,,
513036640,高价值高摩擦用户,1.427713324040336,0,5.945263528207268,,,,0.37253472586898534,2762.0
513043092,高潜力首购用户,1.0279055732022222,1,,0.11093217211592855,3074.0,0.0,,
513046707,高潜力首购用户,2.176028293377657,6,,0.27452826639272293,132.0,1.0,,
513048410,高潜力首购用户,-0.04996002206926098,1,,0.07037422353698213,5246.0,0.0,,
513049163,高潜力首购用户,0.12052808028073919,1,,0.07847865304199,4778.0,0.0,,
513049912,高潜力首购用户,1.6552873933162449,1,,0.17126923420333343,1098.0,1.0,,
513053661,高价值高摩擦用户,0.6480957774448977,0,5.2114686557533805,,,,0.18640825119433152,12602.0
513054184,高潜力首购用户,1.326896439988065,1,,0.1445695845652973,1779.0,1.0,,
513054276,高潜力首购用户,0.04919526020816212,1,,0.07685419941080264,4870.0,0.0,,
513054799,高潜力首购用户,1.6563946349478076,1,,0.18544708250974007,835.0,1.0,,
513056092,高潜力首购用户,1.3963458356442058,1,,0.15357414728786054,1524.0,1.0,,
513056887,高潜力首购用户,1.044862490784986,1,,0.11211560107028579,3017.0,0.0,,
513062527,高潜力首购用户,1.2652398651445738,2,,0.15898002235196343,1389.0,1.0,,
513063117,高潜力首购用户,1.1540907329251404,1,,0.14573283268417003,1745.0,1.0,,
513064368,高潜力首购用户,0.6757383087326079,1,,0.09642062319444358,3823.0,0.0,,
513067686,高潜力首购用户,1.2746480239066047,1,,0.13409830588986757,2152.0,1.0,,
513070799,高潜力首购用户,1.9968508390417679,1,,0.19866146515592412,625.0,1.0,,
513079251,高潜力首购用户,2.0622968480131827,1,,0.20656138107853078,543.0,1.0,,
513085117,高潜力首购用户,0.022195880366325717,1,,0.0702772107103767,5249.0,0.0,,
513085481,高潜力首购用户,0.28918703587383815,1,,0.07581413663257731,4934.0,0.0,,
513087594,高潜力首购用户,1.5947756203895935,1,,0.1639509482761958,1279.0,1.0,,
513091046,高潜力首购用户,0.6296755753444973,1,,0.09515380598312297,3903.0,0.0,,
513095004,高潜力首购用户,0.48250386757814195,1,,0.09647089053736316,3820.0,0.0,,
513101368,高潜力首购用户,1.4769076052464039,1,,0.1552800538923824,1485.0,1.0,,
513102523,高潜力首购用户,0.914089396284024,1,,0.11958499710479073,2694.0,1.0,,
513102707,高潜力首购用户,1.5710219535932677,2,,0.16820112363818857,1166.0,1.0,,
513104410,高潜力首购用户,0.7012221908657313,1,,0.11007572387857972,3112.0,0.0,,
513104594,高潜力首购用户,1.1142550653821193,1,,0.12746137523300574,2409.0,1.0,,
513105502,高潜力首购用户,1.9383835323104472,2,,0.21419722510660655,461.0,1.0,,
513112364,高潜力首购用户,0.43868147270268115,1,,0.08517713036443161,4417.0,0.0,,
513115184,高潜力首购用户,0.21508694725521604,1,,0.06895240212369375,5296.0,0.0,,
513118820,高潜力首购用户,2.0512028034383363,1,,0.19533971164268407,668.0,1.0,,
513120046,高潜力首购用户,0.6393394478277674,1,,0.10030782285253607,3620.0,0.0,,
513123866,高潜力首购用户,3.3107091915294222,5,,0.4463530720486663,4.0,1.0,,
513126004,高潜力首购用户,1.7063402593907255,1,,0.17085643880459056,1109.0,1.0,,
513126548,高潜力首购用户,0.784826973715749,1,,0.10616559456044274,3289.0,0.0,,
513130163,高潜力首购用户,2.1582723585322845,1,,0.22387036070540678,387.0,1.0,,
513133887,高潜力首购用户,1.484622297828157,1,,0.14009264225553367,1925.0,1.0,,
513136368,高潜力首购用户,1.3197948714959638,1,,0.14438309004724512,1786.0,1.0,,
513138866,高潜力首购用户,1.2574448070970874,1,,0.13672189240579138,2049.0,1.0,,
513145364,高潜力首购用户,1.3685709205589562,2,,0.1670927200921384,1187.0,1.0,,
513145841,高潜力首购用户,2.245384157295971,2,,0.24568025552053646,238.0,1.0,,
513151866,高潜力首购用户,1.344138765283006,1,,0.14422292809842793,1791.0,1.0,,
513152912,高潜力首购用户,0.777113128191118,1,,0.10418215368769881,3404.0,0.0,,
513156682,高潜力首购用户,2.0426454997104115,1,,0.21096960636142312,491.0,1.0,,
513156707,高价值高摩擦用户,2.0949375224219096,0,9.613498376321518,,,,0.574122738340211,585.0
513161092,高潜力首购用户,0.8533240786624773,1,,0.11192076078142406,3027.0,0.0,,
513164594,高潜力首购用户,1.2157084573814025,1,,0.13579522424158777,2089.0,1.0,,
513167368,高潜力首购用户,2.64709032739694,1,,0.2770386136722381,127.0,1.0,,
513170527,高潜力首购用户,0.15232671351503366,1,,0.07410052853613622,5045.0,0.0,,
513173640,高潜力首购用户,1.1916793598174467,2,,0.1420778118559673,1863.0,1.0,,
513173686,高潜力首购用户,1.1795315029356015,1,,0.1463566421880431,1725.0,1.0,,
513175389,高潜力首购用户,0.3330233041164012,1,,0.08536511961953215,4409.0,0.0,,
513176527,高潜力首购用户,1.5700826185162793,1,,0.15503177753425937,1488.0,1.0,,
513178251,高潜力首购用户,0.7953909284678434,1,,0.11170643359577587,3037.0,0.0,,
513185523,高潜力首购用户,1.1134403883275235,1,,0.13262811669843969,2207.0,1.0,,
513186004,高潜力首购用户,0.8424594725865919,2,,0.13592045099606795,2082.0,1.0,,
513188682,高潜力首购用户,1.053508162192636,1,,0.1287945750159658,2359.0,1.0,,
513188933,高潜力首购用户,1.319539097191189,1,,0.14479519134909763,1772.0,1.0,,
513189322,高潜力首购用户,0.8176669907968787,1,,0.11239105074758192,3011.0,0.0,,
513189410,高潜力首购用户,1.01707708997284,1,,0.12095453765375783,2636.0,1.0,,
513192071,高价值高摩擦用户,0.7598551750958072,0,5.249984597757387,,,,0.22652533337486244,9233.0
513196682,高潜力首购用户,1.4119561708116244,1,,0.1574243676236586,1425.0,1.0,,
513196912,高潜力首购用户,1.780212782746595,2,,0.1956437170680247,660.0,1.0,,
513198410,高潜力首购用户,1.6471971701512895,2,,0.19563383086522637,662.0,1.0,,
513199025,高潜力首购用户,1.7216910378954893,2,,0.20631816742921003,544.0,1.0,,
513206799,高潜力首购用户,0.6527874106033679,2,,0.10597342952956887,3296.0,0.0,,
513208025,高潜力首购用户,2.104648982937373,1,,0.21167044857330583,489.0,1.0,,
513208251,高潜力首购用户,1.70992184497707,1,,0.18051085985562412,927.0,1.0,,
513209481,高潜力首购用户,1.2530720748004829,1,,0.1284235789265293,2370.0,1.0,,
513209640,高价值高摩擦用户,1.3763270141380273,0,7.288641622185702,,,,0.4915416242697736,1075.0
513211000,高潜力首购用户,2.2754381883630024,1,,0.20812593172729024,525.0,1.0,,
513211799,高潜力首购用户,2.8734373414838097,1,,0.29173031160227386,89.0,1.0,,
513212481,高潜力首购用户,1.679951093970787,2,,0.20161438902225204,590.0,1.0,,
513215594,高潜力首购用户,1.544358542359209,1,,0.16151677312382623,1330.0,1.0,,
513219368,高潜力首购用户,1.3768984213204956,1,,0.1397228357965935,1936.0,1.0,,
513220092,高价值高摩擦用户,2.302337208440117,0,5.94374381089657,,,,0.5208564554959324,853.0
513223845,高价值高摩擦用户,1.2132345047087523,0,5.614192692259373,,,,0.2615533806297075,6781.0
513227251,高潜力首购用户,2.71382301924214,2,,0.3175171895134436,55.0,1.0,,
513235866,高价值高摩擦用户,1.4402804441332036,0,5.888171337544069,,,,0.41652976730994357,1907.0
513236456,高潜力首购用户,0.49643392206111286,1,,0.08700947415951821,4326.0,0.0,,
513236845,高潜力首购用户,1.2495792442240212,1,,0.14077101721439322,1904.0,1.0,,
513243866,高潜力首购用户,1.3161154977066738,1,,0.14134930507427287,1886.0,1.0,,
513250728,高潜力首购用户,1.1096312674005842,1,,0.13130609955750214,2255.0,1.0,,
513253481,高潜力首购用户,1.107964374390643,1,,0.12597429094578988,2460.0,1.0,,
513254774,高潜力首购用户,1.3780677803072134,3,,0.19786822541073884,634.0,1.0,,
513255866,高潜力首购用户,0.9186286858813889,2,,0.13363761223607995,2168.0,1.0,,
513258205,高潜力首购用户,0.7731638393508377,1,,0.11891659157334204,2725.0,0.0,,
513258799,高潜力首购用户,2.0052010181918027,1,,0.19016804943828758,752.0,1.0,,
513259682,高潜力首购用户,2.176224820237849,2,,0.24279263444842475,258.0,1.0,,
513259887,高潜力首购用户,2.3154268899336174,1,,0.22500508382710446,377.0,1.0,,
513260000,高潜力首购用户,1.2288528969223609,1,,0.13725768993474782,2034.0,1.0,,
513261230,高潜力首购用户,2.193586284887392,1,,0.2104916218936939,500.0,1.0,,
513267481,高潜力首购用户,0.6545344629483277,1,,0.10198296831255599,3528.0,0.0,,
513271661,高潜力首购用户,2.2065912605881874,1,,0.2183825291753583,431.0,1.0,,
513272046,高价值高摩擦用户,3.0676087885830445,2,6.869136213374096,,,,0.5358370846782813,766.0
513278569,高潜力首购用户,1.0309334843706714,1,,0.1222932962408048,2583.0,1.0,,
513280092,高潜力首购用户,1.8698599614523712,1,,0.19534209396292534,667.0,1.0,,
513280184,高潜力首购用户,1.6031035589063833,1,,0.1653398790498449,1232.0,1.0,,
513280661,高价值高摩擦用户,2.941775646574893,0,10.061516985977635,,,,0.7523963812543522,119.0
513281866,高潜力首购用户,2.993211163382679,2,,0.3190080003690321,54.0,1.0,,
513281979,高潜力首购用户,1.657775782918961,1,,0.15331288247598887,1534.0,1.0,,
513282343,高潜力首购用户,1.8276273250252786,1,,0.1831023554525821,876.0,1.0,,
513293117,高价值高摩擦用户,1.7821283751912615,0,5.36090476673647,,,,0.38651747517150437,2444.0
513293276,高潜力首购用户,2.6230031104842735,1,,0.24477936694626545,244.0,1.0,,
513294527,高价值高摩擦用户,1.8124652139172819,0,6.783983894355776,,,,0.41914539063849937,1873.0
513296205,高潜力首购用户,0.19266313219664208,1,,0.07212195146533941,5153.0,0.0,,
513300933,高潜力首购用户,1.425336790690432,1,,0.1520248783021565,1562.0,1.0,,
513301322,高潜力首购用户,0.8432465721333363,1,,0.12547694743531554,2478.0,1.0,,
513302661,高价值高摩擦用户,1.8204494133113351,2,5.706218720284654,,,,0.2542912917233969,7228.0
513303322,高潜力首购用户,1.7743135427201338,1,,0.17976431275285534,939.0,1.0,,
513304979,高潜力首购用户,0.9304195026680285,1,,0.11268660061533216,3000.0,0.0,,
513305594,高潜力首购用户,0.256196642024909,1,,0.07724659693258744,4848.0,0.0,,
513306276,高潜力首购用户,1.56856859564277,1,,0.16032422304714675,1359.0,1.0,,
513313707,高潜力首购用户,1.8277017016229724,2,,0.2204437861417587,412.0,1.0,,
513316205,高潜力首购用户,1.2482387614049275,1,,0.14779078785144742,1689.0,1.0,,
513317046,高潜力首购用户,2.47752380326364,1,,0.24463298690248955,245.0,1.0,,
513319004,高潜力首购用户,0.13828228486371605,1,,0.08004983034457384,4683.0,0.0,,
513321163,高潜力首购用户,1.4582936278318457,4,,0.1671932812126791,1185.0,1.0,,
513324322,高潜力首购用户,1.958818825908038,1,,0.19706327429736265,642.0,1.0,,
513324481,高潜力首购用户,1.4737767100986552,1,,0.1566735437484963,1448.0,1.0,,
513327297,高潜力首购用户,0.1952888465505691,1,,0.08529054437214272,4411.0,0.0,,
513328046,高潜力首购用户,1.4027020089415292,1,,0.13676824464611767,2048.0,1.0,,
513329368,高潜力首购用户,0.030894670797248728,1,,0.07096955265666223,5215.0,0.0,,
513330092,高潜力首购用户,1.1445316670495524,1,,0.12866424887115108,2363.0,1.0,,
513334004,高价值高摩擦用户,1.2724439138198942,0,10.212543076716667,,,,0.7558542371315544,115.0
513334456,高潜力首购用户,0.44216277289602807,1,,0.09234297112609803,4028.0,0.0,,
513336004,高潜力首购用户,1.692037412310767,1,,0.17262963137316506,1071.0,1.0,,
513338205,高潜力首购用户,1.8961628961238575,1,,0.17690996141119913,999.0,1.0,,
513340389,高潜力首购用户,2.0474332027163125,3,,0.224124278668007,383.0,1.0,,
513346728,高潜力首购用户,1.1550559116030963,1,,0.1307458443358003,2284.0,1.0,,
513347046,高价值高摩擦用户,0.9765307039557373,0,7.124123932415147,,,,0.3709518337506255,2800.0
513351000,高潜力首购用户,1.412966171759084,1,,0.14749244097144706,1695.0,1.0,,
513352979,高潜力首购用户,0.5577679013546243,1,,0.09172732749483059,4054.0,0.0,,
513354230,高潜力首购用户,1.1491616182073237,1,,0.13701196688542508,2043.0,1.0,,
513363163,高潜力首购用户,2.172425767011697,1,,0.22418317956109687,382.0,1.0,,
513363820,高潜力首购用户,2.0411469222762197,2,,0.22959981059544501,347.0,1.0,,
513364456,高潜力首购用户,1.240346232820738,1,,0.13796884084885816,2004.0,1.0,,
513365481,高潜力首购用户,1.0708427110914591,1,,0.12638365195390264,2444.0,1.0,,
513367887,高潜力首购用户,1.0314934757206897,1,,0.1268548022087955,2424.0,1.0,,
513370523,高潜力首购用户,1.3074983341533086,1,,0.138791565341626,1968.0,1.0,,
513371251,高潜力首购用户,1.733377291280635,1,,0.17353361680835366,1061.0,1.0,,
513372456,高潜力首购用户,0.4698839146229384,1,,0.08047908373108523,4658.0,0.0,,
513375410,高价值高摩擦用户,1.5948213594841463,0,6.949729675898274,,,,0.33318167392998815,3758.0
513377527,高潜力首购用户,1.9463223101888456,1,,0.19192223996459792,726.0,1.0,,
513377686,高潜力首购用户,0.9264875129413731,1,,0.11998531527034476,2676.0,1.0,,
513381912,高潜力首购用户,1.3930546592455757,2,,0.16809660500621068,1171.0,1.0,,
513383594,高潜力首购用户,1.7904461819132713,2,,0.21257773726435344,478.0,1.0,,
513384343,高潜力首购用户,1.007569673050015,1,,0.12267218917865652,2567.0,1.0,,
513384548,高潜力首购用户,2.8865891238872607,1,,0.27690767937199945,128.0,1.0,,
513386640,高潜力首购用户,1.4098942670933534,1,,0.1384967137551403,1983.0,1.0,,
513386841,高价值高摩擦用户,0.21705875452595025,0,5.397121435606618,,,,0.4087068571247349,2026.0
513388117,高潜力首购用户,1.5266692583422425,1,,0.15932362189755417,1377.0,1.0,,
513389841,高潜力首购用户,1.7445167774819144,1,,0.17745298093303088,983.0,1.0,,
513389887,高潜力首购用户,2.665278492565841,1,,0.2709852669795407,142.0,1.0,,
513390138,高潜力首购用户,1.57207876987946,1,,0.15942994638894942,1373.0,1.0,,
513394000,高价值高摩擦用户,2.007331607771538,9,7.8942677270042765,,,,0.533147936449179,784.0
513394230,高潜力首购用户,2.0435806365764244,1,,0.21270251672968002,475.0,1.0,,
513395435,高潜力首购用户,0.7225332327148282,1,,0.10744802012102295,3231.0,0.0,,
513401661,高潜力首购用户,0.7265134301642805,1,,0.1137847723078876,2944.0,0.0,,
513403230,高潜力首购用户,1.9273123631784423,1,,0.19510827711310005,675.0,1.0,,
513405163,高潜力首购用户,1.0117192200351723,1,,0.11081388476467025,3078.0,0.0,,
513407092,高潜力首购用户,1.585725644374832,1,,0.16187561652828697,1326.0,1.0,,
513408230,高潜力首购用户,1.526224904652682,1,,0.16525274005517676,1234.0,1.0,,
513408640,高价值高摩擦用户,0.08803729984298751,0,6.31381974849314,,,,0.40491678386695557,2095.0
513410774,高潜力首购用户,1.3273449254436664,1,,0.14301008477799584,1831.0,1.0,,
513413640,高潜力首购用户,0.8028902415960593,1,,0.10254491275394334,3491.0,0.0,,
513414163,高潜力首购用户,2.4762193963729744,1,,0.2406326327490129,274.0,1.0,,
513417912,高潜力首购用户,1.3854885109985495,1,,0.14460245988422865,1777.0,1.0,,
513420594,高潜力首购用户,1.4226188891247198,1,,0.14634069696747196,1726.0,1.0,,
513422000,高潜力首购用户,1.7040736444476694,2,,0.1919533254575348,725.0,1.0,,
513422841,高潜力首购用户,0.5969176259687984,1,,0.10531115448462851,3333.0,0.0,,
513426004,高潜力首购用户,0.18927427607037894,1,,0.07995418604424097,4687.0,0.0,,
513427753,高潜力首购用户,0.7761020520050219,1,,0.1029460606344337,3471.0,0.0,,
513428523,高潜力首购用户,1.5934037385866289,1,,0.164326320082738,1262.0,1.0,,
513432184,高潜力首购用户,1.472882803181582,1,,0.17046266291679285,1117.0,1.0,,
513432523,高潜力首购用户,1.903416330271672,1,,0.1923461490218718,717.0,1.0,,
513433230,高价值高摩擦用户,0.9320757079053296,0,7.742419382776191,,,,0.4629315529546455,1346.0
513433958,高潜力首购用户,1.6997867981711794,1,,0.17649352115663883,1006.0,1.0,,
513434364,高潜力首购用户,0.4196884806033719,2,,0.09597097208400346,3848.0,0.0,,
513434845,高价值高摩擦用户,1.0350994429173406,0,7.461284006871783,,,,0.3515648204192734,3268.0
513434958,高价值高摩擦用户,1.0506811338005466,1,5.480382480206851,,,,0.1488544118049098,15618.0
513435933,高潜力首购用户,1.1981133155013526,1,,0.1406046592166821,1911.0,1.0,,
513436276,高潜力首购用户,1.826200619231822,1,,0.18529864313425237,841.0,1.0,,
513436297,高潜力首购用户,1.228270769719462,1,,0.13019335838270452,2305.0,1.0,,
513436548,高价值高摩擦用户,1.546006312088038,0,6.94075153210983,,,,0.4898993007749648,1087.0
513437251,高潜力首购用户,1.9474298339613174,2,,0.2070489617616663,533.0,1.0,,
513438707,高潜力首购用户,1.0605077183471583,2,,0.1362545433879025,2072.0,1.0,,
513438845,高潜力首购用户,0.8628208989800146,1,,0.11715207680545227,2801.0,0.0,,
513442138,高潜力首购用户,1.6307657858106115,1,,0.1646562272319019,1251.0,1.0,,
513442912,高潜力首购用户,2.557227543126687,1,,0.26457261195120907,164.0,1.0,,
513443594,高潜力首购用户,1.3605416091752893,1,,0.14520872233676,1761.0,1.0,,
513445753,高潜力首购用户,1.2761265742293428,1,,0.13650933305777846,2058.0,1.0,,
513447410,高潜力首购用户,1.276025505874828,2,,0.1560209372424663,1463.0,1.0,,
513448046,高潜力首购用户,1.3180997103081762,1,,0.1417898054909801,1873.0,1.0,,
513458548,高潜力首购用户,0.7686212818631527,1,,0.10852572001252617,3180.0,0.0,,
513459276,高潜力首购用户,1.0915008290828834,1,,0.12758545466682075,2407.0,1.0,,
513459820,高潜力首购用户,1.8905980343092468,1,,0.18313389320449258,874.0,1.0,,
513465845,高价值高摩擦用户,1.7634496796090673,0,5.743076445199354,,,,0.3155750464342995,4353.0
513469774,高价值高摩擦用户,3.0173770179547343,0,5.3152420821162565,,,,0.2689346310416657,6378.0
513471456,高潜力首购用户,0.9572388270033221,2,,0.1178331508733272,2767.0,0.0,,
513471481,高潜力首购用户,1.1625078033340361,2,,0.15180349846687813,1569.0,1.0,,
513472456,高潜力首购用户,1.3896510391388854,1,,0.12833360165232732,2375.0,1.0,,
513474322,高潜力首购用户,2.3275607581697035,3,,0.2590111304953939,178.0,1.0,,
513475866,高潜力首购用户,0.7604648393014194,4,,0.13770229829808958,2014.0,1.0,,
513479389,高价值高摩擦用户,1.8497567386985627,0,6.606795445917781,,,,0.5287448406874009,811.0
513479640,高潜力首购用户,1.2834434505062922,1,,0.13755856260811947,2024.0,1.0,,
513480435,高潜力首购用户,1.0920941556348716,1,,0.12766555954609768,2403.0,1.0,,
513486025,高潜力首购用户,0.9954655289992144,1,,0.1017621958972493,3540.0,0.0,,
513490615,高潜力首购用户,1.1508460187600342,1,,0.1244141662299476,2519.0,1.0,,
513495594,高潜力首购用户,1.6536829314341412,1,,0.1814513220011173,908.0,1.0,,
513498640,高潜力首购用户,0.942406714937662,1,,0.12311613647157572,2559.0,1.0,,
513499004,高潜力首购用户,0.49218701291850664,1,,0.09037082005739441,4144.0,0.0,,
513504410,高潜力首购用户,0.5212715764759522,1,,0.088507994076901,4234.0,0.0,,
513504686,高潜力首购用户,1.4405672308435424,1,,0.1420602916492013,1864.0,1.0,,
513505933,高价值高摩擦用户,1.7069949888031168,1,6.907295173149681,,,,0.5796665511809019,564.0
513508209,高潜力首购用户,1.5886274730889205,1,,0.1733533061754659,1065.0,1.0,,
513509410,高潜力首购用户,1.885058799944962,1,,0.19154701189454532,733.0,1.0,,
513509753,高潜力首购用户,2.1787689115094744,1,,0.2275412049527727,358.0,1.0,,
513510025,高潜力首购用户,1.196238073458274,1,,0.13493534561226048,2122.0,1.0,,
513511569,高潜力首购用户,2.2983257690262158,1,,0.22388141149950788,386.0,1.0,,
513512799,高潜力首购用户,0.054180466433361774,1,,0.06870288699247931,5305.0,0.0,,
513516117,高潜力首购用户,0.46893436138127426,1,,0.09571395144169749,3867.0,0.0,,
513519502,高潜力首购用户,3.4404298406958156,8,,0.486935671685142,2.0,1.0,,
513521071,高价值高摩擦用户,3.0139110148513875,0,8.101016923097639,,,,0.4114451238990666,1977.0
513524912,高潜力首购用户,1.8932045191853728,1,,0.2022751574355966,580.0,1.0,,
513525322,高潜力首购用户,1.9137503801421751,1,,0.19176703284471572,729.0,1.0,,
513527251,高潜力首购用户,-0.06293457030302602,1,,0.07284841129172687,5115.0,0.0,,
513529004,高潜力首购用户,2.9477466860990162,9,,0.420216681778691,6.0,1.0,,
513529774,高价值高摩擦用户,1.09544607643453,0,5.448081295781815,,,,0.16468214783412718,14448.0
513530138,高价值高摩擦用户,1.1708020277424593,0,6.414671336692304,,,,0.41803877885298857,1883.0
513531523,高潜力首购用户,0.20709493785664665,1,,0.07310788977494465,5098.0,0.0,,
513531774,高价值高摩擦用户,1.1731489505592496,0,6.94392904721743,,,,0.3163085678115194,4323.0
513535640,高潜力首购用户,1.9095228089422889,1,,0.1942555820210283,690.0,1.0,,
513536410,高潜力首购用户,0.4458636602612751,1,,0.0893571817061916,4194.0,0.0,,
513538297,高潜力首购用户,1.896216263880801,1,,0.18922075579846642,770.0,1.0,,
513549297,高潜力首购用户,0.49463260397947506,1,,0.0941836887264171,3950.0,0.0,,
513552456,高潜力首购用户,1.2621913901308888,1,,0.14411250706214074,1793.0,1.0,,
513555205,高潜力首购用户,1.368405582310834,1,,0.13823549725290457,1994.0,1.0,,
513558661,高潜力首购用户,3.2227414458681367,3,,0.3787265887997252,17.0,1.0,,
513566820,高潜力首购用户,2.0331602705879175,1,,0.18427938117973724,858.0,1.0,,
513569912,高潜力首购用户,1.641699723174255,1,,0.15913404136940043,1384.0,1.0,,
513572209,高潜力首购用户,2.437434239261248,1,,0.24321049597092423,255.0,1.0,,
513584322,高价值高摩擦用户,2.754268758325908,0,5.2418175593085525,,,,0.4090541696087619,2021.0
513586569,高潜力首购用户,1.5178915186181239,2,,0.17416846042133377,1051.0,1.0,,
513586753,高潜力首购用户,1.762819310800506,1,,0.1605887496754236,1352.0,1.0,,
513587230,高潜力首购用户,2.14288181267508,1,,0.2001398128064958,604.0,1.0,,
513589845,高潜力首购用户,1.1316199545581924,1,,0.14818836049502143,1675.0,1.0,,
513591000,高潜力首购用户,0.8494942975708097,1,,0.12047485782470171,2658.0,1.0,,
513593205,高潜力首购用户,1.6619487832597413,1,,0.1800550764636856,932.0,1.0,,
513594820,高潜力首购用户,0.8239979504713008,2,,0.12645492989366214,2441.0,1.0,,
513602502,高价值高摩擦用户,0.39395555457270337,0,5.835249237398505,,,,0.21622818590383344,10024.0
513602933,高潜力首购用户,1.7132499506722645,1,,0.17204669734508551,1086.0,1.0,,
513604343,高潜力首购用户,2.2554091890292605,2,,0.25431737517387687,199.0,1.0,,
513607117,高潜力首购用户,1.6020057592989982,1,,0.1542067256174847,1508.0,1.0,,
513612435,高潜力首购用户,0.7752998853620842,1,,0.11888839819513262,2730.0,0.0,,
513612841,高潜力首购用户,2.111593890157,1,,0.21620666396574728,446.0,1.0,,
513616046,高潜力首购用户,0.28619005509041134,1,,0.07987926760731459,4691.0,0.0,,
513616205,高潜力首购用户,0.10515344428415259,1,,0.06952904066845743,5272.0,0.0,,
513617912,高潜力首购用户,1.0202072344676958,1,,0.12630020994090183,2448.0,1.0,,
513618389,高价值高摩擦用户,2.2317763737637706,0,9.852827478674767,,,,0.6000437296550474,486.0
513619682,高潜力首购用户,1.7323523212522867,1,,0.15922497634891522,1380.0,1.0,,
513622343,高潜力首购用户,1.7234269232568178,2,,0.19212353904602267,721.0,1.0,,
513627389,高潜力首购用户,1.624278695264173,1,,0.16562567516030074,1225.0,1.0,,
513634523,高潜力首购用户,0.5703015254173107,1,,0.0989707456057553,3679.0,0.0,,
513635209,高价值高摩擦用户,0.37915368019766094,0,7.901132969990343,,,,0.3536640539948254,3203.0
513635435,高潜力首购用户,1.8993558835886766,1,,0.19998050513205637,607.0,1.0,,
513637092,高潜力首购用户,0.12011088122365826,1,,0.07146444849371976,5189.0,0.0,,
513637799,高潜力首购用户,1.6496531281827067,1,,0.15727275290028422,1431.0,1.0,,
513639707,高潜力首购用户,2.255029748590195,2,,0.24276064305866532,259.0,1.0,,
513642979,高潜力首购用户,1.0243004474182789,1,,0.12242816600680549,2578.0,1.0,,
513644138,高价值高摩擦用户,0.9270698356526418,0,6.293262519795174,,,,0.27658247462402463,5971.0
513644933,高潜力首购用户,0.8066768600351429,1,,0.10361711175071475,3431.0,0.0,,
513646163,高潜力首购用户,0.3946790788900023,1,,0.09553488505356879,3878.0,0.0,,
513648364,高潜力首购用户,0.7391870786297884,1,,0.10566830749714928,3315.0,0.0,,
513648686,高潜力首购用户,1.237746632163166,1,,0.1326304592696473,2206.0,1.0,,
513655163,高潜力首购用户,1.5797679869459582,1,,0.1759703440967491,1016.0,1.0,,
513658004,高潜力首购用户,0.9778752254701747,1,,0.13051348695638054,2295.0,1.0,,
513659025,高潜力首购用户,1.5601563563364023,1,,0.1559528180674857,1466.0,1.0,,
513665979,高价值高摩擦用户,3.168977228115399,0,7.583209355636015,,,,0.5190943148923878,864.0
513668527,高价值高摩擦用户,1.4904202460897018,0,5.461392391396126,,,,0.1889372731286154,12361.0
513670004,高潜力首购用户,1.964491800317046,1,,0.1887317663940884,779.0,1.0,,
513670092,高潜力首购用户,0.18044604293457175,1,,0.0764742261016817,4893.0,0.0,,
513670774,高潜力首购用户,0.08766682470613597,1,,0.0756448142739832,4946.0,0.0,,
513670866,高潜力首购用户,2.069230074506412,1,,0.19158503274669322,731.0,1.0,,
513672322,高潜力首购用户,0.7056332563747959,1,,0.10828023625116032,3193.0,0.0,,
513673979,高潜力首购用户,2.479010174028501,1,,0.2487423944817593,222.0,1.0,,
513683523,高潜力首购用户,1.0873222736622383,1,,0.132356040445391,2220.0,1.0,,
513684251,高潜力首购用户,0.9370381253651877,1,,0.11850772870030568,2745.0,0.0,,
513691845,高潜力首购用户,1.4729156607050913,1,,0.15686927598653735,1441.0,1.0,,
513693138,高潜力首购用户,3.1577294627643133,1,,0.3195501549907429,52.0,1.0,,
513698728,高价值高摩擦用户,2.912048184437026,0,9.91730223060481,,,,0.7396512817526606,137.0
513699046,高潜力首购用户,0.8038159431025894,2,,0.11937343897701672,2704.0,1.0,,
513713799,高潜力首购用户,0.5906180798653414,1,,0.09298431248854817,4006.0,0.0,,
513714640,高潜力首购用户,1.2340432416196605,1,,0.12990020174558087,2311.0,1.0,,
513715933,高潜力首购用户,0.5241040780012457,2,,0.10753228150975709,3226.0,0.0,,
513716912,高潜力首购用户,0.1215165795585,1,,0.07411486834507838,5044.0,0.0,,
513723000,高潜力首购用户,0.6172731835641833,1,,0.10049233660535938,3610.0,0.0,,
513723841,高价值高摩擦用户,0.5336134881317799,0,6.2465717736275845,,,,0.3925275255322603,2308.0
513724569,高潜力首购用户,1.83286198265008,1,,0.18548467495670212,834.0,1.0,,
513727092,高价值高摩擦用户,1.3494092412633385,0,6.7585241449877635,,,,0.38601478359650304,2454.0
513730297,高潜力首购用户,1.3951457760727164,2,,0.16113975290864038,1339.0,1.0,,
513732799,高价值高摩擦用户,1.7409918837986815,4,7.688204905278205,,,,0.38106668879671124,2573.0
513735682,高潜力首购用户,0.0491235195578133,1,,0.0724408704344365,5139.0,0.0,,
513736820,高价值高摩擦用户,1.6916273250456932,0,7.0661836535560925,,,,0.3371478422889809,3653.0
513736841,高价值高摩擦用户,2.1484961839689825,0,6.239438313868348,,,,0.32665269999765817,3970.0
513740640,高潜力首购用户,1.451426474403126,1,,0.15217686010793555,1557.0,1.0,,
513741364,高价值高摩擦用户,1.7759117251352023,0,5.265484209452796,,,,0.35026421286775244,3298.0
513744958,高潜力首购用户,0.10842750567934123,1,,0.07372531528607651,5060.0,0.0,,
513749502,高潜力首购用户,1.3524052125080008,1,,0.1501810054223802,1612.0,1.0,,
513750481,高价值高摩擦用户,-0.19236700818781394,0,6.182250182314066,,,,0.28609359836154896,5559.0
513754138,高潜力首购用户,1.5398355068774994,2,,0.17952884924383636,943.0,1.0,,
513757841,高潜力首购用户,0.8750901843206494,1,,0.1125575596237592,3006.0,0.0,,
513760435,高潜力首购用户,0.35115330894416896,1,,0.08404573378135698,4471.0,0.0,,
513762527,高潜力首购用户,1.1494933748957317,1,,0.11703744238074804,2804.0,0.0,,
513766004,高潜力首购用户,0.06592974418304069,1,,0.0738222270737569,5056.0,0.0,,
513766456,高潜力首购用户,0.7733509326819691,1,,0.10714075590556442,3246.0,0.0,,
513767774,高潜力首购用户,0.40327007598106307,1,,0.09119291442708974,4083.0,0.0,,
513768322,高潜力首购用户,1.2554202207008884,1,,0.1383862645203504,1987.0,1.0,,
513770527,高潜力首购用户,1.9934278933557057,1,,0.19272479653576166,713.0,1.0,,
513774594,高价值高摩擦用户,1.6147346881608602,0,7.2035431604198905,,,,0.3980468404067373,2207.0
513775389,高潜力首购用户,1.8162875633520281,1,,0.1785704395451938,956.0,1.0,,
513775933,高潜力首购用户,2.38169019423075,1,,0.23542832926483045,312.0,1.0,,
513779661,高潜力首购用户,1.0126712392963464,1,,0.11849450240882901,2747.0,0.0,,
513784184,高价值高摩擦用户,2.042856737427181,0,5.814644495908633,,,,0.3727035189189296,2755.0
513784368,高潜力首购用户,1.5284100478609435,1,,0.15755413353507633,1422.0,1.0,,
513786184,高价值高摩擦用户,0.47891923873806636,1,5.65961162500659,,,,0.23463562776020555,8588.0
513788887,高潜力首购用户,0.9762569263841109,1,,0.11535295411043,2887.0,0.0,,
513796594,高价值高摩擦用户,1.161054455470602,0,7.941316322499588,,,,0.4531111073467941,1445.0
513797799,高潜力首购用户,0.1727686860599328,1,,0.07581930579008354,4932.0,0.0,,
513799481,高潜力首购用户,1.013536667902661,1,,0.12446250131305066,2515.0,1.0,,
513807933,高价值高摩擦用户,1.021843238344169,0,5.833417954725929,,,,0.3529218194516826,3226.0
513811000,高潜力首购用户,0.4210447854476281,1,,0.09080431605884284,4114.0,0.0,,
513815569,高潜力首购用户,0.5099455334488858,1,,0.08700898476798395,4327.0,0.0,,
513816046,高价值高摩擦用户,1.6237301201030612,0,6.104318789527613,,,,0.33253918365660085,3777.0
513819594,高潜力首购用户,0.9727547314595872,1,,0.11720041548860713,2798.0,0.0,,
513822707,高潜力首购用户,0.01634442164711368,1,,0.06639107075393152,5371.0,0.0,,
513825163,高潜力首购用户,0.46873368779747987,1,,0.08806001857497596,4258.0,0.0,,
513825209,高潜力首购用户,2.0655629898885963,1,,0.2091712761257466,509.0,1.0,,
513827661,高潜力首购用户,1.111439765516655,1,,0.13030100416793003,2302.0,1.0,,
513828527,高潜力首购用户,1.148834696650382,1,,0.1335378838211815,2173.0,1.0,,
513828569,高潜力首购用户,2.1318847305935584,3,,0.24656289215613597,231.0,1.0,,
513832912,高潜力首购用户,0.9283632419804443,2,,0.1281301809349951,2382.0,1.0,,
513834569,高潜力首购用户,1.2008746280845066,3,,0.16038616638896663,1357.0,1.0,,
513838527,高潜力首购用户,2.5426912220723437,2,,0.29144279942543927,91.0,1.0,,
513839866,高潜力首购用户,1.2607503557226405,1,,0.14101164198069568,1896.0,1.0,,
513840046,高潜力首购用户,0.690401819174613,1,,0.1056040110253047,3318.0,0.0,,
513844753,高潜力首购用户,1.5710551450369519,1,,0.17238413906302077,1077.0,1.0,,
513847025,高潜力首购用户,1.7566720585521418,4,,0.20769087833311026,527.0,1.0,,
513849958,高潜力首购用户,0.16503119675072664,1,,0.07516446863783982,4966.0,0.0,,
513850728,高潜力首购用户,0.2762421443973087,1,,0.08806362281088169,4256.0,0.0,,
513859799,高潜力首购用户,0.6854206369330451,2,,0.10630948606097065,3280.0,0.0,,
513861728,高价值高摩擦用户,0.2523121608026285,1,5.961649462028795,,,,0.24840397956937718,7607.0
513862548,高潜力首购用户,1.7293354592995511,1,,0.1668151226951,1198.0,1.0,,
513862594,高潜力首购用户,1.7093293033852472,1,,0.1720947016233662,1084.0,1.0,,
513868046,高潜力首购用户,1.52835050556207,1,,0.16422016209969054,1265.0,1.0,,
513868389,高潜力首购用户,1.0917801414614081,1,,0.1145836217145282,2911.0,0.0,,
513871046,高价值高摩擦用户,1.947642460296717,0,5.219706965966125,,,,0.27597137653561393,6006.0
513875887,高潜力首购用户,2.5277925984780114,2,,0.30253221561372023,72.0,1.0,,
513880117,高潜力首购用户,2.239379432009653,2,,0.24145872415721806,269.0,1.0,,
513882866,高潜力首购用户,0.26657005316969534,1,,0.07944274456611236,4725.0,0.0,,
513886389,高潜力首购用户,1.2117177961556598,2,,0.15029980496338652,1606.0,1.0,,
513886594,高价值高摩擦用户,0.48300352807749497,0,5.778395081365247,,,,0.38215798322873534,2545.0
513893728,高潜力首购用户,2.481224220237508,1,,0.24502083561033036,243.0,1.0,,
513895025,高潜力首购用户,1.83525952755888,1,,0.19142066445874065,737.0,1.0,,
513904820,高潜力首购用户,2.6731638576352146,1,,0.26781000536797367,150.0,1.0,,
513912594,高潜力首购用户,2.614933519398552,3,,0.3217173451948671,48.0,1.0,,
513914728,高潜力首购用户,1.078402498673564,1,,0.12055668583690161,2652.0,1.0,,
513919799,高潜力首购用户,0.423243125059622,1,,0.08236524055778979,4570.0,0.0,,
513920117,高潜力首购用户,0.33453481665235163,1,,0.08568266356450609,4389.0,0.0,,
513920841,高潜力首购用户,1.2279111930981215,1,,0.13618521671619033,2075.0,1.0,,
513927000,高潜力首购用户,2.2061077826057924,2,,0.24323550899960014,254.0,1.0,,
513938322,高潜力首购用户,1.4487306466390588,1,,0.1638159504242059,1284.0,1.0,,
513946435,高潜力首购用户,2.5550358430321567,1,,0.2552663961567383,194.0,1.0,,
513950799,高潜力首购用户,2.151466122849032,1,,0.21488058631911874,458.0,1.0,,
513951205,高潜力首购用户,1.030591257741644,2,,0.1418172719714447,1871.0,1.0,,
513951410,高潜力首购用户,1.6477017310048188,1,,0.1699675765552235,1128.0,1.0,,
513978728,高潜力首购用户,1.653524028841668,1,,0.16982833974844827,1129.0,1.0,,
513984728,高潜力首购用户,0.6440885822295641,1,,0.10441837360850732,3394.0,0.0,,
513988251,高潜力首购用户,1.466638672664077,2,,0.16038051469127962,1358.0,1.0,,
513989230,高潜力首购用户,2.0024186397428543,2,,0.2244546066162579,378.0,1.0,,
513989523,高潜力首购用户,1.1751180803927903,1,,0.12903022470174566,2349.0,1.0,,
513992661,高潜力首购用户,1.4350200208011064,1,,0.14794832134287314,1685.0,1.0,,
514000707,高潜力首购用户,1.8243598246246497,1,,0.19288600695876024,708.0,1.0,,
514001209,高潜力首购用户,1.607037654186879,3,,0.22411907953466842,384.0,1.0,,
514002410,高价值高摩擦用户,1.6238499600412473,0,7.624811025010425,,,,0.4527561057925207,1449.0
514005205,高潜力首购用户,0.1678069866109486,1,,0.07872277256769639,4769.0,0.0,,
514005866,高潜力首购用户,3.0507362112949346,1,,0.3100858786093573,62.0,1.0,,
514009046,高潜力首购用户,0.7286092480202179,1,,0.10206020237439863,3525.0,0.0,,
514011046,高潜力首购用户,1.2886991220412753,1,,0.13437061034853243,2139.0,1.0,,
514011912,高潜力首购用户,1.906453439962588,1,,0.1880763431982038,793.0,1.0,,
514012297,高潜力首购用户,1.335452446693644,1,,0.14757617411248397,1694.0,1.0,,
514016979,高潜力首购用户,2.43103116133391,2,,0.2604507003604544,176.0,1.0,,
514017569,高潜力首购用户,0.4704065319831565,1,,0.08453474109888481,4440.0,0.0,,
514020343,高潜力首购用户,0.6180281797452993,2,,0.0999870223312927,3630.0,0.0,,
514021569,高潜力首购用户,0.6388315580102595,1,,0.11019694486666999,3106.0,0.0,,
514021912,高潜力首购用户,1.1030550407083162,1,,0.11930907518935799,2705.0,0.0,,
514027841,高潜力首购用户,1.243285232503893,1,,0.14084275283997671,1902.0,1.0,,
514030979,高潜力首购用户,0.8201477811426169,1,,0.10798408787192433,3208.0,0.0,,
514031774,高潜力首购用户,0.678099202057784,2,,0.10673583033135255,3267.0,0.0,,
514033004,高潜力首购用户,1.0103352797041099,3,,0.14239150833027603,1854.0,1.0,,
514033251,高价值高摩擦用户,2.2156641024169828,1,8.403886559199396,,,,0.47699706925394986,1202.0
514040523,高潜力首购用户,0.736189076482728,1,,0.10915557059137515,3150.0,0.0,,
514043841,高潜力首购用户,1.6096306608943145,1,,0.16584708136577442,1216.0,1.0,,
514044958,高潜力首购用户,0.08269396294636928,1,,0.07155542992197196,5183.0,0.0,,
514045163,高潜力首购用户,0.22750225935357693,1,,0.08343128738104415,4506.0,0.0,,
514048410,高潜力首购用户,1.837603142673439,1,,0.17956307906754862,942.0,1.0,,
514049000,高潜力首购用户,2.221651793862222,2,,0.22629503652654484,363.0,1.0,,
514052025,高潜力首购用户,1.8248860365046926,1,,0.18942348717035778,766.0,1.0,,
514053046,高价值高摩擦用户,1.5184681981981865,1,7.839525896789306,,,,0.47344659659411786,1235.0
514054548,高潜力首购用户,1.2995144895758273,1,,0.13113388095866083,2267.0,1.0,,
514058364,高潜力首购用户,1.345505823019826,2,,0.16565214729602393,1224.0,1.0,,
514059615,高潜力首购用户,1.6563137747536152,1,,0.16706814022220862,1189.0,1.0,,
514062368,高潜力首购用户,0.08080172982980886,1,,0.079617865919873,4715.0,0.0,,
514064092,高潜力首购用户,1.9677783556739812,1,,0.197716002297622,636.0,1.0,,
514065958,高价值高摩擦用户,-0.609292193631436,0,6.349698275510708,,,,0.30136939468397633,4902.0
514067205,高潜力首购用户,2.1993592417673313,1,,0.22108018006650987,407.0,1.0,,
514069184,高潜力首购用户,1.495486442011617,2,,0.18271534797139394,883.0,1.0,,
514076866,高潜力首购用户,1.7083486434556034,3,,0.20687041612920765,537.0,1.0,,
514077071,高潜力首购用户,2.209249695973992,2,,0.24356630348182134,251.0,1.0,,
514079230,高潜力首购用户,1.7814863432561803,1,,0.17095527663787008,1105.0,1.0,,
514081728,高潜力首购用户,2.369999507586258,3,,0.2869979760360157,102.0,1.0,,
514092912,高潜力首购用户,0.8188900758016734,1,,0.10296012727514461,3470.0,0.0,,
514098276,高潜力首购用户,0.8882711264661832,4,,0.15014214957121128,1614.0,1.0,,
514098640,高潜力首购用户,0.7226721322563693,2,,0.11578638233785372,2861.0,0.0,,
514105205,高价值高摩擦用户,2.779062349772198,0,8.008587957901188,,,,0.5395696385027136,742.0
514105502,高潜力首购用户,0.566294578672762,1,,0.09722687752791284,3776.0,0.0,,
514109958,高潜力首购用户,1.7877405133748254,1,,0.16725426552552228,1184.0,1.0,,
514114092,高潜力首购用户,1.7127265861934753,1,,0.1760027525480437,1015.0,1.0,,
514118092,高潜力首购用户,0.9702073378961344,1,,0.12837510531885535,2373.0,1.0,,
514124728,高潜力首购用户,0.6225830213684252,1,,0.09893292060921892,3683.0,0.0,,
514125820,高潜力首购用户,0.6221924324782614,1,,0.10103283734983662,3579.0,0.0,,
514130682,高潜力首购用户,0.9098657317818867,1,,0.13350401601177317,2174.0,1.0,,
514134276,高潜力首购用户,2.0049905522162352,2,,0.21513132904532892,453.0,1.0,,
514135502,高潜力首购用户,0.6777385656920877,1,,0.1024518389631457,3498.0,0.0,,
514136866,高价值高摩擦用户,0.18837174522222574,0,6.140660113469835,,,,0.2787027984863416,5880.0
514139364,高潜力首购用户,0.16688149046969433,1,,0.08264120851420773,4556.0,0.0,,
514141682,高潜力首购用户,1.71988434152147,1,,0.17836247335401853,961.0,1.0,,
514150569,高潜力首购用户,0.26228691745207505,1,,0.07906374119562119,4747.0,0.0,,
514152276,高潜力首购用户,0.6418252173724687,1,,0.10697854055301897,3256.0,0.0,,
514157523,高潜力首购用户,1.581019727858698,1,,0.15850305012165683,1399.0,1.0,,
514166979,高潜力首购用户,-0.01290799824589206,1,,0.07268174805930928,5126.0,0.0,,
514168615,高潜力首购用户,0.44871941382203273,1,,0.09053036749588957,4133.0,0.0,,
514170979,高潜力首购用户,1.4167728588883703,1,,0.15026590739368625,1610.0,1.0,,
514172163,高潜力首购用户,0.6767151497809939,1,,0.10783608489580915,3215.0,0.0,,
514174276,高潜力首购用户,0.21924163092255153,2,,0.09410345308518771,3958.0,0.0,,
514179209,高潜力首购用户,0.8916726526216001,2,,0.13265236593154278,2205.0,1.0,,
514180866,高潜力首购用户,2.9122892369110716,3,,0.3397762633862053,40.0,1.0,,
514182092,高潜力首购用户,1.0740296923393435,1,,0.13108484384614372,2269.0,1.0,,
514183368,高潜力首购用户,0.549508387651294,1,,0.09089629434202932,4103.0,0.0,,
514190841,高潜力首购用户,2.5543797312336527,1,,0.26292005584136835,170.0,1.0,,
514191640,高潜力首购用户,0.24809402532183422,1,,0.09042059299797615,4138.0,0.0,,
514191707,高潜力首购用户,1.6173923038860922,1,,0.15624708748993796,1459.0,1.0,,
514193322,高潜力首购用户,2.33928906055587,1,,0.2370143139904651,298.0,1.0,,
514198682,高价值高摩擦用户,0.5023148943189025,0,5.511218296020367,,,,0.24963522797454182,7530.0
514198887,高价值高摩擦用户,1.827249847840782,1,5.597063011355797,,,,0.32381910477205633,4058.0
514204368,高潜力首购用户,1.9262257782681018,1,,0.18344597000409257,868.0,1.0,,
514206799,高潜力首购用户,1.4263288547936128,1,,0.14916810442595546,1644.0,1.0,,
514207184,高潜力首购用户,0.8233262371814845,1,,0.10654085235619629,3270.0,0.0,,
514207205,高潜力首购用户,1.6840113981561131,1,,0.1720764823094556,1085.0,1.0,,
514208841,高潜力首购用户,1.636882339560507,1,,0.16062287681283105,1350.0,1.0,,
514210753,高潜力首购用户,0.31445820202468316,1,,0.0837945623367401,4490.0,0.0,,
514212117,高价值高摩擦用户,0.16847981186045877,0,5.873997711455108,,,,0.35655053839867673,3125.0
514216661,高潜力首购用户,2.979993311745275,1,,0.31095004623765043,60.0,1.0,,
514219979,高潜力首购用户,1.770631886783893,1,,0.1942466601473052,691.0,1.0,,
514221682,高潜力首购用户,1.8131705260936728,3,,0.21947996693423868,419.0,1.0,,
514222820,高潜力首购用户,1.3477664835915872,2,,0.16674637181573873,1200.0,1.0,,
514223209,高潜力首购用户,1.9512676199367764,1,,0.18107997694294284,913.0,1.0,,
514226841,高潜力首购用户,1.2311954190630303,1,,0.13143809545161217,2252.0,1.0,,
514228502,高潜力首购用户,1.2406732077427272,1,,0.12848238380819335,2367.0,1.0,,
514236502,高潜力首购用户,1.8892862426049373,2,,0.21326260905127178,471.0,1.0,,
514240933,高潜力首购用户,1.1902710417912454,1,,0.13409296216778113,2153.0,1.0,,
514241481,高潜力首购用户,2.326277914644622,1,,0.24349214006942835,252.0,1.0,,
514243297,高潜力首购用户,0.246800962945685,1,,0.07929156272254823,4735.0,0.0,,
514243640,高潜力首购用户,2.6155940711656447,2,,0.28773228386501043,101.0,1.0,,
514251569,高潜力首购用户,2.668335050665928,1,,0.26879589390267145,149.0,1.0,,
514252297,高潜力首购用户,0.5084024327632449,1,,0.09379390786200181,3973.0,0.0,,
514258117,高潜力首购用户,0.01804717717606064,1,,0.07976558726274115,4700.0,0.0,,
514258845,高价值高摩擦用户,1.2692444682538209,0,5.318426319470749,,,,0.2885627831048886,5445.0
514260092,高价值高摩擦用户,0.8804104613530749,0,7.724247143378372,,,,0.27954999198710406,5841.0
514261728,高潜力首购用户,2.9672498868969766,1,,0.28338411634891747,108.0,1.0,,
514263297,高潜力首购用户,1.9454931588919357,1,,0.1951864956341572,672.0,1.0,,
514263364,高潜力首购用户,1.0993889275520694,2,,0.145821060435408,1742.0,1.0,,
514264728,高潜力首购用户,1.7853944953659173,3,,0.22294956956752718,395.0,1.0,,
514271979,高价值高摩擦用户,2.426612161320612,3,5.560022550993743,,,,0.3220371413940703,4130.0
514273841,高潜力首购用户,1.4004749650794042,2,,0.1762499060803099,1009.0,1.0,,
514276184,高潜力首购用户,1.0718376184380676,2,,0.14379875312092516,1807.0,1.0,,
514280594,高潜力首购用户,0.04368523124624337,1,,0.0774448963286698,4836.0,0.0,,
514281138,高潜力首购用户,2.8302586786663984,2,,0.32058278827902387,50.0,1.0,,
514281548,高潜力首购用户,1.4779921043252642,1,,0.15804338012821095,1410.0,1.0,,
514282615,高潜力首购用户,2.204392634250509,1,,0.20889072776425296,514.0,1.0,,
514285594,高潜力首购用户,1.6297208133731649,1,,0.1729934681697055,1069.0,1.0,,
514286092,高价值高摩擦用户,0.9245797725533599,0,6.73805685698288,,,,0.28747741002824057,5493.0
514287640,高潜力首购用户,1.2078591144051822,1,,0.13698135377766824,2044.0,1.0,,
514291025,高价值高摩擦用户,0.9508144411980529,0,5.758033889488118,,,,0.32837796486641974,3912.0
514291569,高潜力首购用户,0.7106263728275302,1,,0.1118565421545293,3032.0,0.0,,
514292728,高价值高摩擦用户,1.049535710017385,0,5.350316661658417,,,,0.42478112684458,1796.0
514293774,高潜力首购用户,1.6482558294193435,2,,0.19930547042463034,618.0,1.0,,
514294615,高潜力首购用户,1.279119676787115,1,,0.14373139076923017,1809.0,1.0,,
514297979,高潜力首购用户,1.5151393065089989,1,,0.16211972854671142,1320.0,1.0,,
514300025,高潜力首购用户,1.973278341385231,1,,0.19671060350094616,644.0,1.0,,
514300230,高潜力首购用户,1.1719666825295452,1,,0.13681695131475377,2046.0,1.0,,
514301000,高潜力首购用户,2.5758489802168283,4,,0.3141063758234255,58.0,1.0,,
514312615,高潜力首购用户,0.8422288884290574,1,,0.1070189567575042,3252.0,0.0,,
514317799,高潜力首购用户,0.36904775138058254,2,,0.11077270685214097,3081.0,0.0,,
514321205,高潜力首购用户,0.4479454464145298,1,,0.09578323974813566,3862.0,0.0,,
514321569,高潜力首购用户,1.616121291264338,1,,0.16576897430961302,1217.0,1.0,,
514322841,高潜力首购用户,0.8400849036444002,1,,0.12038675953049942,2662.0,1.0,,
514323820,高潜力首购用户,1.9354717547928082,1,,0.18324141417628317,871.0,1.0,,
514329364,高潜力首购用户,1.3190810249325546,1,,0.12886215523681724,2355.0,1.0,,
514331071,高潜力首购用户,2.0348136201192317,1,,0.21701197588341656,442.0,1.0,,
514332615,高潜力首购用户,0.8120590371092767,1,,0.10514590111957456,3345.0,0.0,,
514341841,高潜力首购用户,1.653818792399114,2,,0.18240525487089562,889.0,1.0,,
514345682,高潜力首购用户,2.007541804425529,1,,0.206901769979669,535.0,1.0,,
514346410,高潜力首购用户,1.7897394254188146,1,,0.17843539445966333,958.0,1.0,,
514348251,高潜力首购用户,0.4068095198325615,3,,0.11858467915089972,2740.0,0.0,,
514355046,高潜力首购用户,1.4443028386835088,1,,0.1485595080072092,1664.0,1.0,,
514363046,高潜力首购用户,1.6067257199857066,1,,0.15556557133604673,1477.0,1.0,,
514369276,高潜力首购用户,1.1641304359105316,1,,0.13723288364133945,2035.0,1.0,,
514371728,高潜力首购用户,1.6701056683128614,1,,0.1629506653154817,1306.0,1.0,,
514375209,高潜力首购用户,1.338921419420987,3,,0.18509903401111977,845.0,1.0,,
514385845,高潜力首购用户,0.5410186129175311,2,,0.10516347901360808,3343.0,0.0,,
514388389,高潜力首购用户,0.5418762338231047,1,,0.09148767151107384,4068.0,0.0,,
514390728,高潜力首购用户,0.8607179787915097,1,,0.11293706134931308,2986.0,0.0,,
514394569,高潜力首购用户,1.0924597483185594,1,,0.13365144589478986,2167.0,1.0,,
514402368,高价值高摩擦用户,1.648196011989068,0,6.5732788675579705,,,,0.44445742109123115,1553.0
514402728,高潜力首购用户,0.7191454217572685,2,,0.10871448365895128,3173.0,0.0,,
514403389,高潜力首购用户,2.072273184817982,1,,0.2085511261809738,520.0,1.0,,
514407753,高潜力首购用户,1.134678073796266,1,,0.13056539953688623,2291.0,1.0,,
514409820,高潜力首购用户,1.0203258535465347,1,,0.10894764876479045,3158.0,0.0,,
514410527,高价值高摩擦用户,1.5730465648892669,0,7.357670009190617,,,,0.4593584887749595,1391.0
514418230,高潜力首购用户,0.041340427641752976,1,,0.07103187716499315,5207.0,0.0,,
514418548,高潜力首购用户,1.152181136996653,1,,0.13400811089876666,2156.0,1.0,,
514424527,高价值高摩擦用户,0.5402624521734855,0,5.983727550736203,,,,0.28825422517971117,5457.0
514427845,高潜力首购用户,1.107626963743869,1,,0.12970022570576548,2321.0,1.0,,
514433456,高价值高摩擦用户,0.14810706854744116,0,5.910202618225368,,,,0.1988319273293379,11524.0
514436799,高潜力首购用户,0.3331527623737883,1,,0.08438693190343262,4452.0,0.0,,
514437569,高潜力首购用户,1.043784292669766,1,,0.12817334967763738,2381.0,1.0,,
514443728,高潜力首购用户,1.724024742121528,1,,0.1709475960302158,1106.0,1.0,,
514446364,高潜力首购用户,0.01885836516870173,1,,0.07001323694586667,5257.0,0.0,,
514447071,高潜力首购用户,1.7739703643697486,1,,0.19009413959182872,754.0,1.0,,
514449046,高价值高摩擦用户,0.1496700845543281,0,5.210974116312755,,,,0.15788140765164144,14969.0
514456502,高潜力首购用户,1.6784383173396489,2,,0.18529143256572211,842.0,1.0,,
514458845,高潜力首购用户,1.1771560638882177,1,,0.13756181260170508,2023.0,1.0,,
514460774,高潜力首购用户,1.5680692554616993,1,,0.16404297767035736,1275.0,1.0,,
514461364,高潜力首购用户,1.2631865104180697,1,,0.14453658665466404,1780.0,1.0,,
514463912,高潜力首购用户,0.3559810153716982,1,,0.08756396864263344,4287.0,0.0,,
514465686,高价值高摩擦用户,2.6833782791152707,0,5.394236451840872,,,,0.3070248389048626,4676.0
514465958,高潜力首购用户,1.5908110510413962,2,,0.1829330993931029,881.0,1.0,,
514467615,高价值高摩擦用户,0.43685015838483604,0,5.994009916017368,,,,0.31631753269460355,4322.0
514467933,高潜力首购用户,1.0481691654685452,1,,0.13381881096400602,2165.0,1.0,,
514471205,高潜力首购用户,2.3913623066552248,1,,0.2376385968980954,293.0,1.0,,
514472000,高潜力首购用户,1.8631452567085123,1,,0.2022179734457699,581.0,1.0,,
514472184,高价值高摩擦用户,0.2020853329110812,0,5.8885085456947674,,,,0.26541018743369726,6564.0
514473933,高潜力首购用户,1.6137888828102616,1,,0.1631427428044859,1299.0,1.0,,
514480979,高潜力首购用户,1.553145601172706,1,,0.16981407422095968,1131.0,1.0,,
514482389,高价值高摩擦用户,1.0028672181373794,0,5.632572862299405,,,,0.29700244721766317,5085.0
514483594,高潜力首购用户,0.5885541958577368,1,,0.09713680933200829,3785.0,0.0,,
514484887,高潜力首购用户,1.261520059606389,1,,0.14112473510297657,1894.0,1.0,,
514484979,高潜力首购用户,0.9163085277834856,1,,0.11558654609230057,2871.0,0.0,,
514485481,高潜力首购用户,1.4417630062945044,1,,0.15461050766574178,1496.0,1.0,,
514490887,高潜力首购用户,1.9261461649780596,1,,0.18200091793374165,895.0,1.0,,
514494841,高潜力首购用户,2.6292400418649233,2,,0.3078592777774236,67.0,1.0,,
514496209,高潜力首购用户,0.5927327113852839,1,,0.09758209534774395,3753.0,0.0,,
514496322,高潜力首购用户,1.2960790624406304,1,,0.144370499709092,1787.0,1.0,,
514497297,高潜力首购用户,0.2039143398174537,1,,0.07689654956699718,4868.0,0.0,,
514498230,高潜力首购用户,1.8449270929023749,1,,0.18078338214564493,920.0,1.0,,
514504686,高潜力首购用户,1.107358561821475,3,,0.15564619946998706,1475.0,1.0,,
514504820,高潜力首购用户,0.8812586221256978,1,,0.1120463956322679,3021.0,0.0,,
514511389,高潜力首购用户,1.333404983631364,1,,0.144136097741869,1792.0,1.0,,
514511569,高潜力首购用户,0.030107044145929646,1,,0.0652118268276394,5396.0,0.0,,
514513753,高价值高摩擦用户,1.0011429902339033,0,6.815710544412166,,,,0.2487949727402563,7583.0
514517364,高潜力首购用户,1.3024459214629067,1,,0.13446318961584963,2134.0,1.0,,
514517523,高潜力首购用户,1.3165219891599682,1,,0.14049783105833666,1912.0,1.0,,
514526799,高价值高摩擦用户,3.058119460754972,0,8.01405527469304,,,,0.5513246723695848,673.0
514529615,高潜力首购用户,1.2806574172563376,1,,0.1442946508384249,1788.0,1.0,,
514533640,高价值高摩擦用户,1.6620108930847461,0,6.870309522993315,,,,0.3430419329705931,3496.0
514533887,高潜力首购用户,1.274428155387488,1,,0.13753952489538274,2025.0,1.0,,
514534163,高潜力首购用户,0.5201947751809423,2,,0.10281079946024865,3480.0,0.0,,
514536025,高价值高摩擦用户,2.8869564614533396,0,5.785157627563517,,,,0.37923778017215937,2605.0
514538138,高价值高摩擦用户,0.8923943480262776,0,5.244444570820335,,,,0.24300520294488143,7985.0
514542297,高潜力首购用户,1.5529904085453456,2,,0.17030491836229142,1119.0,1.0,,
514542640,高潜力首购用户,2.4608455368223026,2,,0.2641388150080426,168.0,1.0,,
514543184,高潜力首购用户,0.25175638976517195,1,,0.07706680696381943,4858.0,0.0,,
514548368,高潜力首购用户,1.8777179834586064,1,,0.20043055542651855,603.0,1.0,,
514549866,高价值高摩擦用户,0.8692724782793109,0,5.300137930537485,,,,0.27219385776302557,6183.0
514550594,高潜力首购用户,1.7171957158444882,1,,0.17703058309586922,993.0,1.0,,
514551092,高价值高摩擦用户,-0.1636739313910738,0,6.577666623879863,,,,0.32670487710297824,3969.0
514552774,高潜力首购用户,1.4736002752000215,1,,0.1663194131579454,1208.0,1.0,,
514553841,高潜力首购用户,1.5792233038735282,1,,0.16474331299562067,1247.0,1.0,,
514554230,高潜力首购用户,1.0674998191909146,1,,0.12765958995713542,2404.0,1.0,,
514556481,高潜力首购用户,1.2656249526647525,4,,0.17747499590326438,982.0,1.0,,
514558523,高潜力首购用户,1.6350305911460132,1,,0.17826783603138768,963.0,1.0,,
514558799,高潜力首购用户,0.32332047313847295,1,,0.07871570593760008,4770.0,0.0,,
514560594,高潜力首购用户,1.3951754156031653,2,,0.16997080902941472,1127.0,1.0,,
514562138,高潜力首购用户,1.040842824970715,1,,0.12811586293599356,2383.0,1.0,,
514564569,高潜力首购用户,1.6393217624317094,1,,0.15420926246366382,1507.0,1.0,,
514566138,高价值高摩擦用户,0.640430945598338,0,5.6193949251459365,,,,0.3146413305228102,4382.0
514566481,高潜力首购用户,0.8947374905870363,1,,0.11325328142435151,2968.0,0.0,,
514571527,高潜力首购用户,1.7774610446129566,3,,0.20105451940545233,597.0,1.0,,
514572707,高潜力首购用户,1.9156378092965811,2,,0.21926049317797958,421.0,1.0,,
514573523,高潜力首购用户,0.6875087326974164,1,,0.09440990548942109,3933.0,0.0,,
514574728,高潜力首购用户,2.4700720843666524,1,,0.2461785167899289,235.0,1.0,,
514577799,高潜力首购用户,0.3845644144638687,1,,0.08660345825557614,4356.0,0.0,,
514578004,高潜力首购用户,0.3636494416770037,1,,0.09233270968287585,4029.0,0.0,,
514579209,高潜力首购用户,0.901584187781625,1,,0.11799764429676199,2763.0,0.0,,
514579251,高潜力首购用户,0.9275324309274372,1,,0.11555191662868694,2875.0,0.0,,
514579456,高价值高摩擦用户,1.4375091660287946,0,7.538307191920916,,,,0.42702260423163074,1768.0
514582251,高价值高摩擦用户,1.7807017708612662,0,8.561884490513297,,,,0.49970609195920385,1013.0
514582435,高潜力首购用户,1.3786601424065505,1,,0.1505648803095628,1598.0,1.0,,
514583435,高潜力首购用户,1.6326322262635145,1,,0.16810345938995053,1169.0,1.0,,
514584092,高潜力首购用户,1.591087339774493,1,,0.17821479259596293,965.0,1.0,,
514586958,高潜力首购用户,0.0771423926195635,1,,0.07480490181234799,4995.0,0.0,,
514589092,高潜力首购用户,0.5452699204172545,1,,0.09501195523251701,3911.0,0.0,,
514589820,高潜力首购用户,1.1756569519664064,1,,0.137595388652451,2020.0,1.0,,
514592410,高潜力首购用户,0.49759443034181167,1,,0.0909112927859709,4101.0,0.0,,
514595410,高潜力首购用户,0.9108722477666941,1,,0.1174747114216931,2784.0,0.0,,
514595845,高潜力首购用户,1.0026152458091764,2,,0.1304103623713825,2298.0,1.0,,
514596251,高潜力首购用户,0.6726720840781252,1,,0.11004752247252934,3114.0,0.0,,
514598682,高潜力首购用户,1.1011595279900115,2,,0.14597382425058528,1737.0,1.0,,
514606841,高潜力首购用户,1.1683714093665847,6,,0.19182765963106682,727.0,1.0,,
514607368,高潜力首购用户,2.314892606371125,2,,0.24577772362696626,237.0,1.0,,
514609979,高价值高摩擦用户,2.8198290715107013,0,5.655432213715154,,,,0.33170549505617897,3805.0
514610071,高潜力首购用户,0.6840791770930923,1,,0.1030572186507439,3467.0,0.0,,
514610209,高潜力首购用户,1.579402390294052,1,,0.16687096226220227,1195.0,1.0,,
514610615,高潜力首购用户,2.0990858462025703,2,,0.2409742974621157,272.0,1.0,,
514612820,高潜力首购用户,1.2832285705110849,2,,0.15406725795041676,1510.0,1.0,,
514618000,高潜力首购用户,1.3881498329818527,1,,0.15363301229707643,1521.0,1.0,,
514621933,高潜力首购用户,2.2208570994090677,2,,0.22869883633694119,351.0,1.0,,
514627456,高潜力首购用户,0.0396757050409967,1,,0.0716748250331415,5179.0,0.0,,
514627979,高潜力首购用户,0.6647268580102123,1,,0.10644544607217836,3275.0,0.0,,
514630866,高潜力首购用户,1.3575484124248849,1,,0.15059655256452392,1597.0,1.0,,
514634707,高潜力首购用户,0.36378976795335155,1,,0.084680047363623,4435.0,0.0,,
514640368,高潜力首购用户,1.6963630366352327,2,,0.20004272869170364,605.0,1.0,,
514645025,高价值高摩擦用户,1.389040631254593,0,7.447250885909833,,,,0.36634900587203645,2889.0
514647046,高潜力首购用户,1.8012704388725183,1,,0.18001378618453656,935.0,1.0,,
514647389,高潜力首购用户,2.055421551254924,1,,0.19972401219719296,611.0,1.0,,
514647615,高潜力首购用户,1.8419009383879583,1,,0.17932235893403906,945.0,1.0,,
514648025,高潜力首购用户,0.6845549481807036,1,,0.09673294827017791,3808.0,0.0,,
514650569,高潜力首购用户,0.617373635276986,1,,0.09837121481272895,3711.0,0.0,,
514651163,高潜力首购用户,1.1705003103644471,1,,0.13524135723321132,2111.0,1.0,,
514654682,高潜力首购用户,1.3028504046397578,1,,0.14444879834915642,1783.0,1.0,,
514660845,高潜力首购用户,1.344521125869157,1,,0.15015960251601637,1613.0,1.0,,
514665435,高潜力首购用户,0.7643377898984868,1,,0.10995473300294376,3117.0,0.0,,
514666845,高潜力首购用户,1.0140109125331518,1,,0.11597797029900007,2848.0,0.0,,
514669682,高潜力首购用户,1.8222631625563086,1,,0.18551283482183803,833.0,1.0,,
514676456,高潜力首购用户,0.743364179420567,1,,0.10308757394964134,3465.0,0.0,,
514678364,高潜力首购用户,0.5556743324104644,1,,0.09712541628602593,3787.0,0.0,,
514679594,高潜力首购用户,0.6164861905742637,4,,0.13560158972833164,2101.0,1.0,,
514680004,高潜力首购用户,0.8767453963101706,1,,0.11286598028646223,2989.0,0.0,,
514681138,高潜力首购用户,1.4882057485511908,2,,0.1690513658073218,1145.0,1.0,,
514683230,高潜力首购用户,0.7050738584612208,1,,0.1055403328195421,3320.0,0.0,,
514683912,高潜力首购用户,0.42174966266003394,1,,0.08787350664485062,4271.0,0.0,,
514684774,高潜力首购用户,0.24405004349640858,1,,0.08087569255501711,4638.0,0.0,,
514686276,高潜力首购用户,1.6975484194597517,1,,0.1747176109676818,1040.0,1.0,,
514686322,高潜力首购用户,1.6831771981744215,1,,0.16346675304287706,1292.0,1.0,,
514687845,高价值高摩擦用户,0.589528581868416,0,6.6879632479014415,,,,0.38682620974052445,2437.0
514694004,高潜力首购用户,2.1485888176575503,4,,0.2781458561519727,123.0,1.0,,
514694368,高潜力首购用户,0.6994376446579693,1,,0.10707885841896561,3250.0,0.0,,
514695435,高价值高摩擦用户,1.8599889337192461,0,6.117050394827386,,,,0.30598169500764316,4714.0
514701912,高价值高摩擦用户,1.498474105853344,0,5.7378360147810525,,,,0.21423509854886721,10184.0
514705866,高潜力首购用户,1.1341336467812602,1,,0.1220250912619858,2604.0,1.0,,
514706774,高价值高摩擦用户,0.185741793430798,0,5.31278365201362,,,,0.16035170247798655,14793.0
514707887,高潜力首购用户,3.2513425559842304,1,,0.34032231269586966,39.0,1.0,,
514712184,高潜力首购用户,0.5931179376048469,1,,0.09536170345954086,3891.0,0.0,,
514714025,高潜力首购用户,1.1160247456737749,1,,0.12483832326665244,2503.0,1.0,,
514714138,高潜力首购用户,1.8496360543709827,1,,0.18708202125290493,810.0,1.0,,
514714841,高价值高摩擦用户,0.7524126534924626,0,5.823258890549439,,,,0.31869068514871574,4245.0
514718205,高潜力首购用户,0.6287731997021232,1,,0.09960409173156738,3654.0,0.0,,
514722933,高潜力首购用户,0.9767763856672221,1,,0.1196857105596467,2689.0,1.0,,
514723368,高潜力首购用户,0.9181840685557,1,,0.12210872011418215,2599.0,1.0,,
514725502,高潜力首购用户,1.272414564020978,1,,0.14976286875314937,1629.0,1.0,,
514727276,高潜力首购用户,0.6510717619202556,1,,0.09324291105859318,3990.0,0.0,,
514735820,高潜力首购用户,1.1005242297274231,2,,0.1439739866380695,1798.0,1.0,,
514736661,高潜力首购用户,2.0489835675599584,1,,0.19401504676228565,697.0,1.0,,
514737682,高潜力首购用户,2.2077335044269,1,,0.2043835889906832,560.0,1.0,,
514738845,高潜力首购用户,0.6507788174859823,1,,0.1045103870810242,3387.0,0.0,,
514744209,高潜力首购用户,0.43759068731308276,1,,0.09580008954414553,3859.0,0.0,,
514748707,高价值高摩擦用户,1.8635701492419114,0,5.863210632636845,,,,0.31996759235960615,4196.0
514748774,高潜力首购用户,1.5036888946311375,2,,0.17606620934278852,1014.0,1.0,,
514750046,高价值高摩擦用户,1.9171822319014649,0,7.840033884592545,,,,0.6392875146006258,342.0
514751841,高潜力首购用户,1.7657867241014429,1,,0.17593249000210875,1017.0,1.0,,
514751933,高价值高摩擦用户,1.5645740031977216,0,8.58038317869061,,,,0.6108480508831347,423.0
514756230,高价值高摩擦用户,0.10617442426624657,0,6.797742290671431,,,,0.23780427503815169,8356.0
514758615,高潜力首购用户,0.8037366401635406,1,,0.11614243530041161,2839.0,0.0,,
514758774,高潜力首购用户,0.5124821385845072,1,,0.09421524325786591,3945.0,0.0,,
514761615,高价值高摩擦用户,1.9638211436048874,0,5.538620538145073,,,,0.4067700396357446,2058.0
514763322,高潜力首购用户,0.30665902668923367,1,,0.0829018427099207,4534.0,0.0,,
514765661,高潜力首购用户,0.8952375236196838,1,,0.12383298884080635,2537.0,1.0,,
514765845,高潜力首购用户,0.5264879319930501,1,,0.09567463386421303,3870.0,0.0,,
514768774,高潜力首购用户,2.16301768382568,1,,0.2089271877624868,513.0,1.0,,
514769686,高潜力首购用户,0.04508641142179228,1,,0.06858430517570824,5311.0,0.0,,
514770799,高潜力首购用户,0.3322385490575542,1,,0.08229680369390098,4574.0,0.0,,
514771845,高潜力首购用户,1.3617447869343813,2,,0.17020253347723657,1123.0,1.0,,
514776933,高价值高摩擦用户,0.8462110603453693,0,6.503252564767228,,,,0.33061390901963306,3838.0
514780841,高价值高摩擦用户,2.086113023239253,0,7.3594358108872635,,,,0.48913238922513236,1096.0
514784184,高潜力首购用户,1.2000414274116198,1,,0.1349605512189157,2119.0,1.0,,
514784774,高潜力首购用户,0.4697092898332417,1,,0.09264796516231574,4020.0,0.0,,
514785887,高潜力首购用户,2.2318386816079006,4,,0.27937695733289036,118.0,1.0,,
514789686,高潜力首购用户,1.1527847913036295,1,,0.13274861878052957,2200.0,1.0,,
514791364,高潜力首购用户,2.1034545331040237,2,,0.22165426819834774,404.0,1.0,,
514792933,高潜力首购用户,0.2818905974308678,1,,0.08562752438437134,4393.0,0.0,,
514811004,高潜力首购用户,-0.044983970035312015,1,,0.07433234391762145,5026.0,0.0,,
514814322,高潜力首购用户,1.298597159595886,1,,0.14527998515453142,1759.0,1.0,,
514814866,高潜力首购用户,0.8233814791573851,1,,0.1130841921331946,2978.0,0.0,,
514823364,高潜力首购用户,0.043020307871651085,1,,0.07199113209181966,5159.0,0.0,,
514843025,高潜力首购用户,2.758721843153129,1,,0.2883594852789566,99.0,1.0,,
514863322,高潜力首购用户,0.28995763527778834,1,,0.0851115346879005,4420.0,0.0,,
514875481,高潜力首购用户,0.7365815257228272,2,,0.1081540607891062,3198.0,0.0,,
514880841,高潜力首购用户,1.0722277610910445,1,,0.12844172031554602,2369.0,1.0,,
514881887,高潜力首购用户,1.6473561773237464,1,,0.1877800004784993,797.0,1.0,,
514883774,高潜力首购用户,2.3874240465666823,1,,0.24319017062421164,256.0,1.0,,
514897276,高潜力首购用户,0.25891810956297323,1,,0.09695171676195753,3800.0,0.0,,
514899569,高潜力首购用户,1.635194459771525,1,,0.16203764817042957,1322.0,1.0,,
514899707,高价值高摩擦用户,0.9750024114820265,0,5.675215805088232,,,,0.30575935364106727,4723.0
514903322,高潜力首购用户,0.8326128356689865,1,,0.11431387772869886,2920.0,0.0,,
514906205,高潜力首购用户,1.0985518137508505,1,,0.13205768763350126,2234.0,1.0,,
514907092,高潜力首购用户,0.5479675579219789,1,,0.09074201525980377,4116.0,0.0,,
514907297,高潜力首购用户,1.8114965777189935,1,,0.17054913050765283,1115.0,1.0,,
514908046,高价值高摩擦用户,1.3127207688117084,0,5.847559534055898,,,,0.36182573595319584,2993.0
514910343,高潜力首购用户,1.9444920539824089,1,,0.204150392942877,562.0,1.0,,
514911138,高潜力首购用户,0.35553646515728615,1,,0.07593029133427912,4922.0,0.0,,
514912502,高潜力首购用户,1.3312762968679446,1,,0.13445457590404683,2136.0,1.0,,
514914251,高潜力首购用户,2.8123057150031805,1,,0.2933755631302283,84.0,1.0,,
514914297,高潜力首购用户,0.7349544810555709,1,,0.10472165228560167,3376.0,0.0,,
514914368,高潜力首购用户,1.1104694061160987,1,,0.1269517080147152,2419.0,1.0,,
514917640,高价值高摩擦用户,1.5567535862001192,0,6.528314822735259,,,,0.4404062389533474,1608.0
514922184,高价值高摩擦用户,1.4178721287591725,0,6.4271139360230904,,,,0.42288927711789753,1818.0
514922251,高潜力首购用户,0.8199453854641288,1,,0.11188081733930387,3030.0,0.0,,
514922933,高价值高摩擦用户,2.1528542767931733,0,7.910199241966271,,,,0.5145760974526981,896.0
514925841,高潜力首购用户,1.4647188070005221,2,,0.16650104625787948,1207.0,1.0,,
514929004,高潜力首购用户,0.8241189469841669,1,,0.1035472200960682,3433.0,0.0,,
514929138,高潜力首购用户,1.6694036598086421,1,,0.16687076828332753,1196.0,1.0,,
514934343,高潜力首购用户,0.9296888309060499,1,,0.11725556406467695,2795.0,0.0,,
514935025,高潜力首购用户,0.6996353518835439,1,,0.10491938692135137,3361.0,0.0,,
514937343,高潜力首购用户,0.1423465891633022,1,,0.0804644452046896,4659.0,0.0,,
514939887,高潜力首购用户,0.6865679298643436,1,,0.10344057422985269,3440.0,0.0,,
514939933,高潜力首购用户,1.0505966489552196,1,,0.12839894209575514,2371.0,1.0,,
514943389,高潜力首购用户,2.5575438307761718,1,,0.2562024920966072,187.0,1.0,,
514944569,高潜力首购用户,1.310228840986792,1,,0.14990377546201464,1621.0,1.0,,
514946297,高潜力首购用户,1.901292314201789,3,,0.22212781466461942,400.0,1.0,,
514948686,高潜力首购用户,1.1625638875773108,1,,0.1365554753287948,2055.0,1.0,,
514949686,高潜力首购用户,1.7999336196166482,1,,0.18830128940657007,789.0,1.0,,
514950979,高潜力首购用户,1.3275567733482327,3,,0.16871833089059984,1157.0,1.0,,
514954025,高潜力首购用户,1.9981977847605965,1,,0.1816017886741603,903.0,1.0,,
514956251,高价值高摩擦用户,0.4129765338707627,0,5.887082719045844,,,,0.347454189723772,3371.0
514960138,高潜力首购用户,2.1929099486880195,1,,0.22340761928992506,390.0,1.0,,
514962000,高潜力首购用户,0.36315498900084736,1,,0.0724010227305329,5140.0,0.0,,
514962435,高潜力首购用户,2.5028837811354907,1,,0.26582028722344125,157.0,1.0,,
514965841,高潜力首购用户,0.7780046288795462,1,,0.11418488589063887,2927.0,0.0,,
514970502,高潜力首购用户,1.9618630143990803,1,,0.20745390934957353,528.0,1.0,,
514972845,高潜力首购用户,-0.019435014810757822,1,,0.06927366864382152,5282.0,0.0,,
514976569,高潜力首购用户,-0.004938759877854452,1,,0.06741676090127972,5347.0,0.0,,
514976845,高潜力首购用户,1.1680343045785928,1,,0.13084658380881808,2279.0,1.0,,
514977707,高潜力首购用户,0.7740823000436917,1,,0.0957340361053416,3864.0,0.0,,
514985481,高价值高摩擦用户,1.446897230991701,0,6.878245419021161,,,,0.3443976034019359,3453.0
514990000,高潜力首购用户,0.5890986847943892,1,,0.09494207730424396,3913.0,0.0,,
514990481,高潜力首购用户,-0.04746360929647416,1,,0.06711411854784677,5355.0,0.0,,
514997276,高潜力首购用户,0.07122988325646522,1,,0.07063735828490285,5234.0,0.0,,
514998138,高潜力首购用户,2.361450783106011,2,,0.2647993718985847,162.0,1.0,,
515000071,高潜力首购用户,1.0937925655532077,1,,0.1378212290043732,2010.0,1.0,,
515001343,高潜力首购用户,1.4285999993261271,1,,0.1634860802302965,1291.0,1.0,,
515006958,高价值高摩擦用户,-0.3533708504684716,0,6.05500256791197,,,,0.32714825767217526,3954.0
515007569,高潜力首购用户,1.02507074290435,1,,0.120171444142998,2672.0,1.0,,
515009753,高潜力首购用户,1.4112064464269338,1,,0.15767794505537192,1418.0,1.0,,
515011682,高潜力首购用户,0.4264327264700249,1,,0.0948254519892107,3918.0,0.0,,
515011820,高潜力首购用户,1.9545599657895598,1,,0.16319052272878842,1296.0,1.0,,
515012184,高潜力首购用户,0.9525095019069866,2,,0.12875182174978614,2360.0,1.0,,
515013753,高潜力首购用户,0.040377469907189975,1,,0.07173146740756645,5171.0,0.0,,
515015092,高潜力首购用户,0.02445785376397845,1,,0.07475280872633208,4998.0,0.0,,
515016912,高潜力首购用户,1.5156492899475449,2,,0.17524931450696893,1029.0,1.0,,
515017410,高潜力首购用户,1.4030098057721176,1,,0.15438031432970384,1503.0,1.0,,
515021046,高潜力首购用户,2.2454121086891368,4,,0.2771660932618568,125.0,1.0,,
515030276,高潜力首购用户,0.7659354829848342,1,,0.09690617118661418,3804.0,0.0,,
515035117,高潜力首购用户,2.445119525932666,3,,0.2862695346082822,103.0,1.0,,
515039548,高潜力首购用户,0.027421659899728463,1,,0.07604753838047715,4915.0,0.0,,
515040753,高潜力首购用户,0.9899126607767217,2,,0.1380418221074084,2001.0,1.0,,
515041209,高潜力首购用户,0.19069582084691902,1,,0.07446478095085919,5012.0,0.0,,
515046820,高潜力首购用户,0.9090621881715825,1,,0.11469130755236438,2907.0,0.0,,
515047456,高潜力首购用户,1.0393306292207976,1,,0.12222449831312973,2594.0,1.0,,
515058661,高潜力首购用户,1.1590643662847226,2,,0.13803239215782132,2002.0,1.0,,
515060728,高潜力首购用户,0.292524007393431,1,,0.07873206510838636,4767.0,0.0,,
515063799,高潜力首购用户,1.2254766494272025,1,,0.13323587774819565,2185.0,1.0,,
515064410,高价值高摩擦用户,0.6576751049659061,0,5.752036780993752,,,,0.3351264716487825,3701.0
515064682,高潜力首购用户,1.4909709973449587,1,,0.14126571342771133,1888.0,1.0,,
515064845,高潜力首购用户,0.8019965467104756,1,,0.10815757497563719,3197.0,0.0,,
515067640,高潜力首购用户,1.9297733249093916,1,,0.1982783163927963,630.0,1.0,,
515068728,高潜力首购用户,0.7505952484882462,1,,0.09967585340656974,3648.0,0.0,,
515070820,高潜力首购用户,1.2460198920666694,1,,0.13746608751407752,2028.0,1.0,,
515071887,高价值高摩擦用户,1.8983074326103857,0,5.213576138092947,,,,0.3776728222236894,2640.0
515071958,高潜力首购用户,1.5964681781926664,1,,0.1662298721018542,1210.0,1.0,,
515080184,高潜力首购用户,2.3803267833820523,2,,0.28301270176353166,109.0,1.0,,
515081615,高潜力首购用户,1.9037105369062572,1,,0.1873355363865742,803.0,1.0,,
515083933,高潜力首购用户,0.6760367380445267,1,,0.104863322876245,3363.0,0.0,,
515091820,高价值高摩擦用户,2.3121042259927935,0,6.272602526341329,,,,0.3884522918745717,2411.0
515093322,高潜力首购用户,1.919577318079113,1,,0.18718902390350226,809.0,1.0,,
515093979,高价值高摩擦用户,2.675724397901478,0,7.900376165194501,,,,0.55414331965101,662.0
515097841,高潜力首购用户,1.8944599106533768,2,,0.21748644025436104,437.0,1.0,,
515112753,高潜力首购用户,1.9658644828391056,1,,0.18328870324581104,870.0,1.0,,
515115527,高价值高摩擦用户,0.9272912509533991,0,9.080675779349354,,,,0.6342695203690931,353.0
515118481,高价值高摩擦用户,2.4187959454289225,1,6.801158957295458,,,,0.3711801882905011,2790.0
515119276,高潜力首购用户,0.0033280784717613504,1,,0.07299983659312582,5105.0,0.0,,
515120117,高潜力首购用户,1.9069874414688683,1,,0.19384106025846182,701.0,1.0,,
515125184,高潜力首购用户,1.0729681825433393,2,,0.1504679888741161,1603.0,1.0,,
515134138,高潜力首购用户,1.372322722994393,1,,0.13936230215543566,1949.0,1.0,,
515136209,高潜力首购用户,0.7452305341463097,1,,0.09806029054767448,3734.0,0.0,,
515139615,高潜力首购用户,0.7624648676369364,1,,0.10253600236975229,3493.0,0.0,,
515143025,高潜力首购用户,1.2544688229686203,1,,0.13229995395365426,2224.0,1.0,,
515144845,高潜力首购用户,2.418247807131196,1,,0.23031198698903735,338.0,1.0,,
515145682,高潜力首购用户,0.9799896922806459,1,,0.11728702560999853,2794.0,0.0,,
515152502,高潜力首购用户,2.3816499846244716,2,,0.26454076194067794,165.0,1.0,,
515158230,高潜力首购用户,0.9358584084400952,1,,0.11334774275653652,2966.0,0.0,,
515161004,高潜力首购用户,2.5740729627100145,6,,0.3411828211772109,38.0,1.0,,
515161297,高潜力首购用户,0.8219240675214786,1,,0.11842563434909147,2750.0,0.0,,
515161820,高潜力首购用户,1.5527412051205225,1,,0.15701898468610798,1437.0,1.0,,
515162410,高潜力首购用户,1.0789325741044677,1,,0.12788793164453494,2392.0,1.0,,
515168209,高潜力首购用户,0.6220038217621753,1,,0.09255792988271554,4023.0,0.0,,
515169502,高潜力首购用户,1.6101050674662745,2,,0.18092936139872717,915.0,1.0,,
515171661,高潜力首购用户,2.3077851897707604,2,,0.2186749131282708,430.0,1.0,,
515171753,高潜力首购用户,0.6996754176050234,1,,0.10481857565773439,3371.0,0.0,,
515172661,高潜力首购用户,1.5581689640022816,1,,0.16508553436831636,1237.0,1.0,,
515177845,高潜力首购用户,1.9682845385330598,1,,0.19333220185518418,704.0,1.0,,
515178071,高潜力首购用户,0.1082022297712491,1,,0.07740450792274298,4838.0,0.0,,
515178184,高潜力首购用户,0.43837102202625533,1,,0.08000063292082103,4685.0,0.0,,
515181004,高潜力首购用户,0.91686471037021,1,,0.11259899725830362,3004.0,0.0,,
515181481,高潜力首购用户,1.4424850101894464,1,,0.15093588984204515,1589.0,1.0,,
515183205,高潜力首购用户,0.36772501132614094,1,,0.09819846254278927,3722.0,0.0,,
515184548,高潜力首购用户,0.1438328770411815,1,,0.0854018052862165,4407.0,0.0,,
515186138,高潜力首购用户,0.8712553280604093,1,,0.10718998274362414,3243.0,0.0,,
515186979,高潜力首购用户,0.7889712443384247,1,,0.10896626035919611,3157.0,0.0,,
515188887,高潜力首购用户,2.2912899605972914,1,,0.22582914656350767,367.0,1.0,,
515189841,高潜力首购用户,1.0247962496468566,1,,0.12034617743910715,2664.0,1.0,,
515191682,高潜力首购用户,0.030894670797248728,1,,0.07096955265666223,5215.0,0.0,,
515203640,高潜力首购用户,0.454878486958926,1,,0.086720104184033,4346.0,0.0,,
515207799,高潜力首购用户,2.035420277171221,1,,0.1990527329468881,619.0,1.0,,
515210025,高潜力首购用户,0.2582987250986188,1,,0.08341404020002947,4508.0,0.0,,
515212615,高潜力首购用户,1.6242223050369093,1,,0.16575530385810242,1218.0,1.0,,
515218184,高价值高摩擦用户,0.4469602926665295,0,6.681632293558927,,,,0.409195495389739,2017.0
515220728,高潜力首购用户,0.7821836086399306,1,,0.11069778885331372,3085.0,0.0,,
515221184,高潜力首购用户,0.2863214468918242,1,,0.07767721265703224,4822.0,0.0,,
515221435,高潜力首购用户,1.4890050797136691,1,,0.16697644332370162,1190.0,1.0,,
515231297,高潜力首购用户,1.3903777692891541,1,,0.14729852937121019,1702.0,1.0,,
515233707,高潜力首购用户,0.6456394195448757,1,,0.10099936413116349,3580.0,0.0,,
515236230,高潜力首购用户,0.6952190294457413,1,,0.10431260005688102,3398.0,0.0,,
515238368,高潜力首购用户,0.5123512827763018,1,,0.09287842965298593,4012.0,0.0,,
515239435,高潜力首购用户,1.279870531441367,1,,0.1593575933553898,1375.0,1.0,,
515241322,高潜力首购用户,1.255761513950037,1,,0.13487640544455345,2123.0,1.0,,
515244000,高潜力首购用户,0.2867215641746209,1,,0.07771198049078547,4819.0,0.0,,
515244481,高潜力首购用户,-0.02317174476373977,1,,0.06603991124491983,5378.0,0.0,,
515249728,高价值高摩擦用户,0.006129699817460403,0,5.386890024104619,,,,0.26055117369325764,6851.0
515251209,高潜力首购用户,1.8669792691581701,1,,0.18930278757057115,769.0,1.0,,
515264276,高潜力首购用户,1.4254440571634308,1,,0.15540417247549232,1483.0,1.0,,
515269707,高价值高摩擦用户,2.2342762440529396,0,5.711441954690332,,,,0.3467903523832473,3390.0
515281343,高潜力首购用户,2.4987053810650366,1,,0.2576960261293666,181.0,1.0,,
515300025,高潜力首购用户,0.7675158143263069,1,,0.10005644551451462,3628.0,0.0,,
515317209,高潜力首购用户,2.026620392078109,1,,0.19971051640582943,612.0,1.0,,
515318548,高潜力首购用户,1.8126799320693128,1,,0.172752993519141,1070.0,1.0,,
515321502,高潜力首购用户,3.215944586575365,3,,0.40841027415492603,12.0,1.0,,
515333322,高价值高摩擦用户,0.9179003632409382,0,5.722260695901975,,,,0.3898343570558968,2376.0
515334138,高潜力首购用户,1.0080320484985448,1,,0.11984231184163897,2679.0,1.0,,
515336230,高潜力首购用户,0.5384548313176089,1,,0.0988160093392864,3691.0,0.0,,
515347799,高价值高摩擦用户,2.290398633849238,0,6.3484023976602115,,,,0.3686605167635245,2843.0
515350615,高潜力首购用户,2.1752240753891203,1,,0.23018850448672365,340.0,1.0,,
515353163,高潜力首购用户,0.5494463893910141,1,,0.08885837233125539,4216.0,0.0,,
515356979,高潜力首购用户,0.5356970168245175,1,,0.08461688268997408,4436.0,0.0,,
515366912,高潜力首购用户,1.3936420148117155,2,,0.15889222962827276,1390.0,1.0,,
515368523,高潜力首购用户,0.010979936527228965,1,,0.06598899982498395,5381.0,0.0,,
515374389,高潜力首购用户,0.6999605286428627,2,,0.11566744472966385,2866.0,0.0,,
515374841,高潜力首购用户,0.5260486433006504,1,,0.10187856349181504,3535.0,0.0,,
515375594,高潜力首购用户,1.4103775137038552,1,,0.15848948023172355,1400.0,1.0,,
515376527,高潜力首购用户,0.7224369281879741,1,,0.11516016708729192,2890.0,0.0,,
515378682,高潜力首购用户,1.6184050131842531,1,,0.16108750092802213,1342.0,1.0,,
515379117,高潜力首购用户,0.6105185594764676,1,,0.08580062063023772,4385.0,0.0,,
515380866,高潜力首购用户,2.383781740555182,7,,0.34716890554004903,33.0,1.0,,
515382615,高潜力首购用户,-0.020167192231924275,1,,0.0692164463583629,5285.0,0.0,,
515383958,高潜力首购用户,1.5221954301553478,2,,0.18531005562458705,840.0,1.0,,
515384435,高潜力首购用户,0.9484964784721206,1,,0.11339067799640642,2965.0,0.0,,
515387707,高潜力首购用户,2.98814061599337,4,,0.3657671679963156,22.0,1.0,,
515390933,高价值高摩擦用户,1.6200072981412144,0,9.969876236067222,,,,0.6348684846620473,351.0
515392548,高潜力首购用户,1.0726296498361552,1,,0.12054488082908457,2653.0,1.0,,
515392912,高潜力首购用户,0.3688398050000972,1,,0.09750804377963128,3757.0,0.0,,
515397682,高潜力首购用户,0.48344209916075703,1,,0.09125271869741965,4078.0,0.0,,
515404004,高潜力首购用户,1.3843828883824456,1,,0.13567390106771254,2098.0,1.0,,
515406594,高潜力首购用户,0.6682675078888692,1,,0.0880055797617479,4261.0,0.0,,
515407481,高潜力首购用户,-0.05289660359766435,1,,0.06670280970857362,5364.0,0.0,,
515411845,高潜力首购用户,1.5584069214190046,1,,0.15976745834825734,1370.0,1.0,,
515419004,高潜力首购用户,0.9506269800584929,2,,0.12774404505988501,2397.0,1.0,,
515421686,高潜力首购用户,2.1842206251460805,4,,0.2894228401054039,96.0,1.0,,
515422707,高潜力首购用户,1.4105660967982019,1,,0.14816470707659543,1677.0,1.0,,
515425435,高潜力首购用户,1.9246973956392173,1,,0.19329104037029932,705.0,1.0,,
515429322,高潜力首购用户,2.5786208182342656,1,,0.2496036258367526,217.0,1.0,,
515433456,高潜力首购用户,0.6555281500795376,1,,0.09370080949275013,3976.0,0.0,,
515435368,高价值高摩擦用户,0.5365900366875188,0,5.770194240175453,,,,0.4056895786726662,2080.0
515437523,高潜力首购用户,2.1498258213868184,2,,0.2483623770947932,223.0,1.0,,
515439297,高潜力首购用户,0.06189570451246962,1,,0.06760141107146389,5344.0,0.0,,
515442435,高潜力首购用户,1.6976005442763549,2,,0.17655624079897864,1004.0,1.0,,
515445163,高潜力首购用户,0.4198684520747251,1,,0.09068661901926436,4123.0,0.0,,
515449933,高潜力首购用户,1.3185474370278412,2,,0.1576315921659901,1420.0,1.0,,
515450184,高潜力首购用户,2.066135335148145,1,,0.2060561639637698,546.0,1.0,,
515456707,高潜力首购用户,0.6127575702513566,1,,0.09072268027942368,4118.0,0.0,,
515457297,高潜力首购用户,1.215448972656718,1,,0.13583909432288452,2086.0,1.0,,
515471820,高价值高摩擦用户,1.8277601165320447,0,5.898574561270159,,,,0.2990691516734864,4989.0
515475410,高价值高摩擦用户,0.8690923386808674,0,6.013886290542711,,,,0.33147512232739923,3816.0
515479728,高潜力首购用户,0.45729603212794895,1,,0.08865739160389542,4229.0,0.0,,
515481640,高潜力首购用户,0.36964380374400213,1,,0.09433476691459865,3936.0,0.0,,
515483523,高潜力首购用户,1.6766940656331233,1,,0.1841465364426269,860.0,1.0,,
515483527,高潜力首购用户,3.135494478028207,1,,0.3244975773924917,47.0,1.0,,
515493276,高潜力首购用户,2.1307396771304785,1,,0.1893642985119376,768.0,1.0,,
515496912,高潜力首购用户,1.1204139233759562,1,,0.1329420396376147,2193.0,1.0,,
515503456,高潜力首购用户,0.7689677681524918,1,,0.10599381578246911,3293.0,0.0,,
515504389,高潜力首购用户,0.10046018076566232,3,,0.08211523464167962,4582.0,0.0,,
515508866,高价值高摩擦用户,1.8447806437813556,0,9.269793080479623,,,,0.5971567491760051,495.0
515515707,高潜力首购用户,1.5672328089467804,1,,0.17222695155978776,1080.0,1.0,,
515517661,高价值高摩擦用户,2.3206751335170437,0,8.23030440423048,,,,0.6205541803204219,396.0
515537435,高潜力首购用户,1.281642059285317,1,,0.13778113541192502,2011.0,1.0,,
515539000,高潜力首购用户,2.153772525455826,2,,0.2280136922102559,357.0,1.0,,
515540958,高潜力首购用户,1.583196153373178,1,,0.16872035142081596,1156.0,1.0,,
515547117,高潜力首购用户,0.7082089275533731,1,,0.10124951214059985,3566.0,0.0,,
515548435,高价值高摩擦用户,0.14053267944905737,0,6.356049065229209,,,,0.21857520470020628,9864.0
515553845,高潜力首购用户,1.4100035476607085,1,,0.13767220225363083,2016.0,1.0,,
515556887,高潜力首购用户,1.4278154703023327,1,,0.1486703352952344,1659.0,1.0,,
515558025,高价值高摩擦用户,-0.5589621472356999,0,5.2180468551514245,,,,0.28089139968127025,5778.0
515562527,高潜力首购用户,0.7122121296182611,1,,0.09831515267524243,3715.0,0.0,,
515562845,高潜力首购用户,1.7857405525898657,1,,0.18673101500291162,814.0,1.0,,
515565979,高潜力首购用户,1.739184905904304,1,,0.20084212152310038,599.0,1.0,,
515567138,高潜力首购用户,1.3631842845547804,2,,0.17109530259030467,1100.0,1.0,,
515567481,高潜力首购用户,0.7463679986521812,1,,0.10886224403466076,3162.0,0.0,,
515570209,高潜力首购用户,1.1546765829916998,2,,0.1465712891735017,1721.0,1.0,,
515571276,高潜力首购用户,0.27151050307859764,1,,0.08760392630378158,4285.0,0.0,,
515573322,高潜力首购用户,1.1753453778549448,1,,0.13730152820633695,2033.0,1.0,,
515574297,高价值高摩擦用户,-0.13714882557005512,0,5.321594343452531,,,,0.13500439052882648,16383.0
515574912,高潜力首购用户,1.3393440868380109,1,,0.14062776853883552,1910.0,1.0,,
515581640,高潜力首购用户,0.47661260330018945,1,,0.08929101874808355,4196.0,0.0,,
515601163,高潜力首购用户,2.279411487516768,1,,0.22209333027633998,401.0,1.0,,
515601322,高潜力首购用户,1.862501918229669,4,,0.24150628139378993,268.0,1.0,,
515602297,高潜力首购用户,0.9525138264720199,1,,0.1292516758568906,2340.0,1.0,,
515603456,高价值高摩擦用户,0.5531480436733826,0,5.5216808936657955,,,,0.19168681067873847,12130.0
515608297,高潜力首购用户,0.5539616114352085,2,,0.10808510286364506,3202.0,0.0,,
515610322,高潜力首购用户,1.2158406587643833,1,,0.12514810620493727,2490.0,1.0,,
515610845,高潜力首购用户,1.679777704672695,3,,0.2082289239046158,523.0,1.0,,
515612686,高潜力首购用户,0.7683229300956165,1,,0.103926773091782,3416.0,0.0,,
515614707,高潜力首购用户,0.8372469655829402,1,,0.11744382317374003,2786.0,0.0,,
515615456,高价值高摩擦用户,1.9539530541592631,1,5.491467581224304,,,,0.19907727960678065,11509.0
515616364,高潜力首购用户,1.7011944788713411,1,,0.1656616070203927,1223.0,1.0,,
515617071,高潜力首购用户,0.8575863899716398,1,,0.11896380181684725,2720.0,0.0,,
515622276,高潜力首购用户,1.0298478035792609,1,,0.12629673424368565,2449.0,1.0,,
515630230,高潜力首购用户,2.2979521022766582,1,,0.22167928076357832,403.0,1.0,,
515634686,高潜力首购用户,1.8448143941853299,1,,0.19322041162708345,706.0,1.0,,
515638912,高潜力首购用户,0.8430629692169326,1,,0.11208878326055058,3018.0,0.0,,
515641092,高潜力首购用户,0.3017148995638241,1,,0.08429112237516555,4457.0,0.0,,
515641958,高潜力首购用户,0.9040921877268956,1,,0.09419664925090393,3948.0,0.0,,
515644276,高潜力首购用户,0.8619875288664769,2,,0.11940446153458638,2701.0,1.0,,
515656046,高潜力首购用户,0.6266228084812681,1,,0.09689088358308656,3805.0,0.0,,
515657025,高潜力首购用户,1.5646940664549902,1,,0.16488429251759373,1243.0,1.0,,
515660025,高潜力首购用户,0.04676771687066147,1,,0.06645426185258387,5369.0,0.0,,
515662184,高价值高摩擦用户,0.940702344456827,0,6.3064395070398005,,,,0.4649989383549318,1322.0
515665297,高潜力首购用户,0.8350675448068218,1,,0.1138324889276574,2941.0,0.0,,
515672841,高潜力首购用户,2.2813480869888774,2,,0.24400448501885688,249.0,1.0,,
515677209,高潜力首购用户,1.5011390638321922,3,,0.1860883329042621,823.0,1.0,,
515680820,高潜力首购用户,1.452289743717988,1,,0.16234362390115853,1317.0,1.0,,
515709502,高潜力首购用户,1.866856695287364,1,,0.19482836828249703,680.0,1.0,,
515761251,高潜力首购用户,1.0022346000556261,1,,0.1214264334073596,2622.0,1.0,,
515763707,高潜力首购用户,1.0006062138202525,1,,0.12176630285933067,2610.0,1.0,,
515767368,高潜力首购用户,1.061859557392259,1,,0.1255965967652195,2472.0,1.0,,
515770707,高潜力首购用户,1.051639205644679,1,,0.12222745889862953,2591.0,1.0,,
515774389,高潜力首购用户,0.9745984887984177,1,,0.11730709607861119,2791.0,0.0,,
515774594,高潜力首购用户,0.3591317913579495,1,,0.08786971023143315,4272.0,0.0,,
515776184,高潜力首购用户,0.5912361674880864,1,,0.09559562878367134,3873.0,0.0,,
515776230,高价值高摩擦用户,0.7869719903667836,0,6.085827308556267,,,,0.3567091699770427,3118.0
515781979,高潜力首购用户,1.798072085784583,1,,0.1761395985746495,1012.0,1.0,,
515789640,高潜力首购用户,2.641504819145345,2,,0.29720943682067774,77.0,1.0,,
515790887,高潜力首购用户,1.3825086826373323,1,,0.12607490376624814,2454.0,1.0,,
515792184,高潜力首购用户,2.022508563023047,1,,0.19578132725204697,657.0,1.0,,
515792866,高潜力首购用户,0.4741540885634737,1,,0.10419307153115755,3403.0,0.0,,
515793707,高潜力首购用户,0.1998070857827071,1,,0.07697625514592946,4865.0,0.0,,
515793958,高价值高摩擦用户,2.2168968425453186,0,5.787740584053592,,,,0.40522576256418,2089.0
515795569,高潜力首购用户,0.43366994216968274,1,,0.08399632099228564,4474.0,0.0,,
515799456,高潜力首购用户,0.5442011110228213,1,,0.09943826133187304,3657.0,0.0,,
515800117,高潜力首购用户,1.8051868165630787,1,,0.1903923865030182,748.0,1.0,,
515800594,高潜力首购用户,1.276808512764877,1,,0.13587484464324706,2085.0,1.0,,
515801389,高价值高摩擦用户,0.7875424771434357,0,6.364672178594475,,,,0.3111620194624188,4514.0
515803887,高潜力首购用户,1.0473742060241014,1,,0.12491549696792917,2500.0,1.0,,
515809799,高潜力首购用户,0.2559033721891916,1,,0.07111436170556337,5201.0,0.0,,
515812000,高潜力首购用户,1.4406863170012405,2,,0.1620197940196767,1324.0,1.0,,
515816071,高价值高摩擦用户,-0.21882080263091253,0,6.577666623879863,,,,0.2692282165403082,6357.0
515817025,高潜力首购用户,1.5717598706622813,1,,0.1611330669794688,1340.0,1.0,,
515817184,高潜力首购用户,1.1571079250689877,1,,0.13308687550702272,2189.0,1.0,,
515819435,高价值高摩擦用户,2.0881018973697754,0,5.347165730082054,,,,0.1988827730127257,11523.0
515820958,高潜力首购用户,0.526568696318755,1,,0.09307986659676845,4001.0,0.0,,
515823456,高潜力首购用户,0.7660791726961226,1,,0.10367366643331238,3428.0,0.0,,
515824615,高潜力首购用户,1.6629825598865917,2,,0.1862719602006121,819.0,1.0,,
515833071,高潜力首购用户,0.6159020431530904,1,,0.08611176340163433,4368.0,0.0,,
515833615,高潜力首购用户,0.9620675285871818,2,,0.14121206121018035,1891.0,1.0,,
515834138,高潜力首购用户,2.798467761171215,3,,0.35313722220408356,29.0,1.0,,
515835548,高潜力首购用户,1.4889015323925168,1,,0.1568603501282575,1443.0,1.0,,
515841276,高潜力首购用户,2.304937707676172,2,,0.246532304936158,232.0,1.0,,
515843046,高潜力首购用户,0.5897323421303673,1,,0.09810014574383573,3730.0,0.0,,
515847845,高潜力首购用户,0.9603527367341972,1,,0.11969547876231844,2687.0,1.0,,
515855753,高潜力首购用户,1.6327109090092693,1,,0.16430738286663754,1263.0,1.0,,
515857092,高价值高摩擦用户,2.403272679783457,1,7.603010236618446,,,,0.41129627409193736,1980.0
515859343,高潜力首购用户,1.6105646984211723,1,,0.16065308169596526,1349.0,1.0,,
515862209,高潜力首购用户,0.8157311153062844,1,,0.10544558278329011,3326.0,0.0,,
515876297,高潜力首购用户,1.320329303281252,1,,0.1378642295357141,2007.0,1.0,,
515876661,高价值高摩擦用户,0.3921938861130922,0,5.52604041593588,,,,0.2756434216410496,6022.0
515880820,高潜力首购用户,2.64822808593247,2,,0.29892214193449457,75.0,1.0,,
515885820,高价值高摩擦用户,0.8216113077870256,1,5.292629794358401,,,,0.3558408528575315,3139.0
515887004,高潜力首购用户,0.8023931704035757,1,,0.10084471166502604,3590.0,0.0,,
515887251,高潜力首购用户,0.2923927992760028,1,,0.08064558381820619,4648.0,0.0,,
515892481,高潜力首购用户,0.6885748213885563,1,,0.10629906820683659,3282.0,0.0,,
515892912,高潜力首购用户,0.9633449277194339,1,,0.11766301103621432,2778.0,0.0,,
515893184,高价值高摩擦用户,1.8694453780847098,0,6.588083883734528,,,,0.4525726302478053,1453.0
515897753,高潜力首购用户,1.123559107293575,1,,0.1315111571360213,2247.0,1.0,,
515909958,高潜力首购用户,1.3746239588326505,1,,0.15173069302329795,1572.0,1.0,,
515911523,高潜力首购用户,0.4591504728498153,1,,0.09157721888538313,4065.0,0.0,,
515914163,高潜力首购用户,1.3787377085549422,1,,0.14559873859973585,1751.0,1.0,,
515914297,高潜力首购用户,1.676780276227852,1,,0.1665437099705088,1205.0,1.0,,
515920092,高潜力首购用户,-0.03933969341329646,1,,0.06773353830098182,5340.0,0.0,,
515922251,高潜力首购用户,2.1453541902403384,1,,0.21073712294376928,494.0,1.0,,
515924046,高潜力首购用户,0.2649435820799771,1,,0.08277914457502444,4543.0,0.0,,
515924435,高潜力首购用户,1.288686387226741,1,,0.13831455434434103,1991.0,1.0,,
515929686,高价值高摩擦用户,0.8144970733701488,0,5.844535230361502,,,,0.3821638669586139,2544.0
515931025,高潜力首购用户,0.002730555072202772,1,,0.07295081956122056,5107.0,0.0,,
515933728,高潜力首购用户,0.5724848026116184,1,,0.0912033861551422,4081.0,0.0,,
515934820,高价值高摩擦用户,1.3877869975648915,0,6.678284610754833,,,,0.4692002003090645,1279.0
515937979,高潜力首购用户,0.38861617786057545,1,,0.09096183564128116,4097.0,0.0,,
515944707,高潜力首购用户,0.7410842151399777,1,,0.10493527242063724,3358.0,0.0,,
515946205,高潜力首购用户,0.15454615274957376,1,,0.07428539195833188,5031.0,0.0,,
515949661,高潜力首购用户,0.6924541775912779,1,,0.10268022550838489,3486.0,0.0,,
515955163,高潜力首购用户,0.9082343384557298,1,,0.11155752534062796,3044.0,0.0,,
515959845,高潜力首购用户,1.1382796396996493,1,,0.1264535593347477,2442.0,1.0,,
515968640,高价值高摩擦用户,1.2545801222864983,0,6.448921039215766,,,,0.36982581960736594,2824.0
515971435,高潜力首购用户,2.7039289219678864,1,,0.2719846082592821,140.0,1.0,,
515975251,高潜力首购用户,1.505849567877067,1,,0.1586227358484893,1395.0,1.0,,
515984523,高潜力首购用户,0.9596221894648522,1,,0.11193833779457898,3026.0,0.0,,
515988686,高价值高摩擦用户,1.4957949786019553,2,5.477926915838518,,,,0.35239105849335434,3236.0
515991092,高潜力首购用户,2.1695117064208778,1,,0.21806416552289346,432.0,1.0,,
515991933,高潜力首购用户,0.8601170026008503,1,,0.1051543262653667,3344.0,0.0,,
515993117,高潜力首购用户,1.437796608309612,2,,0.17059086381581304,1114.0,1.0,,
515996933,高潜力首购用户,1.9649555201676276,1,,0.19033538056449514,749.0,1.0,,
515999410,高潜力首购用户,0.2900642624122111,1,,0.07584043762793453,4929.0,0.0,,
515999728,高潜力首购用户,1.3713658545111376,2,,0.173220482379496,1066.0,1.0,,
516009548,高潜力首购用户,1.8296212548667254,2,,0.21323695467803105,472.0,1.0,,
516011276,高潜力首购用户,0.4731969387001831,1,,0.0984682655628098,3707.0,0.0,,
516012728,高价值高摩擦用户,0.6763348691335245,1,5.7379713183928995,,,,0.35210909157910286,3248.0
516013251,高价值高摩擦用户,-0.04558906510494679,0,5.788419739373916,,,,0.11037362804839561,17187.0
516021117,高潜力首购用户,1.4803943512624655,2,,0.17319453149261307,1067.0,1.0,,
516027686,高潜力首购用户,0.7846618968394892,1,,0.10344482066275804,3439.0,0.0,,
516029594,高潜力首购用户,0.22870213540313708,1,,0.07950298112724419,4721.0,0.0,,
516036297,高价值高摩擦用户,0.8069996178399941,0,5.632716026222341,,,,0.3934947287999547,2292.0
516040205,高潜力首购用户,1.3698737121277589,2,,0.16469180933390476,1250.0,1.0,,
516045933,高潜力首购用户,0.2179690669529983,1,,0.07975035708296034,4701.0,0.0,,
516047364,高潜力首购用户,0.34083902010526734,1,,0.08027011612084949,4672.0,0.0,,
516065071,高潜力首购用户,2.016947768531888,1,,0.2012867683770531,594.0,1.0,,
516068251,高潜力首购用户,2.1381213232888814,2,,0.2190088187945556,424.0,1.0,,
516073364,高价值高摩擦用户,0.3482730651464499,0,6.73894009904607,,,,0.2286080152279272,9057.0
516073410,高价值高摩擦用户,0.608942826567639,0,5.94437293957413,,,,0.4096556934047251,2012.0
516075502,高潜力首购用户,1.3450481241231478,1,,0.13740671186528694,2030.0,1.0,,
516081389,高潜力首购用户,1.6080044030151603,1,,0.1562350892837611,1460.0,1.0,,
516086799,高潜力首购用户,0.8915170532224179,1,,0.11254868945883248,3007.0,0.0,,
516087661,高潜力首购用户,1.2596809801299356,1,,0.14401177759030054,1797.0,1.0,,
516089343,高潜力首购用户,1.7098485941249166,1,,0.17489219401044087,1035.0,1.0,,
516091276,高潜力首购用户,1.0360609983264728,1,,0.12451162839653693,2512.0,1.0,,
516098046,高潜力首购用户,0.5929882381108987,1,,0.1014512062029855,3556.0,0.0,,
516098548,高潜力首购用户,1.1078141231601133,1,,0.11864685566182438,2735.0,0.0,,
516099071,高价值高摩擦用户,1.4382692843962062,0,6.124868527769792,,,,0.2981301271663558,5028.0
516103230,高价值高摩擦用户,1.2648023913984217,0,6.31334422115834,,,,0.25961091210916526,6924.0
516103481,高潜力首购用户,1.1671079822991988,1,,0.13408495433295659,2154.0,1.0,,
516106209,高潜力首购用户,1.5731797114451862,1,,0.17181810080129206,1090.0,1.0,,
516106364,高潜力首购用户,1.241491190633041,1,,0.13958890133881433,1943.0,1.0,,
516107251,高价值高摩擦用户,2.59727439809098,4,7.225579721230867,,,,0.39484165814958827,2268.0
516108276,高价值高摩擦用户,1.4275168730232395,0,5.839086333994651,,,,0.2839943319150272,5650.0
516116138,高价值高摩擦用户,1.5010749403481605,0,9.003548120823327,,,,0.6417545826803854,331.0
516121481,高潜力首购用户,0.1532534950120081,1,,0.07745233125386208,4835.0,0.0,,
516123410,高潜力首购用户,0.1745695596064424,1,,0.0834033472261547,4509.0,0.0,,
516125523,高潜力首购用户,0.6469048313268452,2,,0.10457251936876914,3384.0,0.0,,
516126251,高潜力首购用户,0.8451829686928128,1,,0.10594234598834099,3299.0,0.0,,
516128389,高潜力首购用户,1.545075188174516,3,,0.19466905003663895,684.0,1.0,,
516128887,高潜力首购用户,1.5035825254184225,1,,0.1601393787782632,1363.0,1.0,,
516130774,高潜力首购用户,1.1771645243134525,1,,0.13086038970317723,2276.0,1.0,,
516132820,高潜力首购用户,1.6236857232778845,1,,0.1636589130498662,1289.0,1.0,,
516134205,高价值高摩擦用户,2.59378909095137,0,5.878731240083704,,,,0.3868204155108372,2438.0
516138025,高潜力首购用户,0.9921400733236106,1,,0.10849600625494477,3183.0,0.0,,
516138887,高潜力首购用户,0.38004762468398506,1,,0.07987185671486173,4692.0,0.0,,
516147456,高潜力首购用户,0.7930448958104317,1,,0.10879243730454065,3166.0,0.0,,
516151343,高潜力首购用户,1.397553805800025,1,,0.14943730720970927,1634.0,1.0,,
516174000,高潜力首购用户,1.5159684981677204,4,,0.20882120485621072,515.0,1.0,,
516176799,高潜力首购用户,2.2145961105449707,2,,0.2463838261153442,234.0,1.0,,
516181728,高潜力首购用户,3.2986632238658955,1,,0.3477114193535552,32.0,1.0,,
516183004,高潜力首购用户,0.9131949726653849,1,,0.11947085313937415,2698.0,1.0,,
516195230,高潜力首购用户,1.3834017452291096,1,,0.14991525183615143,1620.0,1.0,,
516197820,高潜力首购用户,0.7064970623896197,1,,0.10746170691700428,3230.0,0.0,,
516197979,高潜力首购用户,1.8268019456646065,1,,0.18845099178644525,784.0,1.0,,
516198594,高潜力首购用户,1.6305973406872958,1,,0.15126310606992657,1583.0,1.0,,
516201000,高价值高摩擦用户,2.456277528629973,0,6.572914377676273,,,,0.5356218771232446,769.0
516201205,高潜力首购用户,0.808980952030625,1,,0.11344120232655547,2963.0,0.0,,
516202707,高潜力首购用户,0.7118495995625023,1,,0.10518439965713257,3338.0,0.0,,
516207569,高潜力首购用户,1.2701833419590638,1,,0.13962193832577205,1940.0,1.0,,
516208866,高潜力首购用户,0.2195349967044303,1,,0.08269545286189679,4551.0,0.0,,
516209456,高价值高摩擦用户,1.425516586546823,1,5.588577363295789,,,,0.3184566166414704,4254.0
516212184,高潜力首购用户,0.12847531942860704,1,,0.07287141896875952,5113.0,0.0,,
516217728,高潜力首购用户,1.37096663627156,3,,0.180525064570964,926.0,1.0,,
516219322,高潜力首购用户,0.7732563796286843,1,,0.09670495241853662,3810.0,0.0,,
516222523,高潜力首购用户,1.65322889689517,2,,0.18416980148534942,859.0,1.0,,
516225569,高潜力首购用户,0.379031105466775,2,,0.0971777205200674,3780.0,0.0,,
516232887,高价值高摩擦用户,-0.1585992791024473,0,6.505828902172136,,,,0.40160304926888546,2148.0
516235435,高潜力首购用户,1.0537980311040236,1,,0.12953639034429312,2329.0,1.0,,
516236682,高潜力首购用户,0.40475088640110063,1,,0.10140788214289637,3558.0,0.0,,
516247502,高潜力首购用户,1.9018554185147643,2,,0.21365347484500252,467.0,1.0,,
516253230,高潜力首购用户,2.2839767920420786,1,,0.22813036144084153,356.0,1.0,,
516253322,高潜力首购用户,0.7730224640712415,2,,0.12273954942946178,2565.0,1.0,,
516256481,高潜力首购用户,1.6955830131017013,2,,0.18056380984762907,924.0,1.0,,
516257389,高潜力首购用户,1.252964394667952,1,,0.13961092877774386,1942.0,1.0,,
516259138,高潜力首购用户,0.940852621859586,1,,0.10969567804659941,3129.0,0.0,,
516259368,高价值高摩擦用户,2.1640968346396465,0,5.834876524372257,,,,0.4358432573280028,1663.0
516263686,高潜力首购用户,0.5366434132383956,1,,0.10234684032074462,3501.0,0.0,,
516272251,高潜力首购用户,0.5715459500576194,1,,0.09534297963367264,3895.0,0.0,,
516277523,高潜力首购用户,0.7671512992908857,1,,0.10043653082578521,3615.0,0.0,,
516277682,高潜力首购用户,-0.003555721606230781,1,,0.06826407443083013,5325.0,0.0,,
516279025,高价值高摩擦用户,-0.3225035539858883,0,5.7745515455444085,,,,0.3312606590849558,3821.0
516287912,高潜力首购用户,0.7476015682609396,1,,0.10195755667916527,3529.0,0.0,,
516289753,高潜力首购用户,1.2657122826469767,1,,0.1508045086383252,1593.0,1.0,,
516290297,高潜力首购用户,0.9224362579985365,1,,0.11641911925813607,2829.0,0.0,,
516291523,高潜力首购用户,1.5238493164392206,1,,0.16204803699459192,1321.0,1.0,,
516296841,高潜力首购用户,2.8781880037763017,3,,0.33974934189026684,41.0,1.0,,
516301364,高潜力首购用户,1.0799279529765693,1,,0.13834599573210896,1989.0,1.0,,
516306209,高潜力首购用户,0.8219106244842406,1,,0.11505497742860368,2891.0,0.0,,
516308000,高价值高摩擦用户,0.6422118964010218,0,6.2493572907490105,,,,0.26539701606302657,6567.0
516309774,高潜力首购用户,1.261553503933808,1,,0.12790809453193128,2389.0,1.0,,
516311523,高潜力首购用户,1.0512680147355304,2,,0.13014035768252188,2307.0,1.0,,
516314799,高潜力首购用户,0.9800776310230029,2,,0.13976428961421894,1935.0,1.0,,
516317661,高潜力首购用户,1.690299799734036,1,,0.16515510311853623,1236.0,1.0,,
516318343,高潜力首购用户,2.0976138954761754,1,,0.1986930407206117,624.0,1.0,,
516323000,高价值高摩擦用户,0.4231572521085177,0,5.446176869786889,,,,0.2956567583745273,5150.0
516326368,高潜力首购用户,0.12315758617939837,1,,0.07488452652507908,4986.0,0.0,,
516334389,高价值高摩擦用户,1.248385083491444,0,5.56409886254648,,,,0.3220411866128097,4129.0
516338322,高潜力首购用户,0.4086761177903165,1,,0.08661111572983575,4353.0,0.0,,
516341435,高价值高摩擦用户,1.2349353872372213,1,6.5227690400552945,,,,0.3197170004502216,4206.0
516346004,高潜力首购用户,0.7150385961974535,1,,0.09895287693313604,3682.0,0.0,,
516347594,高潜力首购用户,0.5910204301241784,1,,0.09514250864712262,3905.0,0.0,,
516348004,高潜力首购用户,0.7449434861434964,1,,0.11605788711254178,2843.0,0.0,,
516353184,高价值高摩擦用户,1.1955235956645904,0,6.059911436240356,,,,0.46538814796132355,1319.0
516354343,高潜力首购用户,0.35745786719879874,1,,0.08182224561172788,4597.0,0.0,,
516354456,高潜力首购用户,1.7469748791832427,1,,0.18091139425762967,916.0,1.0,,
516357527,高潜力首购用户,0.6613787419555138,1,,0.1006419369196298,3597.0,0.0,,
516360887,高潜力首购用户,1.91779866993508,1,,0.18980237691519325,758.0,1.0,,
516363368,高潜力首购用户,1.6985098095663105,1,,0.18576445599120545,831.0,1.0,,
516369092,高潜力首购用户,1.0924902426010892,1,,0.13307736428922404,2190.0,1.0,,
516370230,高潜力首购用户,0.6747435208089888,3,,0.13714388846216768,2040.0,1.0,,
516370820,高潜力首购用户,0.3069174268908372,1,,0.08803371165208086,4260.0,0.0,,
516382707,高潜力首购用户,0.339040733371712,1,,0.08611168701081705,4369.0,0.0,,
516397820,高潜力首购用户,0.3004339480342215,1,,0.08249816026651789,4562.0,0.0,,
516398979,高潜力首购用户,0.42701218774143324,1,,0.08408095509568161,4469.0,0.0,,
516399933,高潜力首购用户,0.2594991301476749,2,,0.08781842705748177,4275.0,0.0,,
516401958,高潜力首购用户,1.703975790536391,1,,0.17821673577232477,964.0,1.0,,
516440887,高潜力首购用户,1.3171635162213986,1,,0.13465290950691614,2130.0,1.0,,
516442435,高价值高摩擦用户,0.6516710134148699,0,5.652832980811593,,,,0.2098200072566679,10568.0
516443435,高价值高摩擦用户,1.2100710143812463,0,5.689345426858432,,,,0.3744533897253975,2714.0
516450841,高潜力首购用户,0.13182654426172496,1,,0.07952560663677889,4720.0,0.0,,
516460481,高潜力首购用户,2.312310670895251,1,,0.23015509647933796,341.0,1.0,,
516461845,高价值高摩擦用户,2.8297033218444114,0,10.303863257214735,,,,0.7059080421251701,193.0
516463209,高潜力首购用户,2.0627629768657982,1,,0.21496599257634444,457.0,1.0,,
516465410,高潜力首购用户,0.4086761177903165,1,,0.08661111572983575,4353.0,0.0,,
516467523,高潜力首购用户,0.29755823241626084,2,,0.09470149585099114,3923.0,0.0,,
516467661,高潜力首购用户,1.5523806068861499,1,,0.15054276398793892,1600.0,1.0,,
516479368,高潜力首购用户,0.22870213540313708,1,,0.07950298112724419,4721.0,0.0,,
516485410,高潜力首购用户,1.279230713665398,1,,0.14547009076213,1754.0,1.0,,
516486523,高潜力首购用户,1.1085971121990827,1,,0.13129899309983165,2256.0,1.0,,
516487569,高潜力首购用户,1.8970901279515873,1,,0.19527308136344895,670.0,1.0,,
516492661,高价值高摩擦用户,1.4335571976287422,0,7.023984515525064,,,,0.24996333085348343,7510.0
516494163,高潜力首购用户,1.3190408897920973,1,,0.1357521520658416,2092.0,1.0,,
516495661,高潜力首购用户,0.6843372426836023,1,,0.11356577277412382,2950.0,0.0,,
516496887,高潜力首购用户,2.2355412468610703,1,,0.2250407850077291,376.0,1.0,,
516503251,高潜力首购用户,1.228539421540346,1,,0.13454525540957807,2131.0,1.0,,
516504820,高潜力首购用户,0.25764069267198064,1,,0.08335305280996103,4512.0,0.0,,
516509887,高潜力首购用户,3.266445530988437,3,,0.39202988546540873,15.0,1.0,,
516518117,高潜力首购用户,1.1496939353963442,2,,0.15008137795925597,1616.0,1.0,,
516518640,高价值高摩擦用户,1.8214803473745274,1,6.246379481664652,,,,0.3215424727952012,4151.0
516523527,高潜力首购用户,0.7212367080075667,1,,0.1049431183219087,3356.0,0.0,,
516527640,高潜力首购用户,2.3081233325229267,2,,0.2378592489653793,290.0,1.0,,
516541343,高价值高摩擦用户,0.8014784500701415,0,6.323928762331656,,,,0.2987493587603762,5008.0
516542004,高潜力首购用户,0.9150489733186365,1,,0.11575047010289931,2864.0,0.0,,
516546276,高价值高摩擦用户,1.1663653842778237,0,8.699586078999426,,,,0.38222840179813566,2539.0
516546640,高价值高摩擦用户,0.6779135601294636,0,7.472989539413744,,,,0.3021272585374098,4865.0
516551523,高潜力首购用户,1.1917315950526053,1,,0.14173710436987197,1878.0,1.0,,
516569661,高价值高摩擦用户,3.0976665194889415,0,7.728762550694994,,,,0.5267107915318543,822.0
516571410,高潜力首购用户,1.4236947440631045,1,,0.1606551434450499,1348.0,1.0,,
516583297,高潜力首购用户,0.3648727667856371,3,,0.09839013522374042,3710.0,0.0,,
516584092,高潜力首购用户,0.8054901207564646,1,,0.11304309526477575,2979.0,0.0,,
516590527,高潜力首购用户,0.4287550913260047,2,,0.09508180293970746,3907.0,0.0,,
516597297,高潜力首购用户,0.8544146692916513,1,,0.11205227471762992,3020.0,0.0,,
516599707,高潜力首购用户,1.2733368342439588,1,,0.13799465672505273,2003.0,1.0,,
516602753,高潜力首购用户,0.9330739788031845,1,,0.11625363164198116,2835.0,0.0,,
516605138,高潜力首购用户,1.269705674769552,1,,0.13437396697325835,2138.0,1.0,,
516607912,高潜力首购用户,0.8349575003760821,1,,0.09938590909060042,3659.0,0.0,,
516618343,高潜力首购用户,1.4360108042692818,1,,0.15066432226025134,1594.0,1.0,,
516624117,高潜力首购用户,0.5977260100640261,1,,0.09540998313945769,3885.0,0.0,,
516633841,高价值高摩擦用户,-0.12398547631548323,0,6.131682907047926,,,,0.37853046738553564,2621.0
516638527,高价值高摩擦用户,1.919249707489967,0,7.359901887012108,,,,0.35583053316426666,3140.0
516640000,高潜力首购用户,-0.033443403311005294,1,,0.07102115538225495,5210.0,0.0,,
516640435,高潜力首购用户,1.9178236820734487,1,,0.19894648387856262,621.0,1.0,,
516644594,高价值高摩擦用户,1.6526371468552794,0,5.603996137946053,,,,0.32376584543429043,4059.0
516648841,高潜力首购用户,1.483952434453508,2,,0.1717495072224041,1091.0,1.0,,
516650569,高潜力首购用户,1.3624420990396626,1,,0.14072567425211666,1906.0,1.0,,
516665389,高潜力首购用户,1.6883387401520098,2,,0.19223824436735437,720.0,1.0,,
516666410,高潜力首购用户,2.183409445405315,1,,0.21718384056263845,439.0,1.0,,
516668569,高潜力首购用户,1.2423709345162972,1,,0.13567416417685965,2097.0,1.0,,
516673343,高潜力首购用户,0.8855132527101657,1,,0.11585961587680765,2855.0,0.0,,
516673774,高潜力首购用户,0.1394646515094229,1,,0.09126360410176754,4077.0,0.0,,
516674481,高潜力首购用户,1.4478904807598294,1,,0.15905832103449372,1385.0,1.0,,
516677774,高潜力首购用户,1.0670311237694818,1,,0.12122737840529917,2631.0,1.0,,
516680071,高潜力首购用户,1.9607483039901645,2,,0.21578116940601408,449.0,1.0,,
516681209,高潜力首购用户,1.5802147692077468,3,,0.19473437109584232,683.0,1.0,,
516687251,高潜力首购用户,0.5940276354908204,1,,0.08515373014215476,4418.0,0.0,,
516687887,高价值高摩擦用户,0.6435468184660689,0,6.384350873009287,,,,0.2849324634088289,5604.0
516689682,高潜力首购用户,3.3541311205436615,3,,0.40745495308451474,13.0,1.0,,
516689707,高潜力首购用户,0.8170545810446516,1,,0.11054294105975516,3092.0,0.0,,
516691000,高潜力首购用户,1.4284349610127347,1,,0.14671505148575925,1720.0,1.0,,
516693958,高潜力首购用户,1.4825782265074245,1,,0.1612208383907067,1336.0,1.0,,
516696728,高价值高摩擦用户,0.9808423299379895,0,6.219227412942013,,,,0.29001493287784946,5382.0
516698025,高潜力首购用户,0.8025434271666608,1,,0.10785517468073526,3214.0,0.0,,
516707138,高潜力首购用户,1.2022452899646325,1,,0.13129245868400216,2257.0,1.0,,
516707548,高潜力首购用户,1.2853956552932722,1,,0.13290607240172328,2195.0,1.0,,
516710753,高潜力首购用户,0.47682596449125425,1,,0.10219421026006432,3518.0,0.0,,
516711209,高潜力首购用户,0.583557341127395,2,,0.11159381382705358,3041.0,0.0,,
516719728,高潜力首购用户,0.8701065425622446,1,,0.1188927315658212,2728.0,0.0,,
516723004,高潜力首购用户,1.6441072210768077,1,,0.1668935247817254,1194.0,1.0,,
516728548,高潜力首购用户,0.8201628855093297,3,,0.1436020068081527,1816.0,1.0,,
516733138,高潜力首购用户,0.7459654427153555,1,,0.11031371269441924,3100.0,0.0,,
516745163,高潜力首购用户,2.229677176036771,1,,0.22410203442450766,385.0,1.0,,
516745209,高潜力首购用户,1.181092401697401,2,,0.13989873037736816,1929.0,1.0,,
516748209,高潜力首购用户,1.1994124891880065,1,,0.1296280190321044,2322.0,1.0,,
516753933,高潜力首购用户,0.5972759149929991,1,,0.09006999664925905,4159.0,0.0,,
516766548,高潜力首购用户,1.4842131808112642,2,,0.16830160695662494,1163.0,1.0,,
516778209,高价值高摩擦用户,1.662000022147664,0,5.40748741670618,,,,0.2613874528706858,6792.0
516779456,高潜力首购用户,1.196966762620369,1,,0.1293462246682398,2333.0,1.0,,
516783502,高潜力首购用户,2.353780176752519,2,,0.2786753435911735,121.0,1.0,,
516784958,高潜力首购用户,1.8331258503844088,1,,0.18083954616319345,919.0,1.0,,
516789000,高潜力首购用户,1.3419740484645803,1,,0.14101362362595143,1895.0,1.0,,
516799004,高潜力首购用户,1.2963631207937472,1,,0.13563575279089696,2100.0,1.0,,
516802276,高潜力首购用户,1.3406659657911646,1,,0.14500125058602367,1766.0,1.0,,
516803410,高潜力首购用户,0.9447317008666728,1,,0.11504846024067826,2892.0,0.0,,
516803615,高潜力首购用户,0.9939771507818157,2,,0.12548952164553573,2477.0,1.0,,
516811322,高潜力首购用户,1.7290115446814827,1,,0.17478634397822268,1037.0,1.0,,
516811364,高潜力首购用户,0.29000959803785614,1,,0.08154638762767398,4608.0,0.0,,
516817117,高潜力首购用户,0.9432755105888492,1,,0.11897166942203555,2719.0,0.0,,
516820071,高潜力首购用户,2.4210119255636804,2,,0.2595907015603446,177.0,1.0,,
516824887,高潜力首购用户,0.8349958133121494,1,,0.10338130142026017,3446.0,0.0,,
516834933,高潜力首购用户,0.6492078415109898,1,,0.08717590188112362,4318.0,0.0,,
516841276,高价值高摩擦用户,2.3077098285828366,0,8.36733262919364,,,,0.5053328109057232,963.0
516844343,高潜力首购用户,1.278517615609769,3,,0.17360391022585667,1060.0,1.0,,
516858912,高价值高摩擦用户,1.4452743815811706,0,5.574173537863827,,,,0.29803361210114243,5033.0
516860866,高潜力首购用户,1.5752909864202855,1,,0.15686899787468303,1442.0,1.0,,
516864502,高潜力首购用户,1.814932450873706,3,,0.2140886691456526,463.0,1.0,,
516867774,高潜力首购用户,1.5646713212724712,1,,0.16617519866844555,1212.0,1.0,,
516869276,高潜力首购用户,2.221449706013132,1,,0.21560516116661618,451.0,1.0,,
516870209,高潜力首购用户,1.4661581440948555,1,,0.1508593113708822,1591.0,1.0,,
516870502,高潜力首购用户,2.764388159440788,3,,0.3442355733795365,35.0,1.0,,
516873845,高潜力首购用户,1.7431761332106899,2,,0.1942268445387176,692.0,1.0,,
516877071,高潜力首购用户,1.6024485499558114,1,,0.15847258002376768,1401.0,1.0,,
516881435,高潜力首购用户,0.9313833728682455,1,,0.12424801853038785,2523.0,1.0,,
516881841,高潜力首购用户,2.0253874745478258,1,,0.19856109095140018,626.0,1.0,,
516893046,高潜力首购用户,0.9935205611011827,2,,0.1408378113172362,1903.0,1.0,,
516894322,高潜力首购用户,0.9760655688151582,1,,0.1291720861684293,2341.0,1.0,,
516909004,高潜力首购用户,1.246432900777991,1,,0.1420427238149851,1865.0,1.0,,
516912502,高潜力首购用户,1.8813524670467991,2,,0.2223567724610757,399.0,1.0,,
516922527,高潜力首购用户,1.3214776243985327,3,,0.17037771884567626,1118.0,1.0,,
516947569,高价值高摩擦用户,1.0638063338632526,0,5.737910111883728,,,,0.18100449305032254,13060.0
516970527,高潜力首购用户,0.6876249554313713,1,,0.09768374881500949,3750.0,0.0,,
516976958,高潜力首购用户,0.9219360759664843,1,,0.10736778422061424,3235.0,0.0,,
516981046,高潜力首购用户,1.1504368436849817,1,,0.13126728481913016,2259.0,1.0,,
516988728,高潜力首购用户,1.38236156819928,1,,0.14171629615562056,1879.0,1.0,,
516995046,高潜力首购用户,0.81323963594708,1,,0.11344196368972423,2962.0,0.0,,
516998615,高潜力首购用户,0.6584427266341858,1,,0.10748582795401086,3229.0,0.0,,
517002117,高潜力首购用户,0.4590367168661051,1,,0.09150849547805645,4067.0,0.0,,
517002456,高潜力首购用户,2.0448222848511057,3,,0.25578629843257356,192.0,1.0,,
517004251,高潜力首购用户,1.5890816569454163,1,,0.16742645613472293,1182.0,1.0,,
517005435,高价值高摩擦用户,1.0764116953737781,0,7.195896933309987,,,,0.3575553916144096,3099.0
517005912,高潜力首购用户,0.10621715319102283,1,,0.07347378973064093,5072.0,0.0,,
517006548,高潜力首购用户,0.46226732733724224,1,,0.0918346974848641,4048.0,0.0,,
517009117,高潜力首购用户,0.08858254435709674,1,,0.07572249441132899,4939.0,0.0,,
517011845,高潜力首购用户,1.8024766797733933,1,,0.18774970832343194,799.0,1.0,,
517013209,高潜力首购用户,2.0297420565588666,1,,0.204465679778196,559.0,1.0,,
517013661,高潜力首购用户,0.44094360595917914,1,,0.08970078834731489,4180.0,0.0,,
517015205,高潜力首购用户,0.23526566422295658,1,,0.07827637255786035,4788.0,0.0,,
517016912,高潜力首购用户,0.7858323880722967,2,,0.12767957909114694,2401.0,1.0,,
517020004,高潜力首购用户,0.3566203002388521,3,,0.0941330615077187,3954.0,0.0,,
517025322,高潜力首购用户,0.9622820962073413,1,,0.12367591319405749,2542.0,1.0,,
517028912,高潜力首购用户,1.7202650679208196,1,,0.17141793760997254,1094.0,1.0,,
517031389,高潜力首购用户,0.8513587874208896,1,,0.11168410758682434,3038.0,0.0,,
517034276,高潜力首购用户,0.9374727307915193,1,,0.10700874997177345,3255.0,0.0,,
517050163,高潜力首购用户,0.23586848183208095,2,,0.09050357488683408,4135.0,0.0,,
517050548,高价值高摩擦用户,1.4081063555304099,0,7.69332119040672,,,,0.30785620979139505,4648.0
517059071,高潜力首购用户,0.3928909967000487,1,,0.08510878377144786,4421.0,0.0,,
517060410,高潜力首购用户,0.8370023053643783,1,,0.11485389427803373,2901.0,0.0,,
517064912,高潜力首购用户,1.2154710410511236,1,,0.1361199718256333,2077.0,1.0,,
517065887,高潜力首购用户,0.3945118750153244,1,,0.08304948554909519,4527.0,0.0,,
517068640,高潜力首购用户,0.8807025727659061,1,,0.10491539099034074,3362.0,0.0,,
517072025,高价值高摩擦用户,0.17090452157627814,0,9.005444317801208,,,,0.3987911642914751,2197.0
517073615,高潜力首购用户,1.6781512164434924,1,,0.18776462021702336,798.0,1.0,,
517085640,高潜力首购用户,0.3158492713333126,1,,0.08023519517506002,4673.0,0.0,,
517088184,高潜力首购用户,0.2872454618534056,1,,0.08129569761524758,4616.0,0.0,,
517094933,高价值高摩擦用户,0.7043195097294204,2,6.32648573146188,,,,0.3122828232401984,4469.0
517101276,高价值高摩擦用户,0.5727769229294524,0,8.045382215617511,,,,0.4520039169264543,1463.0
517106343,高潜力首购用户,0.3337654541656208,1,,0.08444435519796115,4447.0,0.0,,
517106820,高价值高摩擦用户,1.1271028847580593,0,6.406467359696634,,,,0.35975321418515793,3053.0
517122548,高价值高摩擦用户,1.6605066459349602,0,5.8092229871141985,,,,0.44844618512486395,1508.0
517126456,高潜力首购用户,2.369220238350183,2,,0.2621546935979072,172.0,1.0,,
517127251,高潜力首购用户,1.1192167579889223,1,,0.12915069511825006,2343.0,1.0,,
517130209,高潜力首购用户,0.6176913118111669,1,,0.09753742682708583,3755.0,0.0,,
517136820,高潜力首购用户,1.5572761163917423,1,,0.16337721969711114,1294.0,1.0,,
517139912,高潜力首购用户,0.804134968689907,1,,0.1193076453223153,2706.0,0.0,,
517140774,高潜力首购用户,1.1301896991602158,1,,0.12537387919677306,2482.0,1.0,,
517166933,高价值高摩擦用户,2.0732231337336606,0,5.435853230563797,,,,0.2634887346601929,6665.0
517178368,高潜力首购用户,2.2061866267566383,2,,0.2256572608977151,368.0,1.0,,
517183682,高潜力首购用户,0.08212294824538198,1,,0.06916393794070665,5286.0,0.0,,
517191435,高潜力首购用户,2.3348167015011767,1,,0.22714305630416204,360.0,1.0,,
517192728,高潜力首购用户,0.23197775952908373,1,,0.07537809776029004,4956.0,0.0,,
517193184,高潜力首购用户,0.8824651531739081,1,,0.11345396471168281,2961.0,0.0,,
517210887,高价值高摩擦用户,0.7648518007356349,0,7.80025524148305,,,,0.41071129878421586,1988.0
517211184,高潜力首购用户,0.9162434887122451,1,,0.12388062775443565,2532.0,1.0,,
517219046,高潜力首购用户,2.359729407019019,1,,0.2537910331219067,201.0,1.0,,
517220276,高潜力首购用户,1.6617032769156965,1,,0.14596819459187205,1738.0,1.0,,
517238251,高潜力首购用户,0.7316453360079609,1,,0.10076293264942665,3593.0,0.0,,
517243251,高价值高摩擦用户,1.203604395292702,0,6.526883823864171,,,,0.3007196756966347,4923.0
517243933,高潜力首购用户,1.3951034599796026,2,,0.16557891938316843,1227.0,1.0,,
517249410,高价值高摩擦用户,1.507191820086934,0,5.793202614911529,,,,0.27417143211182626,6085.0
517253368,高潜力首购用户,1.3489260128933935,1,,0.13631086535980802,2069.0,1.0,,
517254046,高潜力首购用户,1.2771234630534158,1,,0.149272830365025,1639.0,1.0,,
517261682,高潜力首购用户,1.4909646149416529,1,,0.14976356303474653,1628.0,1.0,,
517265548,高价值高摩擦用户,1.5918940233968402,3,5.498069458404876,,,,0.31733610840900606,4295.0
517269117,高潜力首购用户,1.5929906129551554,2,,0.17908194919574505,948.0,1.0,,
517269322,高潜力首购用户,0.3827366221313882,1,,0.0870413914055471,4324.0,0.0,,
517271046,高价值高摩擦用户,2.0849240729255674,0,5.853818578765658,,,,0.3401913043417557,3565.0
517280230,高潜力首购用户,1.6002591039133172,1,,0.16290413417204275,1309.0,1.0,,
517290368,高潜力首购用户,0.9892636007964564,1,,0.10941603528034552,3139.0,0.0,,
517297163,高潜力首购用户,1.743709397908053,1,,0.18918790242872927,772.0,1.0,,
517297640,高潜力首购用户,2.486666700840345,2,,0.2731528036168896,138.0,1.0,,
517298866,高潜力首购用户,1.0102191637562068,1,,0.12012234207999387,2674.0,1.0,,
517299594,高潜力首购用户,0.8923638043132852,1,,0.11296453609168226,2984.0,0.0,,
517315707,高价值高摩擦用户,1.8510440094755414,1,6.856182593341764,,,,0.32215524172503024,4120.0
517318866,高潜力首购用户,-0.04448226365272647,1,,0.0743742155383378,5020.0,0.0,,
517362456,高潜力首购用户,0.7192801466116356,1,,0.10492947259608337,3359.0,0.0,,
517368000,高价值高摩擦用户,2.886607591182783,0,5.8383774681234275,,,,0.410252360730262,1999.0
517394502,高潜力首购用户,1.7190075250487358,1,,0.17377326599392443,1054.0,1.0,,
517396251,高潜力首购用户,0.47342688461244303,1,,0.09302762619690554,4003.0,0.0,,
517398958,高潜力首购用户,-0.03158166015248628,1,,0.07117024887805218,5199.0,0.0,,
517400707,高潜力首购用户,0.431108380849069,1,,0.0844642712827353,4445.0,0.0,,
517411138,高潜力首购用户,-0.037683387247492796,1,,0.0749437813608512,4983.0,0.0,,
517413205,高潜力首购用户,0.4510056341945421,2,,0.10123609686618548,3569.0,0.0,,
517418368,高潜力首购用户,0.5205443579877582,1,,0.0876482950410014,4283.0,0.0,,
517420004,高潜力首购用户,2.2363562035996587,2,,0.21877537629721355,428.0,1.0,,
517421138,高潜力首购用户,1.2072159603594006,1,,0.1539372813585311,1514.0,1.0,,
517424661,高潜力首购用户,0.4343484866967257,1,,0.08680302039195686,4339.0,0.0,,
517429866,高潜力首购用户,1.1989074160498783,1,,0.13531362831934987,2109.0,1.0,,
517430845,高潜力首购用户,0.5551785253241777,1,,0.09146606436319653,4071.0,0.0,,
517432774,高价值高摩擦用户,2.910876487179317,0,6.030023983973978,,,,0.3774219906071627,2648.0
517437661,高潜力首购用户,1.1326436517429412,1,,0.13128246963343984,2258.0,1.0,,
517439092,高价值高摩擦用户,0.28434532560140735,0,7.688154502013895,,,,0.5329636158987142,785.0
517440481,高潜力首购用户,2.2073236313213176,1,,0.2202154183332702,414.0,1.0,,
517441456,高价值高摩擦用户,2.211896465489714,1,7.011216639444659,,,,0.3630241494001733,2961.0
517448774,高潜力首购用户,1.091427119765556,1,,0.1259177104891745,2462.0,1.0,,
517453163,高潜力首购用户,2.606170191996069,1,,0.2552094809781469,195.0,1.0,,
517453548,高潜力首购用户,0.31520859502450727,1,,0.08272080386577746,4547.0,0.0,,
517469912,高潜力首购用户,1.1569814042540998,1,,0.13333558101893525,2179.0,1.0,,
517471799,高潜力首购用户,0.3108006583005903,1,,0.08231612754930893,4571.0,0.0,,
517472209,高潜力首购用户,1.4443513827892949,1,,0.1594419346150752,1372.0,1.0,,
517474276,高潜力首购用户,1.3771903767034033,1,,0.14290217618252113,1833.0,1.0,,
517486343,高价值高摩擦用户,1.8826136359179637,0,7.145619659538639,,,,0.4814735676807253,1153.0
517501209,高潜力首购用户,0.5734327507854858,1,,0.0963652268734044,3829.0,0.0,,
517503682,高潜力首购用户,1.8411172339463227,1,,0.17761139959888367,979.0,1.0,,
517505205,高潜力首购用户,0.6935939969363824,1,,0.09406668528298932,3960.0,0.0,,
517506251,高潜力首购用户,1.7773488935554835,1,,0.17506498659429842,1034.0,1.0,,
517511364,高潜力首购用户,1.9319741771061603,1,,0.19374998437209962,703.0,1.0,,
517520276,高潜力首购用户,0.01601770070782479,1,,0.07958513028225073,4717.0,0.0,,
517523209,高潜力首购用户,0.7080687119125463,1,,0.10365946107205087,3430.0,0.0,,
517528364,高价值高摩擦用户,2.0145961897272735,0,6.679247365168776,,,,0.36585394305958696,2901.0
517528481,高潜力首购用户,1.1971847301206984,1,,0.13851400874458455,1981.0,1.0,,
517528682,高潜力首购用户,0.21130100844795033,1,,0.07170812931217971,5176.0,0.0,,
517528912,高价值高摩擦用户,1.5247222887469016,1,6.430461138424939,,,,0.3207263601647719,4181.0
517540343,高潜力首购用户,0.4430575032320349,1,,0.07810439109762675,4798.0,0.0,,
517546753,高潜力首购用户,1.7926740799165923,1,,0.17831315346280477,962.0,1.0,,
517548297,高价值高摩擦用户,0.7442817869972296,0,9.65672474987321,,,,0.5889925280983448,523.0
517548594,高价值高摩擦用户,1.4971655587045667,1,6.916972668031745,,,,0.3398828059193621,3574.0
517549527,高价值高摩擦用户,0.6179612332004171,0,6.066887368753841,,,,0.20874711491589829,10684.0
517550251,高潜力首购用户,1.8290920502473575,2,,0.1974852876325101,639.0,1.0,,
517561322,高潜力首购用户,1.1074864247018639,1,,0.13114544915723206,2265.0,1.0,,
517561410,高潜力首购用户,0.0692265521278238,1,,0.07409603113842682,5046.0,0.0,,
517563594,高潜力首购用户,0.7105702455504715,2,,0.11208783362749922,3019.0,0.0,,
517564410,高潜力首购用户,0.2495232564626518,2,,0.10212349897806147,3520.0,0.0,,
517565389,高潜力首购用户,0.981475932036194,1,,0.12977722827875482,2317.0,1.0,,
517566661,高潜力首购用户,1.2333684563795746,3,,0.1539529685953411,1512.0,1.0,,
517574456,高潜力首购用户,1.4441747522387096,1,,0.15955117703042768,1371.0,1.0,,
517574707,高潜力首购用户,0.2379873033547298,1,,0.0844087258405682,4449.0,0.0,,
517579887,高潜力首购用户,1.4199799591111082,2,,0.16384693794871452,1283.0,1.0,,
517586845,高潜力首购用户,0.5032014914560188,1,,0.09147479047164891,4070.0,0.0,,
517594184,高潜力首购用户,0.2979169070500341,1,,0.08226742560206805,4576.0,0.0,,
517594682,高潜力首购用户,1.775984442407544,1,,0.18878760810499556,777.0,1.0,,
517597000,高潜力首购用户,0.42890772414617645,1,,0.09380240219454639,3971.0,0.0,,
517599979,高潜力首购用户,0.8217414617313931,1,,0.11298593549737537,2982.0,0.0,,
517611661,高潜力首购用户,0.03609975718466733,2,,0.08071651832753886,4644.0,0.0,,
517611841,高潜力首购用户,1.5192024534175284,1,,0.15601125677830138,1464.0,1.0,,
517613912,高潜力首购用户,1.109486695999413,1,,0.12570753545113547,2469.0,1.0,,
517627569,高潜力首购用户,1.4095087280086764,1,,0.16048309793830234,1354.0,1.0,,
517637774,高潜力首购用户,1.033938647820442,1,,0.12615524397946223,2452.0,1.0,,
517639548,高潜力首购用户,0.9595507718385982,1,,0.11259258239774098,3005.0,0.0,,
517640025,高潜力首购用户,0.6622252478591335,1,,0.1079266408507649,3210.0,0.0,,
517647753,高潜力首购用户,1.9825131481731997,1,,0.19899942153809239,620.0,1.0,,
517663548,高潜力首购用户,1.7689352107626402,1,,0.16815636947937612,1167.0,1.0,,
517663933,高潜力首购用户,1.6140427462824067,2,,0.18173994496624782,901.0,1.0,,
517678502,高潜力首购用户,0.6731894404395558,1,,0.09834043193508252,3713.0,0.0,,
517680502,高潜力首购用户,0.3513306144023774,1,,0.07727784280221403,4846.0,0.0,,
517681456,高价值高摩擦用户,1.7411572685495997,0,6.950742926781574,,,,0.3899674929471265,2371.0
517682661,高潜力首购用户,2.795362308012758,1,,0.28070325653297173,114.0,1.0,,
517689343,高潜力首购用户,1.3863659441644742,1,,0.14878294695456765,1658.0,1.0,,
517690912,高潜力首购用户,-0.018949527435567253,2,,0.07839300144111229,4785.0,0.0,,
517696799,高价值高摩擦用户,1.2649485747850138,0,5.960842096059217,,,,0.3676231970500949,2863.0
517698230,高潜力首购用户,1.1329040222558306,1,,0.12084681101568877,2641.0,1.0,,
517705640,高潜力首购用户,1.7042690540278986,1,,0.16904239397656506,1146.0,1.0,,
517710343,高潜力首购用户,1.3365270390425683,1,,0.1323983726578204,2217.0,1.0,,
517711004,高潜力首购用户,0.9255156450287352,1,,0.11531529828991975,2888.0,0.0,,
517713209,高潜力首购用户,1.541901485199901,1,,0.16863095844110998,1159.0,1.0,,
517715138,高潜力首购用户,1.3066764790132313,1,,0.13845978109214085,1984.0,1.0,,
517719071,高潜力首购用户,1.3671852871768133,1,,0.15370057942326712,1520.0,1.0,,
517719456,高潜力首购用户,0.41018132025683346,1,,0.09501415823620127,3910.0,0.0,,
517722958,高潜力首购用户,0.02846835222361148,1,,0.08069811579951447,4646.0,0.0,,
517725686,高潜力首购用户,0.7920261234060056,1,,0.1146926426616358,2906.0,0.0,,
517726230,高潜力首购用户,2.0617935246633845,1,,0.20577399139925134,548.0,1.0,,
517727389,高潜力首购用户,1.021727740326372,1,,0.11995282421028783,2677.0,1.0,,
517731000,高潜力首购用户,0.15573542851756328,1,,0.07513650675417599,4968.0,0.0,,
517739389,高潜力首购用户,1.5567331994341114,1,,0.16484047318698852,1244.0,1.0,,
517749661,高潜力首购用户,0.8010110637802685,1,,0.10097490189682617,3582.0,0.0,,
517758163,高潜力首购用户,0.5222394060785495,1,,0.09808260791913323,3732.0,0.0,,
517760481,高潜力首购用户,0.07518232025440204,1,,0.07095264318833891,5217.0,0.0,,
517765117,高潜力首购用户,0.1896769311885591,1,,0.08481455304592186,4430.0,0.0,,
517765209,高潜力首购用户,0.7533634077181378,1,,0.10427277235447159,3400.0,0.0,,
517766364,高潜力首购用户,0.6665675989488083,1,,0.10121288854613615,3571.0,0.0,,
517770092,高潜力首购用户,1.7057305647172356,3,,0.21293158650177524,473.0,1.0,,
517776707,高潜力首购用户,1.981319356958119,1,,0.20668289713543844,540.0,1.0,,
517784820,高潜力首购用户,0.7997867586180076,1,,0.11181161232789598,3033.0,0.0,,
517789389,高潜力首购用户,1.7637191344059862,1,,0.17731746707447738,985.0,1.0,,
517805912,高价值高摩擦用户,0.5730613517983428,0,5.379866631102324,,,,0.29628464935578097,5125.0
517809389,高潜力首购用户,0.5650674376990245,2,,0.1093902412407514,3143.0,0.0,,
517809728,高潜力首购用户,1.4747433744473852,1,,0.1521977731826912,1556.0,1.0,,
517812251,高潜力首购用户,1.0978212799187201,1,,0.12822765725624063,2378.0,1.0,,
517815820,高潜力首购用户,0.062989060207025,1,,0.07804934598196347,4800.0,0.0,,
517823728,高潜力首购用户,0.8708504764169347,1,,0.11304223855343097,2980.0,0.0,,
517830117,高潜力首购用户,1.311339355605808,1,,0.13938313352873444,1947.0,1.0,,
517833184,高价值高摩擦用户,0.8402355058188866,0,5.910202618225368,,,,0.22463852730892306,9380.0
517841481,高潜力首购用户,2.245847632588571,1,,0.2252874254576086,372.0,1.0,,
517858251,高潜力首购用户,0.40309155284551634,1,,0.07560709803520833,4948.0,0.0,,
517861322,高潜力首购用户,0.9983946514853616,1,,0.11781023922489903,2772.0,0.0,,
517876569,高潜力首购用户,1.269721995910632,2,,0.14332592026127441,1821.0,1.0,,
517883092,高潜力首购用户,0.9798611826598943,1,,0.12219686074329181,2595.0,1.0,,
517884322,高价值高摩擦用户,2.8532508408220045,0,8.337543063177442,,,,0.5765903882598835,574.0
517884707,高潜力首购用户,1.8544111600088904,1,,0.17759052538385037,980.0,1.0,,
517890774,高价值高摩擦用户,0.5699908137812083,0,6.125295894741503,,,,0.40701384224141657,2052.0
517892933,高潜力首购用户,1.844073366854622,2,,0.20900564670583593,512.0,1.0,,
517902661,高价值高摩擦用户,0.6455449475546269,0,6.611612515612489,,,,0.2704336572917339,6280.0
517904004,高潜力首购用户,1.9595996670439753,1,,0.19667956742062528,645.0,1.0,,
517905753,高价值高摩擦用户,1.4790057677540283,0,5.893709953585823,,,,0.37157245204357375,2781.0
517906682,高潜力首购用户,0.09662862532890522,2,,0.08224675037627045,4578.0,0.0,,
517906979,高潜力首购用户,1.8328882093923788,1,,0.18778275766636904,796.0,1.0,,
517910774,高价值高摩擦用户,0.07551237285389471,0,6.223369604090764,,,,0.2915214036375821,5331.0
517916343,高潜力首购用户,0.714911867790049,1,,0.11171243789702567,3036.0,0.0,,
517922343,高潜力首购用户,0.6959974836321683,1,,0.09406880155296513,3959.0,0.0,,
517938594,高潜力首购用户,2.2296890294644123,2,,0.23340159082314718,319.0,1.0,,
517943205,高潜力首购用户,1.29402509411221,2,,0.16897772943920258,1148.0,1.0,,
517943615,高潜力首购用户,1.9066721789359213,1,,0.19966103434637225,613.0,1.0,,
517945251,高潜力首购用户,1.7174765048788885,2,,0.1956152614501121,663.0,1.0,,
517947343,高潜力首购用户,0.17211438672416216,1,,0.07917593401892854,4741.0,0.0,,
517948364,高价值高摩擦用户,-0.2611972934196487,0,5.644301365446607,,,,0.19570374045187613,11788.0
517951071,高潜力首购用户,2.0408534406605376,3,,0.2560587598261717,190.0,1.0,,
517959887,高潜力首购用户,1.4064755505287403,1,,0.15353718514859815,1526.0,1.0,,
517965958,高潜力首购用户,0.3795363109676814,1,,0.08380339076068517,4488.0,0.0,,
517971251,高潜力首购用户,0.8895629216999668,1,,0.11782461135012137,2769.0,0.0,,
517975092,高潜力首购用户,1.2496665591203213,1,,0.13430212899652827,2142.0,1.0,,
517976364,高潜力首购用户,1.1937308556353543,2,,0.15674307044926675,1446.0,1.0,,
517986502,高潜力首购用户,2.2445603168256922,1,,0.23790673443349739,289.0,1.0,,
517991389,高潜力首购用户,0.4083905469447986,1,,0.09296413222550091,4007.0,0.0,,
517993435,高潜力首购用户,0.9473789737479507,1,,0.11229866193434547,3012.0,0.0,,
518007912,高潜力首购用户,0.7722011987802292,1,,0.11347501090172314,2958.0,0.0,,
518008276,高潜力首购用户,0.7172242087555983,1,,0.10469555563041227,3379.0,0.0,,
518016661,高潜力首购用户,0.7543384483634418,1,,0.1087736844435127,3169.0,0.0,,
518032046,高潜力首购用户,1.4036180260676991,1,,0.14824042586672015,1672.0,1.0,,
518046640,高潜力首购用户,0.11010164909558501,1,,0.07756915193056126,4828.0,0.0,,
518064230,高潜力首购用户,1.212238843638432,1,,0.13417391689284125,2148.0,1.0,,
518068435,高潜力首购用户,1.8178606823860406,1,,0.17014963671746708,1125.0,1.0,,
518075841,高价值高摩擦用户,2.1064026459746557,0,6.5802292689100135,,,,0.35709855949024544,3110.0
518076297,高潜力首购用户,0.696440099839348,1,,0.10720854380918872,3241.0,0.0,,
518088958,高价值高摩擦用户,0.8849222621198439,0,7.425317021216845,,,,0.31672102336804153,4311.0
518095686,高潜力首购用户,1.0767262936238897,2,,0.14676437818156757,1718.0,1.0,,
518096615,高价值高摩擦用户,2.5162205264746564,1,5.9690016343883086,,,,0.38295110777922653,2518.0
518098138,高潜力首购用户,1.1926712262302905,1,,0.1321443444204231,2231.0,1.0,,
518109594,高潜力首购用户,2.356225088127497,6,,0.2928520362149329,86.0,1.0,,
518116640,高潜力首购用户,0.284132776039241,1,,0.07969610294307398,4706.0,0.0,,
518118456,高潜力首购用户,0.5723783294766164,1,,0.09113564663909202,4086.0,0.0,,
518125004,高潜力首购用户,1.935903887486419,1,,0.17455598816428877,1044.0,1.0,,
518148435,高潜力首购用户,0.2509095218908851,1,,0.0769937957736974,4863.0,0.0,,
518152000,高潜力首购用户,0.31852331910568876,2,,0.09092792615493799,4098.0,0.0,,
518183209,高潜力首购用户,1.041959660370078,1,,0.11897500634063907,2718.0,0.0,,
518187774,高潜力首购用户,0.4728048582923761,1,,0.09545058720288999,3883.0,0.0,,
518196004,高潜力首购用户,0.24196912013170604,1,,0.07801752581680366,4803.0,0.0,,
518199933,高潜力首购用户,0.13026070759134026,1,,0.07079150229584186,5229.0,0.0,,
518267368,高潜力首购用户,0.8086728118872281,1,,0.11288620003417485,2987.0,0.0,,
518274594,高潜力首购用户,0.4089679427600017,1,,0.08658465272745658,4357.0,0.0,,
518284548,高潜力首购用户,1.6749166693738609,1,,0.1814759412175534,905.0,1.0,,
518295661,高潜力首购用户,0.4697733784464788,1,,0.09943356575774054,3658.0,0.0,,
518297682,高潜力首购用户,0.5517415900522947,1,,0.10135585316384582,3559.0,0.0,,
518315615,高潜力首购用户,1.198566705146545,1,,0.14178522620328485,1874.0,1.0,,
518318410,高潜力首购用户,2.009952043884266,1,,0.20058988957043342,600.0,1.0,,
518320481,高潜力首购用户,0.8544122522705085,1,,0.11217328670914382,3014.0,0.0,,
518328025,高潜力首购用户,2.95194899499106,2,,0.3415533049376237,37.0,1.0,,
518335205,高价值高摩擦用户,1.3169482310684106,0,5.350266556899905,,,,0.17788074450192037,13326.0
518336456,高潜力首购用户,0.34060405480509703,1,,0.08252612957197206,4561.0,0.0,,
518340297,高潜力首购用户,1.1811980459120406,1,,0.13282062118927174,2198.0,1.0,,
518352548,高潜力首购用户,1.4593846748235044,1,,0.15468072046504347,1495.0,1.0,,
518355548,高潜力首购用户,0.6450884793716473,1,,0.1004833138648559,3611.0,0.0,,
518356322,高潜力首购用户,1.3742779187821643,2,,0.16140723037943389,1332.0,1.0,,
518360958,高潜力首购用户,0.23277596359625788,1,,0.07721941799302731,4851.0,0.0,,
518363548,高潜力首购用户,1.503513532460038,1,,0.1556685357721422,1473.0,1.0,,
518363845,高潜力首购用户,1.065182302676629,1,,0.12603976291915767,2457.0,1.0,,
518364117,高潜力首购用户,1.3626667885224373,1,,0.1484173168804203,1668.0,1.0,,
518364410,高潜力首购用户,1.7641793857884043,1,,0.17534721285147833,1026.0,1.0,,
518366523,高潜力首购用户,0.6835283035671353,1,,0.09163886592444899,4061.0,0.0,,
518368912,高潜力首购用户,0.8989285912143444,1,,0.10472305560763989,3375.0,0.0,,
518372527,高潜力首购用户,0.685718522104776,1,,0.10096583326611398,3584.0,0.0,,
518383071,高潜力首购用户,2.1251291207529746,1,,0.20257295371060716,575.0,1.0,,
518404615,高潜力首购用户,0.27001917504925216,1,,0.07865681143646502,4773.0,0.0,,
518405389,高潜力首购用户,1.008406402371724,1,,0.11551035970939487,2880.0,0.0,,
518409343,高潜力首购用户,2.310473715482405,1,,0.22599414483750196,366.0,1.0,,
518419138,高价值高摩擦用户,0.6027932301855664,0,6.146489844345901,,,,0.313720318997069,4407.0
518426410,高潜力首购用户,0.9175572491305378,1,,0.12505383601933134,2493.0,1.0,,
518426527,高潜力首购用户,1.745599068281562,1,,0.17216925864129345,1082.0,1.0,,
518433276,高潜力首购用户,1.8552397991604208,1,,0.17362414784914876,1059.0,1.0,,
518433364,高潜力首购用户,0.7219331218577848,1,,0.0955898700997757,3875.0,0.0,,
518453887,高潜力首购用户,0.7437207068685664,1,,0.11186840398733396,3031.0,0.0,,
518456000,高潜力首购用户,2.069913377975014,1,,0.20688622602540332,536.0,1.0,,
518458841,高潜力首购用户,1.5459713070794698,1,,0.1613108473620049,1334.0,1.0,,
518462958,高潜力首购用户,1.8142887579941551,1,,0.1746585376410058,1043.0,1.0,,
518464343,高潜力首购用户,1.1919662447194999,4,,0.18077203971530031,922.0,1.0,,
518473707,高潜力首购用户,0.38108022615219,1,,0.0868819116309106,4331.0,0.0,,
518477841,高潜力首购用户,1.9133374575739817,1,,0.18332966755894906,869.0,1.0,,
518482753,高潜力首购用户,0.03163435050128396,1,,0.07535693809161803,4959.0,0.0,,
518493138,高潜力首购用户,0.06679552170543075,1,,0.06589333498190782,5384.0,0.0,,
518494046,高价值高摩擦用户,1.6008129856332793,0,6.3086857007330615,,,,0.37439989979119503,2715.0
518499025,高潜力首购用户,0.9374275480547217,1,,0.12139314470998688,2624.0,1.0,,
518499092,高潜力首购用户,0.8966420808468373,1,,0.11737536466185225,2787.0,0.0,,
518504230,高价值高摩擦用户,1.085948634076211,0,5.4761646429470705,,,,0.20239138968694484,11227.0
518504456,高潜力首购用户,0.3527478116727732,1,,0.08742876906205789,4297.0,0.0,,
518508728,高潜力首购用户,2.716618661227004,1,,0.28361424034782057,106.0,1.0,,
518511368,高潜力首购用户,1.3870768300542127,1,,0.1534639007801032,1531.0,1.0,,
518512640,高价值高摩擦用户,0.7252283530226604,0,5.84445704393897,,,,0.2729117137504703,6144.0
518516820,高潜力首购用户,1.4048434835128054,3,,0.17998978466719537,936.0,1.0,,
518526933,高潜力首购用户,1.8591237987324165,1,,0.1868303061836948,813.0,1.0,,
518529025,高潜力首购用户,0.7784165985301277,1,,0.10976676080835157,3126.0,0.0,,
518531000,高潜力首购用户,2.306186860658063,4,,0.2700519995091486,144.0,1.0,,
518540456,高潜力首购用户,1.6399526125536423,2,,0.1952746381642372,669.0,1.0,,
518549661,高潜力首购用户,0.8890440574573839,1,,0.10708022257258246,3249.0,0.0,,
518553251,高潜力首购用户,0.9777726167725248,1,,0.11783144283571491,2768.0,0.0,,
518557184,高潜力首购用户,0.7500467755750805,1,,0.10280288325116217,3482.0,0.0,,
518565523,高潜力首购用户,1.0984062687819678,1,,0.146797093415662,1716.0,1.0,,
518571912,高潜力首购用户,1.0314222713397558,2,,0.13987254429059018,1930.0,1.0,,
518608548,高潜力首购用户,0.8090723908019859,1,,0.10861935090133223,3176.0,0.0,,
518610640,高潜力首购用户,1.7183002244977483,1,,0.17581592192095938,1019.0,1.0,,
518616343,高潜力首购用户,1.898599559476617,1,,0.18599421607731292,826.0,1.0,,
518619046,高潜力首购用户,0.7512032548049362,1,,0.09974203693135907,3643.0,0.0,,
518622799,高价值高摩擦用户,3.0749621115433627,3,5.897812991026527,,,,0.3987949141613396,2196.0
518624389,高潜力首购用户,0.5083918751201216,1,,0.09000152820319629,4164.0,0.0,,
518633820,高潜力首购用户,1.0104209368740404,1,,0.1185129746074906,2744.0,0.0,,
518635707,高潜力首购用户,0.2563518424963754,1,,0.08014120009883306,4676.0,0.0,,
518637230,高潜力首购用户,0.49985727637826655,2,,0.10518037356686637,3339.0,0.0,,
518637368,高潜力首购用户,1.8771769465614334,1,,0.19403719633825534,696.0,1.0,,
518638322,高潜力首购用户,0.5406398766035126,2,,0.10478834014630052,3373.0,0.0,,
518642364,高价值高摩擦用户,0.859592814682219,0,7.896467132505916,,,,0.2588655478527514,6965.0
518642368,高潜力首购用户,0.780445775103083,1,,0.10950359248914952,3137.0,0.0,,
518646774,高价值高摩擦用户,1.9720590794748023,0,7.029610014008574,,,,0.46456072433185225,1330.0
518654820,高潜力首购用户,0.5088630996494174,1,,0.09384139892706748,3968.0,0.0,,
518659071,高潜力首购用户,1.2451022040953987,2,,0.16292084513500565,1307.0,1.0,,
518659866,高潜力首购用户,0.64317144262499,1,,0.10118090601388001,3576.0,0.0,,
518661527,高潜力首购用户,0.4727028203664987,1,,0.09289554404638645,4010.0,0.0,,
518664276,高潜力首购用户,1.4028517060023917,2,,0.17427445300943814,1046.0,1.0,,
518667686,高潜力首购用户,1.2425487076967834,1,,0.14888489770104207,1653.0,1.0,,
518669686,高潜力首购用户,0.6835562153772158,1,,0.10771956054960916,3218.0,0.0,,
518678594,高潜力首购用户,1.5282750085707872,1,,0.15217477413291197,1558.0,1.0,,
518685163,高潜力首购用户,1.2373876716024734,1,,0.13890996831376476,1964.0,1.0,,
518686184,高潜力首购用户,0.1690472331948251,1,,0.08289284565534039,4535.0,0.0,,
518695276,高价值高摩擦用户,1.9586426415679121,0,9.258435056260298,,,,0.5836799660983161,543.0
518707138,高潜力首购用户,1.5965745168834884,1,,0.16860030448841412,1161.0,1.0,,
518707707,高潜力首购用户,2.3289110404418416,1,,0.23861899438433712,285.0,1.0,,
518713389,高潜力首购用户,1.5704843052507318,1,,0.15904488245850967,1387.0,1.0,,
518714389,高潜力首购用户,0.9925501541662256,1,,0.132546182824505,2210.0,1.0,,
518714912,高潜力首购用户,1.7410516777420693,1,,0.16408968651471367,1271.0,1.0,,
518715548,高潜力首购用户,1.7393179876792655,1,,0.1494277928608499,1635.0,1.0,,
518717343,高潜力首购用户,2.196327349053083,2,,0.2416906980790678,266.0,1.0,,
518717958,高价值高摩擦用户,0.9132995665727792,0,5.446219996471532,,,,0.2946072249880769,5197.0
518719025,高价值高摩擦用户,1.1340916491919768,0,5.297102342991492,,,,0.30933549214720746,4578.0
518720297,高价值高摩擦用户,1.1738274489545608,0,7.391735775158667,,,,0.48163543640120776,1151.0
518721661,高潜力首购用户,1.958822154963568,1,,0.20680400566786541,538.0,1.0,,
518724615,高潜力首购用户,0.08578240928626561,2,,0.0904145870510575,4139.0,0.0,,
518727389,高价值高摩擦用户,1.0563737144283551,0,5.483104630984894,,,,0.3272122478505074,3951.0
518728364,高价值高摩擦用户,1.5116514377499637,0,5.750557003354442,,,,0.375963741936565,2669.0
518728410,高潜力首购用户,2.167697820469346,1,,0.2199910208796305,415.0,1.0,,
518733845,高潜力首购用户,1.6298667757206082,1,,0.16693820671024728,1192.0,1.0,,
518741933,高潜力首购用户,0.6953200002249454,1,,0.10432404028654176,3395.0,0.0,,
518750799,高潜力首购用户,0.7827211226965519,1,,0.10031588329155451,3618.0,0.0,,
518751004,高潜力首购用户,1.1847266950784088,1,,0.13658498966350385,2052.0,1.0,,
518754205,高价值高摩擦用户,0.4633239288630415,0,6.126760007848997,,,,0.33732925659201435,3647.0
518757841,高潜力首购用户,2.335188472309781,1,,0.22909332113651887,349.0,1.0,,
518760686,高潜力首购用户,0.7331254218460744,2,,0.11709047024595147,2803.0,0.0,,
518761163,高潜力首购用户,1.2757392761173973,1,,0.12658216877406137,2433.0,1.0,,
518765615,高潜力首购用户,-0.04124708776694067,1,,0.0654137700418034,5393.0,0.0,,
518770799,高潜力首购用户,1.4521752050947647,1,,0.14249905538878926,1849.0,1.0,,
518776364,高价值高摩擦用户,0.37011024926369823,0,5.427081554713654,,,,0.2665696514203741,6497.0
518781933,高潜力首购用户,1.0085572031674588,1,,0.12039182398567988,2661.0,1.0,,
518784322,高价值高摩擦用户,0.9396876931616024,0,5.9530614995750355,,,,0.18576563542729344,12653.0
518785184,高价值高摩擦用户,1.125271469844572,0,9.131868430004022,,,,0.5364876058878921,761.0
518785682,高潜力首购用户,1.8437104374340294,1,,0.1814614315034764,907.0,1.0,,
518791502,高潜力首购用户,0.3163952388599445,1,,0.08033048228090048,4669.0,0.0,,
518792092,高潜力首购用户,2.399570777554801,2,,0.2666082105970217,155.0,1.0,,
518793046,高潜力首购用户,0.695290014124346,1,,0.09850607717820796,3704.0,0.0,,
518795979,高潜力首购用户,0.7065728036488256,2,,0.10862188289669514,3175.0,0.0,,
518798841,高潜力首购用户,2.272606829748947,1,,0.22329938106537384,392.0,1.0,,
518801569,高潜力首购用户,1.95066326225941,1,,0.20116780057473896,596.0,1.0,,
518804117,高潜力首购用户,0.09261357524326834,1,,0.07606531661234624,4914.0,0.0,,
518806912,高潜力首购用户,1.190211943126955,1,,0.1297082022533042,2320.0,1.0,,
518807456,高潜力首购用户,0.4722012697263238,1,,0.09290230570145845,4009.0,0.0,,
518814640,高潜力首购用户,1.1976861137380188,1,,0.12839189812320823,2372.0,1.0,,
518818368,高潜力首购用户,0.05783980364360717,1,,0.07315428900280724,5093.0,0.0,,
518818753,高价值高摩擦用户,2.753139528658334,0,5.8800380514905015,,,,0.42312354601265434,1813.0
518820368,高潜力首购用户,1.7666325019224134,1,,0.17534490206322245,1027.0,1.0,,
518821004,高价值高摩擦用户,2.0327521352980127,0,6.101067550673926,,,,0.32456533669737375,4026.0
518827297,高价值高摩擦用户,1.7068056435307255,2,7.199984497477644,,,,0.34566512584912196,3420.0
518836205,高潜力首购用户,0.6375147737133648,1,,0.09795354835779986,3739.0,0.0,,
518837502,高潜力首购用户,0.0926613701291396,1,,0.07611778880595226,4913.0,0.0,,
518838276,高潜力首购用户,0.9037911655004925,1,,0.11102463587192686,3071.0,0.0,,
518845979,高潜力首购用户,2.046008196072287,1,,0.21010369943472587,504.0,1.0,,
518846548,高潜力首购用户,0.6766646967353966,1,,0.1044670180955946,3390.0,0.0,,
518846682,高潜力首购用户,0.04554970484517381,1,,0.06868469624523048,5307.0,0.0,,
518849117,高潜力首购用户,1.6771758375730486,1,,0.16534908705355691,1231.0,1.0,,
518857502,高潜力首购用户,0.7895293156674988,1,,0.10445943960413995,3391.0,0.0,,
518863933,高潜力首购用户,0.7342800493968128,1,,0.10643808426071456,3276.0,0.0,,
518864251,高潜力首购用户,2.0619277195224726,3,,0.22293982938510637,396.0,1.0,,
518865845,高价值高摩擦用户,1.2476805268408073,0,5.916486266275575,,,,0.25222075321766224,7362.0
518868502,高价值高摩擦用户,0.30825479365640057,0,6.5019313565077965,,,,0.36873977877885145,2841.0
518870184,高潜力首购用户,0.2194600784002937,2,,0.08838610574362912,4238.0,0.0,,
518886615,高潜力首购用户,1.00519694168998,1,,0.12498541558295466,2498.0,1.0,,
518887799,高价值高摩擦用户,0.22244556942591084,0,6.340429847976662,,,,0.39145343088702805,2330.0
518888184,高潜力首购用户,1.4036130900031563,1,,0.1544758407579539,1501.0,1.0,,
518889774,高潜力首购用户,0.45038286878038963,1,,0.09715223237179879,3784.0,0.0,,
518894481,高潜力首购用户,1.6513220855514514,1,,0.17565472509540214,1020.0,1.0,,
518901640,高潜力首购用户,1.8424215957643595,2,,0.2104753339865128,501.0,1.0,,
518903615,高潜力首购用户,1.4172861495989422,2,,0.16812602221134423,1168.0,1.0,,
518906686,高潜力首购用户,1.4080353033602435,1,,0.15000825773041707,1618.0,1.0,,
518912527,高价值高摩擦用户,0.9794740764694302,0,5.520880749597181,,,,0.2688756417378913,6383.0
518912820,高价值高摩擦用户,1.7027093254236891,0,6.280442654343739,,,,0.31357746113706314,4415.0
518913251,高潜力首购用户,1.6380644397003419,1,,0.17365312378954373,1058.0,1.0,,
518913799,高潜力首购用户,0.7634151505001676,1,,0.10800174481700264,3207.0,0.0,,
518914523,高价值高摩擦用户,1.276164214920051,1,5.527898612903114,,,,0.3199930919262003,4194.0
518918322,高潜力首购用户,0.47601255775832535,1,,0.09089236449595152,4106.0,0.0,,
518921343,高潜力首购用户,2.0031847624466965,1,,0.19887606769446814,622.0,1.0,,
518924071,高潜力首购用户,0.8159158114491426,1,,0.1113962132631133,3054.0,0.0,,
518930046,高潜力首购用户,1.4621418432311633,1,,0.14370247237255893,1812.0,1.0,,
518937615,高价值高摩擦用户,0.9510282347282756,0,6.735236941796693,,,,0.4023230567234374,2134.0
518939163,高价值高摩擦用户,2.808766072015601,0,8.834834471373568,,,,0.5978437396913594,492.0
518940887,高潜力首购用户,0.6039686009936859,1,,0.09963816371364782,3650.0,0.0,,
518945502,高潜力首购用户,1.7175949467335727,2,,0.19731119443824574,640.0,1.0,,
518945799,高潜力首购用户,1.510528424905669,1,,0.1629965440556992,1304.0,1.0,,
518945979,高潜力首购用户,1.6466391582825253,1,,0.18996635880457283,756.0,1.0,,
518948205,高潜力首购用户,0.6837641622708098,1,,0.10484618240111862,3365.0,0.0,,
518959410,高潜力首购用户,0.4150362731156665,1,,0.09020457915828599,4152.0,0.0,,
518966640,高价值高摩擦用户,0.4081516647838666,0,6.188376512746316,,,,0.23064248035081383,8900.0
518972707,高潜力首购用户,1.0894943021780523,1,,0.13065934882482774,2288.0,1.0,,
518983209,高潜力首购用户,1.170437651509109,1,,0.12576639908392026,2466.0,1.0,,
519007682,高潜力首购用户,1.3625022324396128,1,,0.13501495081981207,2115.0,1.0,,
519010569,高潜力首购用户,1.9355356999676168,1,,0.1982360877648834,631.0,1.0,,
519019322,高价值高摩擦用户,1.7202460954432215,0,6.418043639502349,,,,0.3907782478252962,2351.0
519023753,高潜力首购用户,2.5760126781474644,1,,0.27627668266069405,130.0,1.0,,
519026276,高潜力首购用户,0.4869379714464686,1,,0.10131300076772438,3562.0,0.0,,
519027527,高潜力首购用户,1.8747404133124779,1,,0.18095197873095423,914.0,1.0,,
519028368,高价值高摩擦用户,0.595476028273665,0,6.693412883620996,,,,0.39317439260039444,2298.0
519032025,高价值高摩擦用户,0.8153320355380568,0,5.94988333588422,,,,0.4081182869365122,2036.0
519034004,高潜力首购用户,1.185118155608121,1,,0.13150052727310588,2248.0,1.0,,
519038728,高潜力首购用户,0.8848260596591269,2,,0.12410665384849126,2529.0,1.0,,
519038979,高潜力首购用户,1.012505422536354,1,,0.1259578704331444,2461.0,1.0,,
519044686,高潜力首购用户,0.833371719649531,1,,0.10599248167991077,3294.0,0.0,,
519053368,高潜力首购用户,1.7376921039256832,1,,0.15523676376528825,1487.0,1.0,,
519058820,高潜力首购用户,0.8508550743819291,1,,0.10771706358243811,3219.0,0.0,,
519061184,高潜力首购用户,1.6324285575988788,1,,0.16394203798624835,1280.0,1.0,,
519065092,高潜力首购用户,0.2218710938820023,1,,0.07256603767740956,5129.0,0.0,,
519065887,高潜力首购用户,1.6696628587298799,1,,0.16279299881794285,1312.0,1.0,,
519065933,高潜力首购用户,0.13471982090528264,1,,0.07586163711377743,4927.0,0.0,,
519079117,高潜力首购用户,0.6161537346795128,1,,0.09779887001354187,3746.0,0.0,,
519084728,高潜力首购用户,0.28478985317260197,1,,0.07996467130099498,4686.0,0.0,,
519086481,高潜力首购用户,1.8007342083807922,1,,0.18504779349919018,846.0,1.0,,
519086912,高潜力首购用户,1.478945179237435,1,,0.13926537983075415,1951.0,1.0,,
519095343,高潜力首购用户,0.3599436196654469,1,,0.08812746622742042,4252.0,0.0,,
519095548,高价值高摩擦用户,2.5763955799315403,0,9.63381958081542,,,,0.6424451159933878,329.0
519096569,高潜力首购用户,0.604023773767857,1,,0.10727805285398112,3238.0,0.0,,
519102410,高潜力首购用户,0.2182095441900441,1,,0.07679709581587814,4873.0,0.0,,
519104230,高潜力首购用户,0.4427289675688832,1,,0.07807571028308018,4799.0,0.0,,
519104297,高潜力首购用户,0.8828352701116216,2,,0.11584273408072678,2856.0,0.0,,
519111322,高潜力首购用户,0.6892182379474848,1,,0.10373900568573774,3421.0,0.0,,
519111368,高潜力首购用户,0.16710880214454507,1,,0.08266210784356566,4554.0,0.0,,
519111527,高潜力首购用户,1.2761876339873952,1,,0.1461083092609746,1731.0,1.0,,
519114071,高潜力首购用户,1.4300559471933425,1,,0.1761062023428318,1013.0,1.0,,
519115615,高潜力首购用户,2.297654398877089,2,,0.2666790803236518,154.0,1.0,,
519119071,高潜力首购用户,0.5557027469471828,1,,0.10080462981426366,3592.0,0.0,,
519120933,高价值高摩擦用户,1.8717183952236394,0,7.86961357305138,,,,0.49210801105529256,1071.0
519121774,高潜力首购用户,1.1573507768530615,1,,0.1277024773704331,2400.0,1.0,,
519134569,高潜力首购用户,0.5906116581247657,2,,0.10498731826416646,3354.0,0.0,,
519139297,高潜力首购用户,1.1071724292339764,1,,0.12274313434342118,2564.0,1.0,,
519141774,高潜力首购用户,0.9557991024819827,1,,0.11911487288212712,2714.0,0.0,,
519144548,高潜力首购用户,0.733015228990586,1,,0.10199056491550652,3527.0,0.0,,
519149297,高潜力首购用户,1.544554783540688,1,,0.16281746923330082,1311.0,1.0,,
519156435,高价值高摩擦用户,1.1995379252632943,0,9.332211632035982,,,,0.5203343616912921,857.0
519157594,高潜力首购用户,0.33104723770053374,1,,0.08517821371552871,4416.0,0.0,,
519166163,高潜力首购用户,0.49019249303423845,1,,0.08821033449180454,4247.0,0.0,,
519173527,高潜力首购用户,0.9540187036891784,1,,0.11126464844109815,3059.0,0.0,,
519175297,高潜力首购用户,1.1548432893944869,1,,0.1207747724795001,2645.0,1.0,,
519175845,高潜力首购用户,1.0625025961923216,2,,0.11528583089743338,2889.0,0.0,,
519181456,高潜力首购用户,0.6562285036402635,1,,0.10835583526104126,3190.0,0.0,,
519183343,高潜力首购用户,1.0113006750255564,1,,0.11269439790707388,2999.0,0.0,,
519202184,高价值高摩擦用户,2.5968771006269216,0,5.475694903611139,,,,0.36161774028622345,2999.0
519203343,高潜力首购用户,1.5723993868261308,3,,0.18866828737646854,782.0,1.0,,
519206523,高潜力首购用户,1.7343794558863816,2,,0.19284073517723935,710.0,1.0,,
519214322,高潜力首购用户,1.114290451959919,2,,0.14881058292546376,1656.0,1.0,,
519219071,高潜力首购用户,2.1295188362732005,1,,0.2364111955591269,302.0,1.0,,
519219569,高潜力首购用户,2.7059793055426287,1,,0.26527070237157807,160.0,1.0,,
519222979,高潜力首购用户,1.6236864442018126,1,,0.1576669662989125,1419.0,1.0,,
519229092,高价值高摩擦用户,1.2933676055298167,0,5.326295632373805,,,,0.19266573137155835,12036.0
519237046,高潜力首购用户,0.26672380240174315,1,,0.084198479830375,4462.0,0.0,,
519238368,高潜力首购用户,0.3139074288163775,1,,0.08374330151719779,4491.0,0.0,,
519240527,高价值高摩擦用户,2.1875228826388344,0,6.5738765513072615,,,,0.3082690803587552,4631.0
519243728,高潜力首购用户,2.2287401252633137,1,,0.2244291630559652,379.0,1.0,,
519249799,高价值高摩擦用户,2.136904011770304,0,6.466269133294759,,,,0.48580752912266295,1121.0
519253209,高价值高摩擦用户,0.8444960084589938,0,5.665457360334534,,,,0.5159138624640333,887.0
519255322,高潜力首购用户,1.628204984438275,2,,0.1687233808309191,1155.0,1.0,,
519258502,高潜力首购用户,0.7138215525908992,1,,0.10234328768356861,3503.0,0.0,,
519260004,高潜力首购用户,0.5045644568621261,1,,0.09379407414283668,3972.0,0.0,,
519275887,高潜力首购用户,1.440058579914216,1,,0.1647314689343316,1248.0,1.0,,
519279661,高潜力首购用户,0.08139925322936743,1,,0.079670977677569,4710.0,0.0,,
519285322,高价值高摩擦用户,1.7168378912335818,0,5.322329388153724,,,,0.42984162465770476,1734.0
519286841,高潜力首购用户,0.34422016987933873,1,,0.08660724157739302,4355.0,0.0,,
519287117,高潜力首购用户,1.378936117770183,1,,0.13750311832729561,2026.0,1.0,,
519287682,高潜力首购用户,0.5692312425948322,1,,0.09857659819813541,3698.0,0.0,,
519287728,高潜力首购用户,2.0403703598443044,3,,0.23614623444388452,306.0,1.0,,
519289569,高潜力首购用户,1.1305524475899915,1,,0.12445838802172185,2516.0,1.0,,
519290209,高潜力首购用户,1.1625014485671894,1,,0.13036199287436748,2299.0,1.0,,
519296205,高潜力首购用户,0.295883698396094,1,,0.08696544135985722,4329.0,0.0,,
519311866,高潜力首购用户,1.5326163447134193,1,,0.15800641346090413,1412.0,1.0,,
519315230,高潜力首购用户,2.2974843500703686,1,,0.22652608907749103,361.0,1.0,,
519321004,高潜力首购用户,0.8321061337409844,1,,0.11347074337426805,2959.0,0.0,,
519333753,高潜力首购用户,0.9757158447250444,2,,0.13117253633566092,2262.0,1.0,,
519334389,高潜力首购用户,2.0294704663735295,1,,0.18622071372907634,821.0,1.0,,
519366707,高潜力首购用户,1.0670463488095066,1,,0.12955795481954696,2328.0,1.0,,
519428205,高潜力首购用户,2.0470901338556,1,,0.20978119158549902,505.0,1.0,,
519435004,高潜力首购用户,0.7697360575744963,1,,0.09839461564861081,3709.0,0.0,,
519437092,高价值高摩擦用户,1.3717502825197618,0,8.251100384565598,,,,0.4247782992035104,1797.0
519438184,高潜力首购用户,0.9656891480921764,1,,0.11032257474760983,3099.0,0.0,,
519438502,高潜力首购用户,0.42379697930072996,1,,0.07271575996459442,5125.0,0.0,,
519441389,高潜力首购用户,0.9497687405820082,1,,0.11781804924790594,2770.0,0.0,,
519441958,高潜力首购用户,2.446781814676449,1,,0.24600281149151415,236.0,1.0,,
519443615,高潜力首购用户,1.056756397089837,1,,0.12450969124785513,2513.0,1.0,,
519443845,高潜力首购用户,1.260152940647428,2,,0.1593393951970921,1376.0,1.0,,
519444117,高潜力首购用户,2.1096577644366667,1,,0.20578124783119264,547.0,1.0,,
519447912,高潜力首购用户,0.44530892459510785,1,,0.08303296930278128,4529.0,0.0,,
519456209,高潜力首购用户,1.3806345485633198,1,,0.1484050269973653,1669.0,1.0,,
519458297,高潜力首购用户,0.9022437566921502,1,,0.09861339376807889,3696.0,0.0,,
519465435,高潜力首购用户,1.8413425531704382,2,,0.19493458390146337,678.0,1.0,,
519475364,高潜力首购用户,0.9688901538324707,1,,0.11836290911410233,2752.0,0.0,,
519477799,高潜力首购用户,1.5912473313673576,1,,0.1639675484423346,1277.0,1.0,,
519479025,高潜力首购用户,0.08663893734295543,1,,0.08013810263359598,4677.0,0.0,,
519479297,高潜力首购用户,0.7929074287400214,1,,0.1059180084633752,3301.0,0.0,,
519481004,高价值高摩擦用户,1.791708479212974,0,8.94348175635929,,,,0.706869282865883,189.0
519485368,高价值高摩擦用户,2.28875082664272,0,7.553150256504569,,,,0.46455879510837556,1331.0
519487523,高价值高摩擦用户,2.070493456638023,0,6.314957077281095,,,,0.5164215079493364,881.0
519491774,高潜力首购用户,1.7322803741061878,3,,0.18827630980525978,791.0,1.0,,
519493707,高潜力首购用户,0.24800022562765398,1,,0.08246419695611211,4565.0,0.0,,
519503728,高潜力首购用户,0.3791600480132214,1,,0.07979279315673705,4699.0,0.0,,
519506297,高潜力首购用户,1.589316105189866,1,,0.16028241010844071,1360.0,1.0,,
519517000,高潜力首购用户,0.401624494656916,3,,0.09065388624332421,4126.0,0.0,,
519519184,高潜力首购用户,0.6184500248325674,1,,0.101224633065629,3570.0,0.0,,
519524092,高潜力首购用户,0.8469876176074075,1,,0.11353372066685626,2953.0,0.0,,
519527209,高潜力首购用户,2.025550212056815,1,,0.20101536512528329,598.0,1.0,,
519541866,高潜力首购用户,0.46865661331824776,1,,0.08389223597130256,4485.0,0.0,,
519556389,高潜力首购用户,0.9765581270434863,2,,0.12672520146471936,2428.0,1.0,,
519570025,高潜力首购用户,0.6678611420987091,1,,0.10617492447306034,3288.0,0.0,,
519594071,高潜力首购用户,0.38312685848992434,1,,0.09574092086732996,3863.0,0.0,,
519617845,高潜力首购用户,1.3489627458271976,3,,0.19278664589974367,712.0,1.0,,
519646841,高潜力首购用户,1.5354700222949844,1,,0.16392687631682887,1281.0,1.0,,
519655845,高潜力首购用户,2.3156661750222405,1,,0.2411380044590673,271.0,1.0,,
519657774,高潜力首购用户,1.7784217672241376,1,,0.18042031226445662,928.0,1.0,,
519667615,高潜力首购用户,0.926396718626024,2,,0.13414320600304291,2149.0,1.0,,
519669046,高潜力首购用户,0.17854357706085866,1,,0.08371965970595559,4493.0,0.0,,
519671887,高价值高摩擦用户,2.319696013466593,0,5.247012376185655,,,,0.27105472309046963,6240.0
519672046,高潜力首购用户,1.8077197843803372,1,,0.1756005922504673,1021.0,1.0,,
519675322,高潜力首购用户,1.9872775297964838,1,,0.18919898796811463,771.0,1.0,,
519677799,高价值高摩擦用户,0.8427165222753432,0,8.175928891176937,,,,0.44263968991249936,1578.0
519678000,高价值高摩擦用户,-0.02863169972372551,0,6.188838906528229,,,,0.3597550200063033,3052.0
519679569,高潜力首购用户,1.0556586758390254,1,,0.12979101098420467,2315.0,1.0,,
519698046,高价值高摩擦用户,1.8501549069995846,0,6.4212201996347344,,,,0.3632858250512398,2953.0
519704046,高潜力首购用户,0.05406896590296262,2,,0.0784342536063752,4780.0,0.0,,
519710548,高潜力首购用户,1.1636235345619592,2,,0.1388700368632813,1966.0,1.0,,
519725163,高潜力首购用户,0.7835109093383176,1,,0.10842251021003033,3188.0,0.0,,
519731046,高潜力首购用户,0.9676359645922451,1,,0.11852281762119314,2743.0,0.0,,
519733322,高价值高摩擦用户,1.3613861939903587,0,5.263272920638167,,,,0.2977578012755324,5049.0
519768866,高潜力首购用户,1.2433032037189404,1,,0.13312332904613638,2188.0,1.0,,
519776364,高潜力首购用户,0.2640197654258319,1,,0.07921687684405479,4739.0,0.0,,
519783343,高价值高摩擦用户,2.3122667960064596,0,6.475663814806262,,,,0.4760256188039613,1212.0
519789230,高价值高摩擦用户,1.185933334518461,0,5.876848366668041,,,,0.3062294966360563,4706.0
519790117,高潜力首购用户,0.3793499234826377,2,,0.09005065038937363,4160.0,0.0,,
519790820,高潜力首购用户,3.1322051406455635,2,,0.3576338487852462,27.0,1.0,,
519791866,高潜力首购用户,2.481988805049277,1,,0.2523714072035827,210.0,1.0,,
519793364,高潜力首购用户,0.7806032293796736,1,,0.10345121059500298,3438.0,0.0,,
519797799,高潜力首购用户,0.7157399470990904,1,,0.10676755864429942,3264.0,0.0,,
519818523,高潜力首购用户,0.9024113791928653,1,,0.11419117439345113,2926.0,0.0,,
519836000,高潜力首购用户,1.1004750639523995,1,,0.13478087101150638,2126.0,1.0,,
519840569,高潜力首购用户,1.1829700446329183,1,,0.13345236656993534,2177.0,1.0,,
519842845,高潜力首购用户,0.42183588913860365,1,,0.08782671972960879,4274.0,0.0,,
519843527,高潜力首购用户,1.4266691357069943,1,,0.14922048194830753,1640.0,1.0,,
519846230,高价值高摩擦用户,0.2596033678319558,0,5.24185282956691,,,,0.341782980261218,3522.0
519862615,高潜力首购用户,1.6316384123717238,2,,0.18912034997364227,773.0,1.0,,
519864071,高潜力首购用户,0.7315073900058321,1,,0.10074777681424216,3594.0,0.0,,
519868435,高潜力首购用户,0.9321625016497097,1,,0.1075145886665537,3227.0,0.0,,
519876368,高潜力首购用户,1.0809447970012611,2,,0.13919754575160756,1955.0,1.0,,
519878117,高潜力首购用户,0.2874281990914451,1,,0.0861547439056176,4367.0,0.0,,
519883456,高潜力首购用户,1.3914984298264326,1,,0.1455062371634219,1752.0,1.0,,
519887958,高潜力首购用户,2.291251730272705,2,,0.24551553632539247,239.0,1.0,,
519900707,高潜力首购用户,0.09406860026664517,1,,0.07285990282828804,5114.0,0.0,,
519904184,高潜力首购用户,1.3523174689588051,1,,0.1547204203235309,1494.0,1.0,,
519904569,高潜力首购用户,0.7099200156001241,1,,0.09533609482321143,3897.0,0.0,,
519912686,高潜力首购用户,0.9421961713491459,1,,0.10985489253334897,3121.0,0.0,,
519915230,高潜力首购用户,0.47313786033708766,2,,0.11090746705748288,3075.0,0.0,,
519918845,高潜力首购用户,0.13554960861489176,1,,0.0712145410335613,5197.0,0.0,,
519924753,高潜力首购用户,1.299116977413913,1,,0.1519172025005251,1566.0,1.0,,
519947979,高潜力首购用户,0.19969148798585837,1,,0.073710543660676,5062.0,0.0,,
519953343,高潜力首购用户,0.6760338190374706,1,,0.10226190387275118,3511.0,0.0,,
519955364,高价值高摩擦用户,1.4336394436387951,0,5.8827930004763065,,,,0.38146727482752474,2561.0
519960548,高潜力首购用户,1.8167910015363649,1,,0.18323155861776658,872.0,1.0,,
519962000,高价值高摩擦用户,1.8797775839097746,1,6.893707659813168,,,,0.33404590458349215,3733.0
519965205,高潜力首购用户,0.3202950019511062,1,,0.08604653988000077,4374.0,0.0,,
519989071,高潜力首购用户,0.19027106574924224,1,,0.08079608680271019,4641.0,0.0,,
519991661,高潜力首购用户,1.0560820636985326,1,,0.12131186661876356,2626.0,1.0,,
519996912,高价值高摩擦用户,0.313311697898817,0,6.938294183290969,,,,0.4365736559873951,1656.0
520010230,高潜力首购用户,1.0380433794552184,1,,0.11771764497156331,2774.0,0.0,,
520012046,高潜力首购用户,0.9021437254360781,1,,0.125338029062497,2483.0,1.0,,
520012887,高潜力首购用户,0.04139606148743188,1,,0.07618589412880607,4908.0,0.0,,
520018230,高价值高摩擦用户,-0.5464879002664574,0,5.792718849499858,,,,0.2312357085069053,8862.0
520019958,高潜力首购用户,2.1393089457196584,1,,0.19974002653540163,610.0,1.0,,
520028502,高潜力首购用户,2.4753332687797553,2,,0.2529520942028209,206.0,1.0,,
520030640,高潜力首购用户,1.963998848335869,1,,0.20049562062656778,602.0,1.0,,
520035230,高价值高摩擦用户,2.2744183641347777,0,5.3286283130426275,,,,0.3264667511553162,3974.0
520042728,高潜力首购用户,1.6731516949324392,1,,0.15028640924162945,1609.0,1.0,,
520048138,高潜力首购用户,0.5055537021140576,1,,0.08789199616131864,4268.0,0.0,,
520050389,高价值高摩擦用户,2.2831783647105426,1,5.268050580411696,,,,0.3561558110822007,3131.0
520050456,高潜力首购用户,0.823169348775186,1,,0.10971027698429486,3127.0,0.0,,
520055661,高潜力首购用户,0.9037631063290705,1,,0.1100864071857758,3111.0,0.0,,
520089389,高价值高摩擦用户,0.8507069816065412,0,5.566075710621197,,,,0.30861709544012683,4617.0
520102799,高潜力首购用户,1.975988450550249,2,,0.23455006261945746,316.0,1.0,,
520103117,高潜力首购用户,0.19244399540561197,1,,0.07750811206571118,4831.0,0.0,,
520103728,高潜力首购用户,0.10703791153560353,1,,0.07361032604017953,5064.0,0.0,,
520104958,高潜力首购用户,0.1625000138999053,1,,0.07495138058725048,4982.0,0.0,,
520132389,高潜力首购用户,-0.029671910064955634,1,,0.07033773174769543,5247.0,0.0,,
520147615,高潜力首购用户,1.3885956462007478,2,,0.16314069426665348,1300.0,1.0,,
520178820,高价值高摩擦用户,1.0976975904062505,0,7.928935615653001,,,,0.34116230318114665,3536.0
520189481,高潜力首购用户,0.07530665061102422,1,,0.07102911007024267,5209.0,0.0,,
520200322,高潜力首购用户,0.2976435846675198,1,,0.08207445004020629,4584.0,0.0,,
520219569,高潜力首购用户,0.4612765730539856,1,,0.08206893694371062,4586.0,0.0,,
520221456,高价值高摩擦用户,1.325406295805796,0,5.9460225216613996,,,,0.26485541536103346,6593.0
520237046,高潜力首购用户,-0.014591307837708197,1,,0.07323230765115758,5089.0,0.0,,
520242866,高潜力首购用户,0.8937155988614512,2,,0.12146110597642457,2620.0,1.0,,
520244979,高价值高摩擦用户,1.245950775702222,0,8.245786836853378,,,,0.4720021895783638,1249.0
520257527,高价值高摩擦用户,0.5892975579157635,0,5.789011709017037,,,,0.2666769779853114,6491.0
520266230,高价值高摩擦用户,-0.44159600441754754,0,6.161481545695613,,,,0.30890283559610715,4600.0
520270138,高潜力首购用户,1.3159780131573602,1,,0.1271338697531594,2417.0,1.0,,
520274004,高潜力首购用户,1.0949524003883224,2,,0.1342182729205452,2146.0,1.0,,
520278364,高潜力首购用户,1.19501197660262,1,,0.12464372195684413,2509.0,1.0,,
520284820,高潜力首购用户,1.6171001687923423,1,,0.16082268010775028,1345.0,1.0,,
520302887,高潜力首购用户,2.7161246385447986,1,,0.2917748788307629,88.0,1.0,,
520310297,高价值高摩擦用户,0.33626089810709286,0,6.60425373592259,,,,0.30066496856946334,4926.0
520325887,高潜力首购用户,0.7432311342551904,1,,0.11226333369579912,3013.0,0.0,,
520331887,高潜力首购用户,1.02858601652643,1,,0.12244626511279477,2577.0,1.0,,
520347640,高潜力首购用户,2.6673544754399963,1,,0.2668793930402625,153.0,1.0,,
520354046,高潜力首购用户,1.145316792215094,1,,0.13362175056877718,2169.0,1.0,,
520358138,高潜力首购用户,1.1555372276810731,1,,0.12601443873209742,2459.0,1.0,,
520361569,高潜力首购用户,0.3921938861130922,1,,0.08795702988451816,4264.0,0.0,,
520376933,高价值高摩擦用户,2.1250210777986887,1,7.231161574368022,,,,0.4030013556037554,2124.0
520392686,高潜力首购用户,0.4002269627443355,1,,0.09213275990243851,4036.0,0.0,,
520404184,高潜力首购用户,0.503219834442591,1,,0.09071715029054486,4120.0,0.0,,
520413025,高潜力首购用户,0.7917540183032825,1,,0.10273431428804823,3484.0,0.0,,
520419682,高潜力首购用户,1.3696471093904528,1,,0.14070346480936968,1907.0,1.0,,
520422163,高潜力首购用户,0.7397072478131695,1,,0.09415821645668306,3952.0,0.0,,
520432071,高潜力首购用户,0.851851150080039,1,,0.11075277895120399,3083.0,0.0,,
520444230,高价值高摩擦用户,0.8743509697236407,0,5.458024011945977,,,,0.2407006651168603,8144.0
520450523,高潜力首购用户,2.009110431719701,1,,0.2084020646089557,522.0,1.0,,
520470138,高潜力首购用户,1.3526501536305913,1,,0.14550146691433355,1753.0,1.0,,
520496138,高价值高摩擦用户,0.29356302171596205,0,6.48482605712233,,,,0.28743910998279426,5495.0
520501276,高潜力首购用户,1.032568226826797,1,,0.13424521416834223,2145.0,1.0,,
520504841,高潜力首购用户,2.5347196062585784,1,,0.2494781067209628,218.0,1.0,,
520533368,高潜力首购用户,3.0437707807377254,1,,0.2987415651249504,76.0,1.0,,
520534435,高价值高摩擦用户,2.545706558170234,0,7.927346005097188,,,,0.65331003654156,301.0
520562184,高潜力首购用户,1.6830851181993243,2,,0.18842843925904326,786.0,1.0,,
520562297,高潜力首购用户,1.3060322318890314,1,,0.14779471381318077,1687.0,1.0,,
520567594,高潜力首购用户,1.1349816633392622,1,,0.12319655441442356,2556.0,1.0,,
520578979,高潜力首购用户,0.7055650388042904,1,,0.103171446313064,3464.0,0.0,,
520582707,高潜力首购用户,-0.004060333467585955,1,,0.0723958651821563,5141.0,0.0,,
520586025,高价值高摩擦用户,1.7414247483614258,0,5.530704728561756,,,,0.20902934594816325,10660.0
520586343,高潜力首购用户,0.8335781418477651,1,,0.10762655751602625,3221.0,0.0,,
520590046,高价值高摩擦用户,1.208140233281827,0,5.38034784089348,,,,0.2817428659552409,5739.0
520592845,高潜力首购用户,-0.00663491177132676,1,,0.07218648886072371,5150.0,0.0,,
520600322,高潜力首购用户,0.20465803490574305,1,,0.08623532398632038,4365.0,0.0,,
520607343,高潜力首购用户,1.4853277045866315,1,,0.16998594573368334,1126.0,1.0,,
520608933,高潜力首购用户,0.7045144096974428,2,,0.1242213668648389,2524.0,1.0,,
520626117,高潜力首购用户,0.9128318521728462,2,,0.13180322106477868,2240.0,1.0,,
520628092,高潜力首购用户,0.5316812115275629,1,,0.09460379080222756,3927.0,0.0,,
520633502,高价值高摩擦用户,1.9204758780534086,1,8.359345686744689,,,,0.6161799804938286,406.0
520634979,高潜力首购用户,-0.004215197882909583,2,,0.07347540075657386,5071.0,0.0,,
520641184,高潜力首购用户,0.6351063052746319,1,,0.10220137866770103,3516.0,0.0,,
520657364,高潜力首购用户,2.0139361099294413,1,,0.17837119376870697,960.0,1.0,,
520673820,高潜力首购用户,0.6011285291904824,1,,0.0984823073449549,3706.0,0.0,,
520687523,高潜力首购用户,1.2286145455664779,1,,0.12961725836074603,2323.0,1.0,,
520687845,高潜力首购用户,0.015724767131369135,1,,0.0795591140372136,4718.0,0.0,,
520699209,高价值高摩擦用户,2.0435265917926615,1,5.665364994380559,,,,0.3618919452673928,2992.0
520705297,高价值高摩擦用户,0.6836245912090583,0,6.947975492468501,,,,0.32422394127079035,4037.0
520716322,高潜力首购用户,0.0611366062473642,1,,0.06983808567164287,5262.0,0.0,,
520722251,高潜力首购用户,0.7562921090527385,1,,0.1115487214812918,3045.0,0.0,,
520734230,高潜力首购用户,2.5513942957423734,1,,0.2526917262138689,208.0,1.0,,
520739774,高潜力首购用户,1.272242296323749,1,,0.13595507587950428,2081.0,1.0,,
520742276,高潜力首购用户,2.234884252058104,1,,0.21258270243932897,477.0,1.0,,
520748456,高潜力首购用户,0.9572109944680669,2,,0.1385317065533759,1980.0,1.0,,
520752502,高潜力首购用户,2.2249164561837116,2,,0.24271062229145912,260.0,1.0,,
520755322,高价值高摩擦用户,2.426653934629542,0,5.478453203061468,,,,0.31379961851092736,4403.0
520776368,高潜力首购用户,0.10743340155287567,1,,0.07733795600822038,4840.0,0.0,,
520780523,高潜力首购用户,1.1737096413179005,1,,0.13603284303588506,2078.0,1.0,,
520782410,高潜力首购用户,2.163327558262788,3,,0.24438515303817057,247.0,1.0,,
520791958,高潜力首购用户,0.5509964212002719,1,,0.09064649726638456,4127.0,0.0,,
520794410,高潜力首购用户,0.8539593781289749,1,,0.12254176003182582,2572.0,1.0,,
520814753,高价值高摩擦用户,0.6651115844737842,0,6.602537008940939,,,,0.44475482579443953,1549.0
520818866,高潜力首购用户,1.0045341004190715,2,,0.13837857940744835,1988.0,1.0,,
520824548,高潜力首购用户,1.3440427359548046,1,,0.14157337805331793,1883.0,1.0,,
520836548,高潜力首购用户,0.9110401162559882,1,,0.11352369604877784,2954.0,0.0,,
520844753,高潜力首购用户,1.574489837235199,2,,0.17982526845974459,938.0,1.0,,
520848799,高潜力首购用户,1.1540508275202612,1,,0.1272573862890841,2415.0,1.0,,
520868661,高潜力首购用户,1.7811250937928473,2,,0.20564051133220684,551.0,1.0,,
520878502,高潜力首购用户,1.2488896519406996,1,,0.13146488909581983,2250.0,1.0,,
520942523,高潜力首购用户,1.3569048608903682,1,,0.1435157703114993,1817.0,1.0,,
520946686,高潜力首购用户,0.6941831909181843,1,,0.10190137678175634,3531.0,0.0,,
520956594,高潜力首购用户,1.8355918833429674,1,,0.17129290104376915,1096.0,1.0,,
520961368,高潜力首购用户,0.5145361213063306,1,,0.09185544906260999,4046.0,0.0,,
520967845,高潜力首购用户,0.35905746164925806,1,,0.08423631959028069,4460.0,0.0,,
520977502,高价值高摩擦用户,1.259486831957623,0,5.8639180662592185,,,,0.37550801185868177,2681.0
520977845,高潜力首购用户,0.9639006987568903,1,,0.12161829071484999,2615.0,1.0,,
520982117,高潜力首购用户,1.3406023803090505,1,,0.13869540071920947,1972.0,1.0,,
520983205,高潜力首购用户,0.8159512825406757,1,,0.11041146475305962,3096.0,0.0,,
520984071,高潜力首购用户,1.5665295693858567,1,,0.16519100373244303,1235.0,1.0,,
521002866,高潜力首购用户,1.3960014150146567,1,,0.14815711233901022,1679.0,1.0,,
521014230,高潜力首购用户,1.9481750226553363,1,,0.20922987744955843,508.0,1.0,,
521024456,高潜力首购用户,0.43325052911761874,1,,0.09534516768594463,3894.0,0.0,,
521026364,高潜力首购用户,1.1696142032588488,1,,0.13277064860135374,2199.0,1.0,,
521036000,高潜力首购用户,1.4377797273753725,2,,0.17446535407271063,1045.0,1.0,,
521037000,高潜力首购用户,2.083622691599357,1,,0.21557824273601747,452.0,1.0,,
521037297,高潜力首购用户,0.45309940265861676,2,,0.0999621700810182,3631.0,0.0,,
521038184,高潜力首购用户,2.0163361739211205,2,,0.2170614514192612,441.0,1.0,,
521040297,高潜力首购用户,2.105941744157585,3,,0.24528130812885932,240.0,1.0,,
521043728,高潜力首购用户,1.2179396473456439,1,,0.1378839012835082,2006.0,1.0,,
521047753,高潜力首购用户,1.4607939419920548,2,,0.17908470964286358,947.0,1.0,,
521063661,高潜力首购用户,0.1900361513632354,1,,0.08070006989708328,4645.0,0.0,,
521063799,高潜力首购用户,0.7689920202104507,2,,0.11285746476943363,2990.0,0.0,,
521068502,高价值高摩擦用户,1.301884915313394,0,7.977865207177536,,,,0.5967411105443889,498.0
521084682,高潜力首购用户,0.545787084488472,1,,0.0963512712241108,3831.0,0.0,,
521103523,高价值高摩擦用户,3.366411145535443,2,6.3213955954576315,,,,0.2829809933414244,5694.0
521104841,高潜力首购用户,1.3322972572791028,2,,0.16456623311102553,1256.0,1.0,,
521114958,高潜力首购用户,0.8519070448868571,1,,0.12078521620551985,2643.0,1.0,,
521118682,高潜力首购用户,0.9805793256284351,1,,0.12175708028101882,2611.0,1.0,,
521144046,高潜力首购用户,1.016378231637599,1,,0.11627261516888883,2833.0,0.0,,
521144456,高潜力首购用户,1.9328347782805464,1,,0.1844051189198371,856.0,1.0,,
521152548,高潜力首购用户,0.8179761201083887,2,,0.11732167752904975,2790.0,0.0,,
521154753,高潜力首购用户,0.060824140169373174,1,,0.06987900764991742,5260.0,0.0,,
521159640,高潜力首购用户,1.1582198367557648,1,,0.13817394338762604,1997.0,1.0,,
521159686,高潜力首购用户,1.6160341321183551,1,,0.1827213277463755,882.0,1.0,,
521162866,高价值高摩擦用户,0.238273563483016,0,5.350814935505791,,,,0.21691723472868887,9976.0
521166774,高潜力首购用户,1.6403131432910076,2,,0.1877996041104437,795.0,1.0,,
521168958,高潜力首购用户,1.8101628034849415,2,,0.20512125415900284,554.0,1.0,,
521171661,高潜力首购用户,0.42562218005426117,1,,0.09346428591232887,3983.0,0.0,,
521172071,高潜力首购用户,0.08905111128483506,1,,0.07206926089917015,5156.0,0.0,,
521176071,高潜力首购用户,2.0572486242709167,1,,0.19401072698345365,698.0,1.0,,
521179297,高潜力首购用户,1.5689484303765824,1,,0.15477536741783413,1490.0,1.0,,
521187025,高潜力首购用户,0.41039573740107044,1,,0.08677622097749961,4342.0,0.0,,
521187640,高潜力首购用户,0.3099747087369435,1,,0.08337810808541965,4510.0,0.0,,
521197343,高潜力首购用户,0.9402457011573592,2,,0.14028424727743638,1919.0,1.0,,
521204753,高潜力首购用户,0.21983953749405802,2,,0.08599868310248317,4378.0,0.0,,
521215753,高潜力首购用户,1.028177900542547,1,,0.12607345753357602,2455.0,1.0,,
521218866,高潜力首购用户,1.667685649705163,1,,0.1706936369711576,1112.0,1.0,,
521236209,高价值高摩擦用户,0.9014670829585407,0,6.824313885647339,,,,0.4298591711531547,1732.0
521250276,高价值高摩擦用户,0.6817900706760436,0,5.949921459329129,,,,0.2581400632850098,7006.0
521255389,高潜力首购用户,2.257008580916193,4,,0.2957544808929946,81.0,1.0,,
521309230,高潜力首购用户,0.6761293955722639,1,,0.09646194861921123,3821.0,0.0,,
521317640,高潜力首购用户,0.23003861265953543,1,,0.08869159971507336,4226.0,0.0,,
521321527,高潜力首购用户,0.6506028618560157,1,,0.09605290142351358,3845.0,0.0,,
521344322,高潜力首购用户,0.8644767944706991,1,,0.10170537653858575,3543.0,0.0,,
521345887,高潜力首购用户,2.419365240239333,1,,0.23994379446173975,278.0,1.0,,
521359686,高价值高摩擦用户,1.3392219553353417,0,5.676339332826044,,,,0.4197369056294424,1865.0
521365230,高潜力首购用户,0.8197114641368038,1,,0.1091025895493895,3153.0,0.0,,
521366046,高潜力首购用户,0.5200116995285738,1,,0.0901957069178221,4153.0,0.0,,
521371686,高潜力首购用户,0.6920207321052039,1,,0.10405540159901021,3409.0,0.0,,
521384707,高潜力首购用户,0.8934608752509413,1,,0.11685049968004364,2808.0,0.0,,
521387004,高潜力首购用户,1.9480250938218024,1,,0.18809388959079576,792.0,1.0,,
521388661,高潜力首购用户,0.6455007518956514,1,,0.10424820280857204,3401.0,0.0,,
521388820,高潜力首购用户,1.112651230011396,1,,0.11938964971203438,2702.0,1.0,,
521401707,高潜力首购用户,2.031690552588161,1,,0.1774165983751237,984.0,1.0,,
521404820,高潜力首购用户,0.09785824245418188,1,,0.06825006661143847,5326.0,0.0,,
521407205,高潜力首购用户,0.4471911285475692,1,,0.09037789829863646,4143.0,0.0,,
521415615,高潜力首购用户,1.066435905658435,1,,0.13162269702485954,2244.0,1.0,,
521431205,高潜力首购用户,1.473173640296577,1,,0.12527590143966177,2485.0,1.0,,
521437410,高潜力首购用户,1.8316820666243843,1,,0.19934913648875277,617.0,1.0,,
521446933,高潜力首购用户,1.9907287058307819,1,,0.20461301732881065,558.0,1.0,,
521446958,高潜力首购用户,0.9352768967197228,1,,0.11037804463159392,3098.0,0.0,,
521449163,高潜力首购用户,0.5951635328529559,2,,0.10533632196756075,3332.0,0.0,,
521450092,高潜力首购用户,0.15151581412538528,1,,0.07250581177023853,5136.0,0.0,,
521460845,高潜力首购用户,0.16147139582248152,1,,0.0748649449453581,4991.0,0.0,,
521472820,高潜力首购用户,1.7015504411366003,1,,0.17680457217465362,1001.0,1.0,,
521501527,高潜力首购用户,0.8982506191191751,1,,0.10368677164938492,3426.0,0.0,,
521507368,高潜力首购用户,0.33895127373835426,1,,0.08010128001488698,4680.0,0.0,,
521519092,高价值高摩擦用户,0.5723680916397148,0,5.717953198927164,,,,0.26827229198520397,6413.0
521538251,高潜力首购用户,0.4250678165542119,1,,0.0912078768448434,4080.0,0.0,,
521542912,高潜力首购用户,0.9449335615976677,1,,0.11123774771355185,3062.0,0.0,,
521546728,高潜力首购用户,0.601565674728988,1,,0.09937706703808799,3660.0,0.0,,
521550753,高价值高摩擦用户,1.2684645091602327,0,6.356524240581107,,,,0.3655437263214936,2907.0
521557368,高潜力首购用户,1.5935524268549999,3,,0.2073185735468936,530.0,1.0,,
521586046,高潜力首购用户,1.8119892834678326,1,,0.1917156811539825,730.0,1.0,,
521605230,高潜力首购用户,1.4353979945316706,1,,0.14846945210269716,1667.0,1.0,,
521618682,高价值高摩擦用户,1.227961279316519,0,5.628013123175813,,,,0.24480920400368966,7859.0
521621774,高潜力首购用户,0.5100065906553698,2,,0.10590267290907608,3302.0,0.0,,
521632523,高潜力首购用户,1.2136943858646445,1,,0.13906095009813685,1959.0,1.0,,
521645251,高潜力首购用户,0.15214526163271425,1,,0.07670420955777928,4878.0,0.0,,
521650820,高潜力首购用户,1.8796896055483778,1,,0.18848701591124584,783.0,1.0,,
521652163,高潜力首购用户,0.8571077684226002,1,,0.1087509780120329,3172.0,0.0,,
521656912,高价值高摩擦用户,2.4477318534686874,0,7.903377256709668,,,,0.49456008007556257,1049.0
521678523,高潜力首购用户,0.34085132800355505,1,,0.08254883560954444,4559.0,0.0,,
521692297,高潜力首购用户,1.8883146677257894,1,,0.1788302748515067,954.0,1.0,,
521697071,高潜力首购用户,0.9024879194403211,1,,0.10512840860963221,3346.0,0.0,,
521711000,高潜力首购用户,0.09175348861519934,1,,0.07235639033190504,5143.0,0.0,,
521721845,高潜力首购用户,1.2456948594987687,1,,0.1419336925806022,1870.0,1.0,,
521723117,高潜力首购用户,1.1864534585901954,1,,0.13203497577492643,2235.0,1.0,,
521726209,高价值高摩擦用户,1.5168532301726676,0,5.924229059089152,,,,0.4278151799588075,1759.0
521727569,高潜力首购用户,2.812922107543681,1,,0.2878720060654829,100.0,1.0,,
521728364,高潜力首购用户,1.0458258156324913,1,,0.13105409674692936,2273.0,1.0,,
521733615,高潜力首购用户,1.3910735240800267,1,,0.1418017849477116,1872.0,1.0,,
521761410,高潜力首购用户,1.4769363374915028,3,,0.1971344077602645,641.0,1.0,,
521762205,高潜力首购用户,0.02306670837298071,1,,0.06696111416521634,5359.0,0.0,,
521774594,高潜力首购用户,1.30841908239964,6,,0.1806124116165429,923.0,1.0,,
521777004,高潜力首购用户,0.4146559894955701,1,,0.09360675991100106,3979.0,0.0,,
521789820,高价值高摩擦用户,0.5864053313796295,0,5.787199994061574,,,,0.29551437623563037,5158.0
521801569,高潜力首购用户,1.299393298344506,1,,0.12916246676061335,2342.0,1.0,,
521843661,高潜力首购用户,0.7159065225043456,1,,0.09275376295401574,4018.0,0.0,,
521845297,高潜力首购用户,0.09154063554243015,1,,0.07602227192651835,4917.0,0.0,,
521846707,高潜力首购用户,0.8481580349148795,1,,0.10015424363317661,3624.0,0.0,,
521848523,高潜力首购用户,1.7514474737819594,1,,0.18542113795291054,837.0,1.0,,
521856502,高潜力首购用户,1.3515335357887759,1,,0.14816190104493493,1678.0,1.0,,
521866138,高潜力首购用户,0.791866476205244,2,,0.11798531932380389,2764.0,0.0,,
521873364,高潜力首购用户,1.682156710701001,1,,0.16408619706455024,1272.0,1.0,,
521880410,高价值高摩擦用户,0.272703930002355,0,6.554664380861713,,,,0.3894792932409361,2384.0
521888410,高潜力首购用户,1.8891904640947432,1,,0.16923838978886552,1139.0,1.0,,
521901845,高潜力首购用户,1.1103913024739709,1,,0.13154734833857892,2246.0,1.0,,
521911364,高潜力首购用户,1.3571269512269086,1,,0.15673718544192175,1447.0,1.0,,
521911569,高潜力首购用户,0.6419513214959857,1,,0.10384696681151193,3418.0,0.0,,
521915523,高潜力首购用户,0.44421130725954655,1,,0.08738373711209062,4301.0,0.0,,
521920799,高潜力首购用户,0.4635782052191046,1,,0.08389615094934226,4484.0,0.0,,
521932004,高价值高摩擦用户,1.268476895796729,0,7.457790252200478,,,,0.3590589046778134,3068.0
521940092,高潜力首购用户,1.2912632164502724,1,,0.1402755690308892,1920.0,1.0,,
521971774,高潜力首购用户,1.6943713943334846,3,,0.20742301213223346,529.0,1.0,,
521988841,高潜力首购用户,0.99548381327297,1,,0.12089919085715585,2638.0,1.0,,
522014046,高价值高摩擦用户,2.433187338725413,0,6.0183151083969655,,,,0.4123621541063332,1966.0
522016481,高潜力首购用户,0.6338945291145952,1,,0.09559520355826398,3874.0,0.0,,
522017569,高价值高摩擦用户,1.3238546617937752,1,7.661917593334083,,,,0.3229030235224482,4088.0
522021866,高潜力首购用户,0.8667109578955685,1,,0.11596315021692429,2850.0,0.0,,
522033251,高潜力首购用户,1.2973793206345272,1,,0.13168308958946442,2242.0,1.0,,
522035322,高潜力首购用户,0.1371909184841478,1,,0.07134629693337559,5193.0,0.0,,
522062682,高潜力首购用户,1.035098001293181,2,,0.14713600953579303,1706.0,1.0,,
522063435,高潜力首购用户,1.3854766532813185,1,,0.15010485434469373,1615.0,1.0,,
522073138,高潜力首购用户,1.5656346635531264,1,,0.1602700649470171,1361.0,1.0,,
522073728,高潜力首购用户,1.4936914760696738,1,,0.16442337817952787,1259.0,1.0,,
522082368,高潜力首购用户,2.3753644504096125,2,,0.2694957849786048,146.0,1.0,,
522095322,高潜力首购用户,0.3240520099940226,1,,0.0779335512214963,4811.0,0.0,,
522097071,高潜力首购用户,1.406439135611987,2,,0.16981908052619646,1130.0,1.0,,
522097933,高潜力首购用户,0.78721140302937,1,,0.1088570464781819,3163.0,0.0,,
522107866,高潜力首购用户,0.2648382554866768,1,,0.08769044141460146,4281.0,0.0,,
522113435,高潜力首购用户,2.0104305049582574,1,,0.18304963928929002,877.0,1.0,,
522119092,高潜力首购用户,1.3165592359292153,1,,0.14239232435434027,1853.0,1.0,,
522127297,高价值高摩擦用户,1.904573274887003,0,7.814145396414301,,,,0.5231885392150302,835.0
522132799,高价值高摩擦用户,1.9530186607205993,0,7.181629966702705,,,,0.4141888219068989,1941.0
522133435,高潜力首购用户,0.5231929543857672,1,,0.09718014002509458,3779.0,0.0,,
522135046,高价值高摩擦用户,0.7679692545489245,0,7.325480918660799,,,,0.431015828331789,1716.0
522187728,高潜力首购用户,0.14008430602516744,1,,0.07631894677517065,4903.0,0.0,,
522194866,高潜力首购用户,1.538940000108229,1,,0.14919145035853223,1641.0,1.0,,
522207594,高潜力首购用户,0.8873750646164525,2,,0.13597976778533083,2080.0,1.0,,
522217092,高潜力首购用户,0.18333921767427178,1,,0.07236805876514146,5142.0,0.0,,
522246799,高潜力首购用户,1.0500171111586631,1,,0.11645650567599959,2826.0,0.0,,
522252205,高潜力首购用户,1.575733529119849,1,,0.16178544889994478,1328.0,1.0,,
522260071,高潜力首购用户,1.921090698377321,1,,0.20409224499980125,563.0,1.0,,
522283548,高潜力首购用户,2.7345369548979654,4,,0.3423662754314532,36.0,1.0,,
522334502,高潜力首购用户,1.5767621495552266,1,,0.16097877297813187,1343.0,1.0,,
522338456,高潜力首购用户,1.3883177566171458,1,,0.1480193274486905,1683.0,1.0,,
522343046,高潜力首购用户,0.6635989705665803,1,,0.09505891924271007,3909.0,0.0,,
522346481,高潜力首购用户,1.5674296152091494,1,,0.16409055084352842,1270.0,1.0,,
522346799,高价值高摩擦用户,0.06197858402429901,0,5.548928214040685,,,,0.23199275692391672,8800.0
522347548,高潜力首购用户,1.1330686669902033,1,,0.14620809940436746,1730.0,1.0,,
522348523,高潜力首购用户,1.1480647331102798,1,,0.1297905871385962,2316.0,1.0,,
522357548,高价值高摩擦用户,-0.36194213996509106,0,6.019634035184825,,,,0.18593612473485524,12629.0
522358615,高潜力首购用户,0.33867559326584945,1,,0.08269468023937679,4552.0,0.0,,
522361569,高潜力首购用户,0.9131465142371438,2,,0.13874812712390797,1971.0,1.0,,
522379887,高潜力首购用户,0.9541548416763271,1,,0.11651097040540921,2825.0,0.0,,
522386117,高潜力首购用户,0.5498140402042929,1,,0.0909269265460155,4099.0,0.0,,
522407569,高潜力首购用户,0.27187702588073875,1,,0.08341975228397897,4507.0,0.0,,
522413410,高潜力首购用户,1.117234529200086,1,,0.12944096231786148,2330.0,1.0,,
522439845,高潜力首购用户,1.3654777424719864,1,,0.1460971929636735,1732.0,1.0,,
522446979,高价值高摩擦用户,2.8472415678601712,0,11.051187940784486,,,,0.764436781069275,104.0
522450686,高潜力首购用户,1.155620815333692,1,,0.12780884708863652,2395.0,1.0,,
522454569,高潜力首购用户,0.26221198088205594,1,,0.08743599922592911,4295.0,0.0,,
522458322,高潜力首购用户,1.4150129895040628,1,,0.14671613084526702,1719.0,1.0,,
522478297,高潜力首购用户,1.747707744188166,1,,0.16922531085258355,1140.0,1.0,,
522485276,高潜力首购用户,0.26350965462933557,1,,0.0728187487310913,5118.0,0.0,,
522493594,高潜力首购用户,0.8749799544269233,1,,0.10671329624913825,3268.0,0.0,,
522510707,高潜力首购用户,0.8157071792774518,1,,0.10398410283401201,3414.0,0.0,,
522516799,高潜力首购用户,0.7996383804869766,1,,0.10675907496839494,3265.0,0.0,,
522518276,高价值高摩擦用户,0.5459061284585676,0,7.193197344490571,,,,0.4287165383170105,1746.0
522560322,高价值高摩擦用户,1.7268669202432971,1,6.032836790213713,,,,0.30881961142160064,4604.0
522578389,高潜力首购用户,1.622593673423635,3,,0.19075420952704228,746.0,1.0,,
522581615,高价值高摩擦用户,0.8880211472328025,1,5.996022892049737,,,,0.4708384547546568,1263.0
522590163,高潜力首购用户,2.0854138450767117,1,,0.19785217244568248,635.0,1.0,,
522608799,高潜力首购用户,1.5210121694318313,1,,0.16438262902450526,1261.0,1.0,,
522625912,高潜力首购用户,0.8224744502948377,1,,0.11559976682797957,2869.0,0.0,,
522683728,高潜力首购用户,1.0846235637607262,1,,0.11278842306328113,2993.0,0.0,,
522692615,高潜力首购用户,0.9238366985587977,2,,0.13568294881637982,2096.0,1.0,,
522702845,高潜力首购用户,0.47621109482290275,1,,0.08879089343211775,4218.0,0.0,,
522707799,高潜力首购用户,-0.017984785805829812,1,,0.06938713850158376,5280.0,0.0,,
522708502,高潜力首购用户,0.29000959803785614,1,,0.08154638762767398,4608.0,0.0,,
522714389,高潜力首购用户,1.075914144715395,1,,0.131874089688563,2239.0,1.0,,
522733046,高潜力首购用户,2.0609293132845043,2,,0.21908431216417024,423.0,1.0,,
522762163,高潜力首购用户,0.7387957937301106,1,,0.0985856935155222,3697.0,0.0,,
522767205,高潜力首购用户,0.20816872352035287,1,,0.07888252506390622,4760.0,0.0,,
522770092,高潜力首购用户,0.7805882582298124,1,,0.10952044164070193,3136.0,0.0,,
522795481,高潜力首购用户,1.9543909166258926,2,,0.2311611033537982,335.0,1.0,,
522811276,高潜力首购用户,1.129989499756675,1,,0.12992135165804158,2310.0,1.0,,
522822435,高潜力首购用户,-0.02808550501338443,1,,0.07046362758923432,5241.0,0.0,,
522833071,高价值高摩擦用户,2.5804034166694554,0,7.104546641370652,,,,0.5214978041655175,848.0
522834184,高潜力首购用户,0.4843391116713864,1,,0.0941501172017355,3953.0,0.0,,
522835276,高潜力首购用户,0.29478176049899385,1,,0.08685939979939916,4334.0,0.0,,
522854594,高潜力首购用户,2.0238969150491344,1,,0.19386210135097065,699.0,1.0,,
522866728,高潜力首购用户,2.348804535053198,1,,0.24093831721751208,273.0,1.0,,
522873230,高潜力首购用户,0.2131754543003118,1,,0.07932479281776221,4732.0,0.0,,
522886343,高价值高摩擦用户,1.3806638898202894,0,5.847767371850795,,,,0.40562401784681307,2081.0
522888753,高潜力首购用户,2.0537603202191974,2,,0.2260449338034488,365.0,1.0,,
522889117,高潜力首购用户,0.6830710191241098,1,,0.10294426877669854,3472.0,0.0,,
522893912,高潜力首购用户,1.7743454963495513,1,,0.17083502966943104,1110.0,1.0,,
522945481,高潜力首购用户,0.7395224829434608,1,,0.10337283884757308,3448.0,0.0,,
522951435,高潜力首购用户,0.1258925654006239,1,,0.0789503908597628,4756.0,0.0,,
522951661,高潜力首购用户,0.35960005722348987,1,,0.07988198093632873,4690.0,0.0,,
522958774,高价值高摩擦用户,1.3861663208336037,0,6.649742035081243,,,,0.28563750432105584,5574.0
522973774,高价值高摩擦用户,1.6777658481374893,0,9.534768222454362,,,,0.659628694987367,279.0
522974615,高潜力首购用户,0.08345138024097697,1,,0.07528816266825063,4962.0,0.0,,
522974845,高价值高摩擦用户,1.1732866143928298,0,6.794010695436744,,,,0.3725656776617213,2760.0
522983297,高潜力首购用户,1.0318437018562174,2,,0.14968956679774828,1631.0,1.0,,
522991410,高潜力首购用户,1.553361934946273,1,,0.15329180179790766,1536.0,1.0,,
523069527,高潜力首购用户,0.7592350697851958,1,,0.11471786399080969,2905.0,0.0,,
523107912,高潜力首购用户,0.1615270580986904,1,,0.07206343918504547,5158.0,0.0,,
523109389,高潜力首购用户,0.9281149358594134,1,,0.1282238496669466,2379.0,1.0,,
523160251,高潜力首购用户,0.014177267507589334,1,,0.07194817681200437,5161.0,0.0,,
523161251,高价值高摩擦用户,-0.18965283115107043,0,7.468695903219975,,,,0.3791437337236313,2608.0
523161820,高潜力首购用户,0.9493953460199159,1,,0.10947695484636699,3138.0,0.0,,
523174163,高潜力首购用户,1.9059066669438363,1,,0.1765066734394639,1005.0,1.0,,
523188707,高价值高摩擦用户,0.6661046476266995,0,7.125044929604548,,,,0.37307857149237283,2743.0
523197661,高潜力首购用户,1.0566507801211429,1,,0.12288096037158583,2563.0,1.0,,
523233866,高潜力首购用户,1.0800073524214848,1,,0.12729264571819943,2413.0,1.0,,
523244615,高潜力首购用户,1.2677291969379914,1,,0.14177547248013425,1876.0,1.0,,
523245251,高潜力首购用户,-0.02808550501338443,2,,0.07968300749856845,4708.0,0.0,,
523247251,高潜力首购用户,1.7598027155915688,1,,0.1680399138719845,1173.0,1.0,,
523276866,高潜力首购用户,0.9438131388013226,1,,0.11904002093297754,2716.0,0.0,,
523305548,高价值高摩擦用户,1.582935683942815,0,6.6458254201468545,,,,0.3177424620251743,4278.0
523316071,高潜力首购用户,0.02177800129620337,1,,0.0662310887332258,5374.0,0.0,,
523316594,高潜力首购用户,0.5999970189888535,1,,0.09085519521291983,4109.0,0.0,,
523334435,高潜力首购用户,0.5335357373185795,1,,0.09641662860498176,3824.0,0.0,,
523350820,高潜力首购用户,0.9723397389394486,1,,0.11486911131730508,2900.0,0.0,,
523353753,高潜力首购用户,1.1209554287298449,1,,0.1330177477911688,2192.0,1.0,,
523355845,高潜力首购用户,1.867437740816835,2,,0.21368236276162628,466.0,1.0,,
523360025,高潜力首购用户,0.046061552196008194,1,,0.06640115776410899,5370.0,0.0,,
523367276,高潜力首购用户,0.5866554943200819,2,,0.11196681741900001,3023.0,0.0,,
523370368,高潜力首购用户,0.5344718003358172,1,,0.09389202519502472,3966.0,0.0,,
523378866,高潜力首购用户,0.5834052456586662,1,,0.09477778472759328,3920.0,0.0,,
523398979,高潜力首购用户,0.0986002504624917,2,,0.07968054457197876,4709.0,0.0,,
523408866,高潜力首购用户,2.0186277494264577,1,,0.19822147874073764,632.0,1.0,,
523437548,高潜力首购用户,0.22168750313775323,1,,0.07255105633877586,5132.0,0.0,,
523445138,高潜力首购用户,1.7343257627149964,2,,0.18582548115873737,829.0,1.0,,
523469046,高潜力首购用户,0.8892257998956307,1,,0.12050454223499735,2654.0,1.0,,
523511297,高潜力首购用户,1.2869055062511385,1,,0.14633525358283306,1727.0,1.0,,
523512594,高价值高摩擦用户,1.3500127444780397,0,5.2466731333956975,,,,0.34806439802521355,3358.0
523516615,高潜力首购用户,1.5227716257409998,1,,0.164190507443377,1267.0,1.0,,
523531753,高潜力首购用户,0.6468104990337555,1,,0.10755744218228737,3225.0,0.0,,
523532117,高价值高摩擦用户,1.4456898076297486,0,5.341775882389422,,,,0.24344192220174973,7955.0
523540845,高价值高摩擦用户,1.190550366669414,0,9.98359641186775,,,,0.6580156602868876,284.0
523541548,高潜力首购用户,0.6930005156986709,2,,0.11316108781772678,2972.0,0.0,,
523554163,高潜力首购用户,1.357484098565428,1,,0.15203199922029662,1561.0,1.0,,
523556707,高潜力首购用户,1.3849665152648158,1,,0.14524769391669934,1760.0,1.0,,
523566707,高潜力首购用户,1.2458477935732626,1,,0.13897944572558235,1962.0,1.0,,
523582661,高潜力首购用户,1.8470273469282013,2,,0.21247773305165904,479.0,1.0,,
523596364,高潜力首购用户,0.7821437906288643,1,,0.10970453699523543,3128.0,0.0,,
523597251,高价值高摩擦用户,-0.250588714559214,0,6.86783912406528,,,,0.28826362078326206,5456.0
523613071,高潜力首购用户,1.8717492197763683,1,,0.18471092762107238,852.0,1.0,,
523614322,高潜力首购用户,0.14978751674040944,1,,0.06853634322806833,5315.0,0.0,,
523618230,高潜力首购用户,0.45619700253991285,1,,0.08892626901841683,4210.0,0.0,,
523626569,高潜力首购用户,0.6546426949649939,1,,0.10155334919728298,3553.0,0.0,,
523636661,高价值高摩擦用户,0.8787571752410539,0,8.006804614988287,,,,0.4559531903460045,1410.0
523639686,高潜力首购用户,0.3511403480978237,1,,0.08124855425865603,4620.0,0.0,,
523640184,高潜力首购用户,0.3058996892164853,1,,0.08300122845748928,4531.0,0.0,,
523641184,高价值高摩擦用户,0.29649464664094405,0,7.472413370704228,,,,0.32748189678330814,3942.0
523645410,高潜力首购用户,0.6818285595724248,1,,0.09382265651612355,3970.0,0.0,,
523680774,高潜力首购用户,0.5848707184270249,1,,0.09699593529750847,3796.0,0.0,,
523694092,高潜力首购用户,0.5422382704729841,1,,0.09733992292338667,3771.0,0.0,,
523697707,高潜力首购用户,0.8836845236830655,1,,0.1260986478234638,2453.0,1.0,,
523697753,高潜力首购用户,1.2252012023779255,1,,0.14073992126923207,1905.0,1.0,,
523717502,高价值高摩擦用户,-0.25981527734875637,0,5.541054372956649,,,,0.210433022772568,10517.0
523726799,高潜力首购用户,1.1181473979876604,1,,0.1279872247409432,2386.0,1.0,,
523731205,高潜力首购用户,1.233266055260333,1,,0.13433047689243058,2141.0,1.0,,
523740887,高潜力首购用户,0.3563790702615292,1,,0.09201258911489221,4040.0,0.0,,
523781456,高价值高摩擦用户,1.6092168485891456,0,7.643104301634658,,,,0.4582082383894089,1398.0
523796000,高潜力首购用户,1.3998704831075706,1,,0.16595202193085426,1214.0,1.0,,
523816820,高价值高摩擦用户,0.7840550631540936,1,6.361141267112389,,,,0.36809998415012707,2855.0
523819025,高潜力首购用户,2.5982878852356617,1,,0.2569990538918456,183.0,1.0,,
523826209,高潜力首购用户,0.5578953374003522,2,,0.11487748356568349,2899.0,0.0,,
523857502,高价值高摩擦用户,0.4120696615602211,1,5.312163374331448,,,,0.3004447828934102,4934.0
523879933,高潜力首购用户,1.461707678449636,2,,0.16911519167803585,1142.0,1.0,,
523889184,高潜力首购用户,1.5681907026058273,1,,0.15657191978313928,1452.0,1.0,,
523905025,高潜力首购用户,1.099682302628479,1,,0.11662782143156399,2818.0,0.0,,
523907845,高潜力首购用户,0.7471190785780005,1,,0.10155656584327528,3552.0,0.0,,
523909640,高潜力首购用户,0.9360161547603126,1,,0.11537063997951555,2885.0,0.0,,
523910205,高潜力首购用户,1.127836397365941,1,,0.13061907265125847,2290.0,1.0,,
523912548,高潜力首购用户,0.17346477640982141,1,,0.07922179219281651,4738.0,0.0,,
523923117,高价值高摩擦用户,0.6570178602572785,0,5.379136695649991,,,,0.27894895850924845,5869.0
523923753,高潜力首购用户,0.7441036995568364,1,,0.11009233756056916,3110.0,0.0,,
523935456,高潜力首购用户,0.4846697305147312,1,,0.10086067759464233,3589.0,0.0,,
523935686,高潜力首购用户,0.5955502556248341,2,,0.10538052406101214,3330.0,0.0,,
523954523,高潜力首购用户,1.0471608911706431,2,,0.12957759724644408,2326.0,1.0,,
523972092,高潜力首购用户,1.131954452095682,1,,0.13450483841143754,2132.0,1.0,,
523981933,高潜力首购用户,1.460933004548347,1,,0.14900198408949064,1649.0,1.0,,
523982866,高潜力首购用户,0.9843537272210074,1,,0.11504820985281719,2893.0,0.0,,
523983163,高潜力首购用户,0.8555679454378251,1,,0.10449007495127158,3389.0,0.0,,
523990820,高价值高摩擦用户,-0.22879482828249031,0,5.726217798939762,,,,0.24772188789185182,7645.0
523995410,高价值高摩擦用户,0.9722049158876063,1,6.125383364673769,,,,0.2912817223570901,5335.0
524002841,高潜力首购用户,0.8610664778108861,1,,0.11097626973949591,3073.0,0.0,,
524015841,高价值高摩擦用户,1.8569478286397938,0,6.873411350611741,,,,0.3834368705532865,2511.0
524026025,高潜力首购用户,0.3028959672987988,1,,0.0827244207726389,4546.0,0.0,,
524030004,高价值高摩擦用户,-0.4937773417390366,0,5.2878123819028895,,,,0.2545087318031805,7212.0
524062728,高潜力首购用户,1.4683143269207573,1,,0.16067483395620918,1347.0,1.0,,
524066933,高价值高摩擦用户,0.23423322548082529,0,6.649243583830136,,,,0.36612335767763193,2895.0
524071364,高潜力首购用户,0.6079402571866258,1,,0.10175053978506174,3541.0,0.0,,
524071728,高价值高摩擦用户,0.47195453820014716,0,5.699517838452811,,,,0.32147227785934096,4155.0
524091866,高潜力首购用户,0.8030477754497705,1,,0.10422267170792913,3402.0,0.0,,
524098686,高潜力首购用户,0.8150183168353674,1,,0.10252731030249843,3495.0,0.0,,
524104820,高潜力首购用户,1.686190723129578,1,,0.156591683989036,1450.0,1.0,,
524106184,高潜力首购用户,2.3619278805881296,1,,0.24193894817541928,264.0,1.0,,
524140184,高价值高摩擦用户,1.464112756828723,0,5.993943614536594,,,,0.34046677255735835,3558.0
524147481,高潜力首购用户,1.3160047160875374,2,,0.1690907733057941,1144.0,1.0,,
524158184,高潜力首购用户,0.1322516411909679,1,,0.07501312409414489,4976.0,0.0,,
524171297,高潜力首购用户,0.8832542040756372,2,,0.12874877537948864,2361.0,1.0,,
524171799,高潜力首购用户,1.1648777413173448,2,,0.15430064628274187,1505.0,1.0,,
524172527,高潜力首购用户,0.7882011363089223,1,,0.09532236961239383,3899.0,0.0,,
524179276,高潜力首购用户,1.0605777866243373,2,,0.1381063329778765,1998.0,1.0,,
524183640,高潜力首购用户,2.7289958781995574,2,,0.31645869700968965,57.0,1.0,,
524184753,高潜力首购用户,1.1608698755594469,1,,0.13421330978468737,2147.0,1.0,,
524192481,高潜力首购用户,0.5382369900672311,1,,0.09691443183640383,3802.0,0.0,,
524195661,高潜力首购用户,0.8426782855829386,1,,0.11464935384433797,2908.0,0.0,,
524202343,高价值高摩擦用户,1.3433654552560281,0,6.171473909028917,,,,0.38378904118452956,2504.0
524228481,高潜力首购用户,0.8457842534120993,2,,0.10939411204486607,3142.0,0.0,,
524234548,高潜力首购用户,1.0336278128465222,1,,0.12754132328616563,2408.0,1.0,,
524298071,高潜力首购用户,1.9279459341958496,1,,0.1937924565213642,702.0,1.0,,
524369322,高潜力首购用户,0.6787744779559107,1,,0.10517535520458135,3341.0,0.0,,
524381389,高潜力首购用户,0.42191904259244817,1,,0.09089187816636603,4107.0,0.0,,
524382753,高潜力首购用户,0.5712700377600705,1,,0.08665718486967765,4350.0,0.0,,
524383343,高潜力首购用户,1.0558640583862473,1,,0.1279019571221833,2390.0,1.0,,
524399887,高潜力首购用户,2.114328733011174,1,,0.2205676574386176,410.0,1.0,,
524411502,高潜力首购用户,1.2933754280932497,2,,0.14814513130131293,1681.0,1.0,,
524462389,高潜力首购用户,1.626779997292483,1,,0.17535847155677145,1025.0,1.0,,
524478820,高潜力首购用户,0.7988057290281122,2,,0.1282546541382223,2377.0,1.0,,
524486502,高潜力首购用户,0.9789594438564792,1,,0.12034503493481374,2665.0,1.0,,
524488841,高潜力首购用户,0.6560062036678335,1,,0.09793864424042908,3740.0,0.0,,
524494979,高潜力首购用户,1.1116293451233148,1,,0.12124720571876432,2630.0,1.0,,
524509958,高潜力首购用户,1.7036646880211574,1,,0.18503540359146628,847.0,1.0,,
524532117,高潜力首购用户,0.4166201329773864,1,,0.08737622543487042,4304.0,0.0,,
524535209,高潜力首购用户,0.8180603013729497,1,,0.10593453509332529,3300.0,0.0,,
524564117,高价值高摩擦用户,2.8555429909303474,0,7.84934053285518,,,,0.545060596712671,711.0
524584343,高潜力首购用户,2.110082316605444,1,,0.22052001318432626,411.0,1.0,,
524603686,高潜力首购用户,0.0068481429745954475,1,,0.07328921672374335,5086.0,0.0,,
524634799,高潜力首购用户,0.9445019428211706,2,,0.12958069198688912,2325.0,1.0,,
524642046,高潜力首购用户,0.533075506875579,1,,0.09374807525254819,3974.0,0.0,,
524643753,高潜力首购用户,0.47487209623714205,1,,0.08672752029450034,4345.0,0.0,,
524682364,高潜力首购用户,1.4844310313573088,1,,0.155661807382184,1474.0,1.0,,
524698502,高潜力首购用户,1.4166865743229244,1,,0.14494051836032285,1768.0,1.0,,
524699410,高潜力首购用户,1.3700050556856471,1,,0.1411838438469338,1892.0,1.0,,
524707368,高潜力首购用户,0.506798277171362,3,,0.10804195676730304,3205.0,0.0,,
524721364,高潜力首购用户,0.8601071772696255,1,,0.1233456132957486,2552.0,1.0,,
524729368,高潜力首购用户,1.315200515089783,1,,0.14892512434448998,1651.0,1.0,,
524733004,高价值高摩擦用户,1.1117291111806658,0,6.285271573673264,,,,0.40258468010558873,2129.0
524734456,高潜力首购用户,0.7887030152214973,1,,0.1128797150618774,2988.0,0.0,,
524761071,高价值高摩擦用户,0.2784533727250499,0,5.812696668513324,,,,0.322643308991999,4100.0
524761615,高潜力首购用户,0.5941447109351531,1,,0.10510932629955208,3347.0,0.0,,
524768343,高潜力首购用户,1.4189605999543353,1,,0.1430799600968323,1827.0,1.0,,
524769230,高潜力首购用户,0.673087113351067,1,,0.09172781041641288,4053.0,0.0,,
524790912,高潜力首购用户,0.4238967708785353,1,,0.07750622498680147,4833.0,0.0,,
524803527,高潜力首购用户,1.1106615940516487,1,,0.12883126836054223,2356.0,1.0,,
524821389,高价值高摩擦用户,0.8722517519883796,0,6.268414232980719,,,,0.5139038664976702,905.0
524831845,高潜力首购用户,1.3974419062204548,1,,0.1471359335603263,1707.0,1.0,,
524858163,高潜力首购用户,0.11273554531475215,1,,0.07338748427011732,5076.0,0.0,,
524865092,高潜力首购用户,0.21501327940829865,1,,0.0786575547409591,4772.0,0.0,,
524872845,高潜力首购用户,1.5591074698863334,2,,0.16945210467056077,1135.0,1.0,,
524882251,高价值高摩擦用户,-0.03588178809836099,0,5.584041273043653,,,,0.1589345447565153,14885.0
524883297,高潜力首购用户,2.206351415075329,2,,0.251586100522214,211.0,1.0,,
524892481,高潜力首购用户,1.5435420261528614,1,,0.15867433250712662,1394.0,1.0,,
524903343,高潜力首购用户,0.025140427009611537,1,,0.0664836966421068,5368.0,0.0,,
524914502,高潜力首购用户,1.060882524838124,1,,0.12871738055024412,2362.0,1.0,,
524918615,高潜力首购用户,1.1296001762999952,1,,0.1364331537470575,2061.0,1.0,,
524921640,高潜力首购用户,1.6712459290449242,2,,0.19841101107110629,628.0,1.0,,
524927364,高潜力首购用户,1.4504570889918549,1,,0.15330087549867583,1535.0,1.0,,
524934205,高潜力首购用户,1.8683978670282002,1,,0.19040759082842362,747.0,1.0,,
524938502,高潜力首购用户,0.9051423110735461,1,,0.11427921574190987,2922.0,0.0,,
525007025,高潜力首购用户,0.8728332357559805,2,,0.13392126255534395,2159.0,1.0,,
525007820,高潜力首购用户,-0.024214577774155675,1,,0.07077169579196516,5230.0,0.0,,
525015933,高潜力首购用户,0.3257469942595614,2,,0.09447033066918963,3931.0,0.0,,
525027092,高价值高摩擦用户,1.683526178477772,1,6.602457132437989,,,,0.36998432469981274,2822.0
525030230,高价值高摩擦用户,1.5616831256895196,0,5.329833133324407,,,,0.2698545158118656,6317.0
525051410,高价值高摩擦用户,2.182238076733985,0,7.809791563903727,,,,0.5491193562674256,684.0
525062117,高潜力首购用户,1.520305990497042,2,,0.1819268026687055,896.0,1.0,,
525069000,高潜力首购用户,0.8966572856323672,1,,0.1079661342955484,3209.0,0.0,,
525073343,高潜力首购用户,0.8230525153913669,1,,0.10832384077363048,3191.0,0.0,,
525103297,高价值高摩擦用户,0.9458022016863169,0,5.545958389462633,,,,0.32424156589647635,4035.0
525114958,高潜力首购用户,0.10496424420741231,1,,0.07025520846875716,5250.0,0.0,,
525123548,高价值高摩擦用户,0.399454619855197,0,5.487104090150364,,,,0.27996840303956394,5827.0
525126389,高潜力首购用户,0.5376036383353872,1,,0.0910579463861586,4094.0,0.0,,
525136343,高潜力首购用户,1.7801827543025421,1,,0.17712594959478495,992.0,1.0,,
525146163,高潜力首购用户,1.0262549550590776,1,,0.11896319714414932,2721.0,0.0,,
525172979,高潜力首购用户,1.8857440628646256,1,,0.19212120510935957,722.0,1.0,,
525184184,高价值高摩擦用户,1.5973579938049467,0,6.681807800335193,,,,0.3859505326898788,2456.0
525186092,高潜力首购用户,1.460374340360458,1,,0.1562010971983489,1461.0,1.0,,
525194138,高潜力首购用户,1.8982020235330526,1,,0.17717720988131283,991.0,1.0,,
525201092,高潜力首购用户,1.3704594888156916,1,,0.14364347415172246,1813.0,1.0,,
525225866,高价值高摩擦用户,1.3835249810629289,0,6.050476103928439,,,,0.37570617258749,2675.0
525228251,高价值高摩擦用户,0.17541931380944906,0,5.7081230407546215,,,,0.15045432554611649,15521.0
525237594,高潜力首购用户,0.13875635776542417,1,,0.08271066636439094,4548.0,0.0,,
525252138,高价值高摩擦用户,1.3596874037830098,0,5.243068892317558,,,,0.24380501064491006,7929.0
525283364,高价值高摩擦用户,-0.3333984920066748,0,5.558427343766514,,,,0.24054113252067527,8153.0
525291753,高潜力首购用户,1.376740821885444,1,,0.14731082793017805,1701.0,1.0,,
525292230,高潜力首购用户,0.8928755005587726,1,,0.11013801887961829,3109.0,0.0,,
525297004,高潜力首购用户,1.4663909402500728,1,,0.16149603447986075,1331.0,1.0,,
525301523,高潜力首购用户,1.2106195037805465,1,,0.13656926645800938,2053.0,1.0,,
525310728,高潜力首购用户,2.6457806334117837,1,,0.2790623075333111,120.0,1.0,,
525313548,高潜力首购用户,1.1085058140397706,1,,0.13756396069994586,2022.0,1.0,,
525380025,高价值高摩擦用户,0.26315667387176783,0,7.843489750230493,,,,0.49552033446864185,1043.0
525386456,高潜力首购用户,1.0591805311814049,1,,0.12648888835865216,2439.0,1.0,,
525387820,高潜力首购用户,1.8180012354381863,1,,0.17669938835487387,1003.0,1.0,,
525392230,高潜力首购用户,0.7644982909556747,1,,0.09473266742407611,3921.0,0.0,,
525397523,高潜力首购用户,0.11394532851237855,1,,0.07168995630975637,5178.0,0.0,,
525398410,高潜力首购用户,1.2677688045603237,1,,0.13807803377400313,1999.0,1.0,,
525460322,高潜力首购用户,0.012073341826703832,1,,0.06872538723189908,5303.0,0.0,,
525467184,高潜力首购用户,0.027310567374858003,2,,0.07907141262458564,4745.0,0.0,,
525483209,高潜力首购用户,2.3348763731418662,2,,0.246922940438178,228.0,1.0,,
525486322,高价值高摩擦用户,2.013572813298303,0,6.036055430435857,,,,0.21203578826424738,10380.0
525505163,高潜力首购用户,-0.03305909812490578,2,,0.07112953634932163,5200.0,0.0,,
525511979,高潜力首购用户,1.4125665965307295,1,,0.14384802149452042,1804.0,1.0,,
525519594,高价值高摩擦用户,0.7897781559895817,0,5.830654563769354,,,,0.22741167939807108,9157.0
525526456,高潜力首购用户,1.1764522230119,1,,0.11631806047607664,2830.0,0.0,,
525552297,高价值高摩擦用户,0.05574328928298603,0,5.244403096543083,,,,0.183773089472919,12848.0
525560753,高潜力首购用户,0.9792424543582946,1,,0.11194605665371453,3025.0,0.0,,
525575071,高潜力首购用户,1.2486643776587911,1,,0.13516926405900778,2112.0,1.0,,
525618004,高潜力首购用户,1.302565129452652,2,,0.13601226914996584,2079.0,1.0,,
525619117,高潜力首购用户,1.042784575312827,3,,0.15029836304528305,1608.0,1.0,,
525620209,高潜力首购用户,0.64093309206541,1,,0.09706512869368529,3790.0,0.0,,
525627368,高价值高摩擦用户,2.1906093575897088,0,5.759732133554799,,,,0.43695579596390455,1652.0
525635686,高价值高摩擦用户,1.3530216837125473,0,6.440893376008649,,,,0.38983484191620166,2375.0
525643389,高潜力首购用户,0.8194725898042542,2,,0.13229239738965337,2225.0,1.0,,
525647640,高潜力首购用户,1.484839269921877,1,,0.15572688195386017,1471.0,1.0,,
525689845,高潜力首购用户,1.1648189493100658,1,,0.141332424975824,1887.0,1.0,,
525728435,高潜力首购用户,2.1452680791355982,1,,0.21799369359418042,433.0,1.0,,
525759640,高潜力首购用户,0.4853986064142213,1,,0.0889502595659596,4209.0,0.0,,
525771205,高潜力首购用户,0.2992384235747059,1,,0.08126319242973593,4618.0,0.0,,
525780389,高潜力首购用户,0.9786629302229786,1,,0.11613635226690223,2840.0,0.0,,
525781845,高潜力首购用户,0.779018129216452,1,,0.10715422859772741,3245.0,0.0,,
525794481,高潜力首购用户,0.43485527563249654,1,,0.08648319853890797,4359.0,0.0,,
525804502,高潜力首购用户,0.9538806020088719,1,,0.11556270601446092,2872.0,0.0,,
525828117,高潜力首购用户,1.9532181699933968,1,,0.18089508686944464,917.0,1.0,,
525853004,高价值高摩擦用户,0.9738944745210051,0,5.945263528207268,,,,0.27797803980121516,5904.0
525853845,高价值高摩擦用户,2.366306944937992,0,7.82716912884227,,,,0.5381235341525381,748.0
525855707,高潜力首购用户,1.1637125026048158,1,,0.13717289021470463,2038.0,1.0,,
525863322,高潜力首购用户,0.9311286313272785,1,,0.11277260958688184,2994.0,0.0,,
525864184,高潜力首购用户,1.4859654780800662,1,,0.151852771443535,1568.0,1.0,,
525889410,高潜力首购用户,0.0958182635945299,1,,0.06809292577388966,5332.0,0.0,,
525891297,高潜力首购用户,2.076252123821024,1,,0.2019128976328994,586.0,1.0,,
525895184,高潜力首购用户,0.6325197370818232,1,,0.09956397541520927,3655.0,0.0,,
525922866,高潜力首购用户,0.9619728055761357,1,,0.11329695429506408,2967.0,0.0,,
525925615,高潜力首购用户,0.689917069092881,1,,0.11654477663050335,2823.0,0.0,,
525945774,高潜力首购用户,2.2139894053942366,3,,0.26165968299172887,174.0,1.0,,
525970979,高潜力首购用户,1.1996938713603875,3,,0.16369710952792477,1288.0,1.0,,
525976887,高潜力首购用户,0.49767909291453294,1,,0.09553881631031544,3876.0,0.0,,
525982615,高潜力首购用户,1.681177268179191,1,,0.16975215662455717,1132.0,1.0,,
526002046,高价值高摩擦用户,2.393066344478897,0,7.144422965516205,,,,0.5402769003791119,736.0
526002661,高潜力首购用户,1.1945467471487334,1,,0.12784636892446036,2393.0,1.0,,
526004958,高潜力首购用户,0.30294259196860623,1,,0.07463489946959091,5003.0,0.0,,
526024230,高潜力首购用户,1.1126769632441402,1,,0.11243348704648075,3008.0,0.0,,
526027138,高潜力首购用户,1.5626152364084744,1,,0.14490778060733492,1770.0,1.0,,
526031276,高潜力首购用户,2.1998997970845573,1,,0.21575602007711284,450.0,1.0,,
526037117,高潜力首购用户,0.8063204249122613,1,,0.10156086183371817,3551.0,0.0,,
526057343,高潜力首购用户,0.9852661339595277,3,,0.15456909168096783,1497.0,1.0,,
526062071,高潜力首购用户,0.7591499699988574,1,,0.10550453701161136,3324.0,0.0,,
526140046,高潜力首购用户,1.0700940887517676,1,,0.12669731563329037,2430.0,1.0,,
526156820,高潜力首购用户,0.2863824887253659,1,,0.09437129352417045,3934.0,0.0,,
526162163,高潜力首购用户,1.1271209505097977,1,,0.13079790728344504,2281.0,1.0,,
526174866,高潜力首购用户,0.07190204364240811,1,,0.07431892051192499,5029.0,0.0,,
526182000,高潜力首购用户,2.0660204433389926,1,,0.1896725136799593,763.0,1.0,,
526197933,高潜力首购用户,0.1392704092540533,1,,0.07302157550171513,5103.0,0.0,,
526207820,高潜力首购用户,0.8855162840475144,2,,0.12444013581796605,2518.0,1.0,,
526208138,高潜力首购用户,0.7770078710765804,1,,0.11406268803597812,2935.0,0.0,,
526210502,高潜力首购用户,0.5752969037196461,1,,0.0845468742357542,4439.0,0.0,,
526214527,高潜力首购用户,1.5579518730192543,1,,0.16653903318655316,1206.0,1.0,,
526224820,高潜力首购用户,1.2236668925467653,1,,0.14439080806752352,1785.0,1.0,,
526234205,高潜力首购用户,0.804836134340294,1,,0.11018652599093696,3108.0,0.0,,
526252661,高潜力首购用户,0.14849365027942438,1,,0.07704091471800871,4859.0,0.0,,
526508000,高潜力首购用户,2.2516981697944876,1,,0.2212923390376155,405.0,1.0,,
526511251,高价值高摩擦用户,-0.17887934295494143,0,5.2521163476473225,,,,0.3650291162941487,2919.0
526517640,高价值高摩擦用户,1.5480948882214,0,5.937918717667138,,,,0.3456313915147659,3422.0
526552251,高价值高摩擦用户,0.27463859891932213,0,5.915249227852163,,,,0.22463435717748104,9381.0
526581481,高潜力首购用户,0.8638568887596701,1,,0.10453690644998903,3385.0,0.0,,
526582000,高潜力首购用户,0.3460383230175921,1,,0.09589413606872854,3854.0,0.0,,
526598502,高潜力首购用户,1.2659917484098695,1,,0.13899300316218546,1961.0,1.0,,
526598799,高潜力首购用户,1.1275353849036527,1,,0.1311452325089099,2266.0,1.0,,
526599046,高潜力首购用户,1.0260691999799247,1,,0.11748557239313462,2783.0,0.0,,
526625523,高潜力首购用户,0.6852190167758083,1,,0.10328897499246927,3456.0,0.0,,
526653209,高潜力首购用户,0.14799485623879574,1,,0.07097381237612645,5214.0,0.0,,
526653364,高潜力首购用户,0.42831691284633516,1,,0.09483038927978461,3917.0,0.0,,
526662912,高潜力首购用户,1.3894491876299508,1,,0.14391381341613002,1800.0,1.0,,
526663205,高潜力首购用户,2.046853984192221,1,,0.21212542597405037,485.0,1.0,,
526682615,高潜力首购用户,0.16972215493057144,1,,0.07273079794447912,5123.0,0.0,,
526717594,高潜力首购用户,-0.03876060269468229,1,,0.06777789375381763,5338.0,0.0,,
526717615,高潜力首购用户,0.7207358731531883,1,,0.10057798933980147,3605.0,0.0,,
526732615,高价值高摩擦用户,-0.3464449649145603,0,5.516440335805375,,,,0.3104012567561095,4547.0
526773933,高潜力首购用户,0.9085209181443702,1,,0.12559126510530239,2473.0,1.0,,
526786527,高潜力首购用户,0.6707474649411024,1,,0.10892564188172556,3159.0,0.0,,
526788368,高价值高摩擦用户,2.2574887991336174,0,5.72810773140091,,,,0.384151778175473,2496.0
526797184,高潜力首购用户,1.5520712751139314,3,,0.18540640663003058,838.0,1.0,,
526814163,高价值高摩擦用户,1.927166859899834,0,7.082708086438657,,,,0.4077836456773667,2041.0
526816046,高潜力首购用户,-0.05225313061713597,2,,0.08333630631550284,4514.0,0.0,,
526842820,高价值高摩擦用户,1.4615135877754142,0,6.6443388247935005,,,,0.4389970668470324,1622.0
526884841,高潜力首购用户,1.076817400494332,1,,0.11380150705543816,2943.0,0.0,,
526898640,高潜力首购用户,1.595133922382443,1,,0.17201901881011175,1087.0,1.0,,
526899753,高潜力首购用户,1.371434335668842,1,,0.142507185769786,1846.0,1.0,,
526923887,高潜力首购用户,0.48723550889685296,1,,0.09697217069569627,3799.0,0.0,,
526923958,高潜力首购用户,0.6211962261799633,1,,0.09427218828200962,3941.0,0.0,,
526962209,高潜力首购用户,1.2256619009437324,1,,0.13326182219565819,2184.0,1.0,,
526970092,高潜力首购用户,1.4231987167555522,1,,0.14041885979215188,1915.0,1.0,,
527011117,高潜力首购用户,1.3067227044372622,1,,0.13591481332053656,2083.0,1.0,,
527011686,高潜力首购用户,0.6424177796182526,1,,0.10899954947060009,3155.0,0.0,,
527017209,高潜力首购用户,0.9232515912863155,1,,0.120759687386205,2647.0,1.0,,
527035569,高潜力首购用户,1.9231757077469733,1,,0.18464696795419894,854.0,1.0,,
527038389,高潜力首购用户,2.0257757927696294,1,,0.21093432028971384,493.0,1.0,,
527046707,高潜力首购用户,0.1806933558718912,1,,0.07986356219008692,4694.0,0.0,,
527066799,高潜力首购用户,1.695877562879298,1,,0.1777805524621322,973.0,1.0,,
527070820,高潜力首购用户,1.6430189419371317,2,,0.21095856328575682,492.0,1.0,,
527071887,高潜力首购用户,1.1387448496503223,2,,0.15029849745342783,1607.0,1.0,,
527086163,高潜力首购用户,0.7156532776369056,2,,0.10373211391561785,3422.0,0.0,,
527090004,高潜力首购用户,0.5450798413505192,1,,0.09285112284448452,4015.0,0.0,,
527122774,高潜力首购用户,0.6121184221497701,1,,0.08932520460191477,4195.0,0.0,,
527123548,高潜力首购用户,0.402257560909824,1,,0.07461553599181675,5006.0,0.0,,
527149368,高潜力首购用户,1.1201014418321862,1,,0.12979473690078225,2314.0,1.0,,
527180184,高潜力首购用户,0.7319117564664285,1,,0.1074962365460282,3228.0,0.0,,
527188004,高潜力首购用户,0.6835378355433587,1,,0.09559884612553463,3872.0,0.0,,
527196046,高潜力首购用户,1.021089638035111,1,,0.11491485987737426,2898.0,0.0,,
527197958,高价值高摩擦用户,0.3237959674215421,0,5.2161975030793,,,,0.19337737886735773,11974.0
527206958,高潜力首购用户,1.0247909005684412,2,,0.13326984652985208,2182.0,1.0,,
527216071,高价值高摩擦用户,0.9552663863539372,0,6.424562385864874,,,,0.3896519595897503,2382.0
527224866,高价值高摩擦用户,0.8904009526983218,0,8.094034979402007,,,,0.3549713440470541,3162.0
527226251,高潜力首购用户,1.4688174612251081,2,,0.16567922258596696,1221.0,1.0,,
527234686,高潜力首购用户,0.06253008304129319,1,,0.06557568312245637,5389.0,0.0,,
527256071,高潜力首购用户,1.757209561566085,1,,0.16878046284317696,1154.0,1.0,,
527266004,高潜力首购用户,0.7438394497266344,1,,0.10576148497254828,3311.0,0.0,,
527292163,高潜力首购用户,0.8902301069725082,1,,0.10982401732573126,3123.0,0.0,,
527294389,高潜力首购用户,1.1017367449933497,2,,0.1485401803727926,1665.0,1.0,,
527304163,高潜力首购用户,0.977464711795493,1,,0.12372528666384082,2540.0,1.0,,
527314481,高潜力首购用户,0.6369866771950102,1,,0.09572689937443113,3865.0,0.0,,
527330322,高潜力首购用户,0.2244569622500694,1,,0.07733593580851039,4842.0,0.0,,
527335548,高潜力首购用户,1.3901715822597123,1,,0.15098530177058206,1588.0,1.0,,
527336841,高价值高摩擦用户,0.8789906023885109,0,6.236291309253333,,,,0.3319718665972325,3788.0
527337845,高价值高摩擦用户,0.5718285525476655,0,7.0259426773173566,,,,0.2981570572244085,5027.0
527338276,高价值高摩擦用户,0.7607505816455452,0,5.862187250865224,,,,0.31671638792236007,4312.0
527358979,高潜力首购用户,2.2020961210822736,2,,0.22924479738560444,348.0,1.0,,
527397481,高潜力首购用户,0.7760279413067162,2,,0.10601123309904124,3292.0,0.0,,
527419774,高潜力首购用户,0.5789583778440038,1,,0.09991081226837836,3633.0,0.0,,
527430297,高潜力首购用户,0.10680531586781189,1,,0.0735223570896796,5067.0,0.0,,
527441481,高潜力首购用户,0.18639784467842666,1,,0.07698551336877471,4864.0,0.0,,
527481481,高潜力首购用户,0.3558604760714157,1,,0.08393774815321724,4479.0,0.0,,
527495707,高潜力首购用户,1.0073452101347826,2,,0.13359369628244727,2170.0,1.0,,
527515640,高潜力首购用户,1.2555625558060743,1,,0.13051769721443235,2294.0,1.0,,
527524502,高潜力首购用户,0.20600862797624017,1,,0.07751226877873262,4829.0,0.0,,
527524753,高潜力首购用户,1.715234776191288,1,,0.1772485313469547,987.0,1.0,,
527524799,高潜力首购用户,0.5249423202031179,1,,0.10166372006050121,3545.0,0.0,,
527527138,高潜力首购用户,2.8660568213173243,2,,0.3297957944430061,45.0,1.0,,
527550368,高潜力首购用户,1.1735543044766987,1,,0.13540470226794835,2106.0,1.0,,
527563912,高潜力首购用户,0.927028189426486,1,,0.10939966819256151,3141.0,0.0,,
527565933,高潜力首购用户,1.3728179084836885,1,,0.14042563920287476,1914.0,1.0,,
527573594,高潜力首购用户,0.27279482276368305,1,,0.08162344115554113,4602.0,0.0,,
527596410,高潜力首购用户,0.9650519891945658,1,,0.11819584829456665,2758.0,0.0,,
527599686,高潜力首购用户,0.9626520433788306,2,,0.13284737947599426,2197.0,1.0,,
527608523,高潜力首购用户,0.03466437055714602,1,,0.06720406330660994,5353.0,0.0,,
527632527,高潜力首购用户,0.4522771497011906,1,,0.08647059936172917,4360.0,0.0,,
527638004,高潜力首购用户,0.18710725397581032,1,,0.07336455386766355,5079.0,0.0,,
527639548,高潜力首购用户,0.5748862805691052,3,,0.11458645795095795,2910.0,0.0,,
527655205,高价值高摩擦用户,0.0003490228040733447,0,5.818963838298741,,,,0.22327419634521345,9496.0
527661000,高潜力首购用户,0.206102006880953,1,,0.07870062066992664,4771.0,0.0,,
527662594,高潜力首购用户,1.422871463387562,3,,0.18142194547638035,910.0,1.0,,
527663410,高潜力首购用户,1.594803277498551,1,,0.1617857771820834,1327.0,1.0,,
527668661,高潜力首购用户,0.5360631328307485,1,,0.09090345285659421,4102.0,0.0,,
527674163,高潜力首购用户,1.6778166010634419,1,,0.15116650805479778,1586.0,1.0,,
527676615,高潜力首购用户,2.0837052521667996,1,,0.2047893943382464,557.0,1.0,,
527676682,高潜力首购用户,1.2213522918391522,1,,0.12932374822801376,2335.0,1.0,,
527681117,高潜力首购用户,0.10503153280486771,1,,0.0733759772537044,5077.0,0.0,,
527691615,高潜力首购用户,1.770451444243413,1,,0.1772412873098413,988.0,1.0,,
527694866,高潜力首购用户,0.8879031216630405,1,,0.12019868440482803,2670.0,1.0,,
527723845,高潜力首购用户,1.5352798964953276,4,,0.20275246795869234,573.0,1.0,,
527742410,高潜力首购用户,1.4633082823932189,1,,0.15789176897383572,1414.0,1.0,,
527754707,高潜力首购用户,0.5994991293772294,1,,0.10675372801243391,3266.0,0.0,,
527764799,高潜力首购用户,1.5710715945165603,2,,0.16692735049630825,1193.0,1.0,,
527777686,高潜力首购用户,0.7904410851627374,1,,0.11762218708016531,2781.0,0.0,,
527814209,高潜力首购用户,1.1745894916754283,1,,0.11977329813883218,2684.0,1.0,,
527831456,高潜力首购用户,0.8457466040474593,2,,0.11928018996520898,2708.0,0.0,,
527860163,高潜力首购用户,1.0432921582223986,1,,0.12108092006080988,2634.0,1.0,,
527898866,高潜力首购用户,0.46227116439552224,1,,0.0891460482199224,4201.0,0.0,,
527901845,高潜力首购用户,0.809933480054473,1,,0.1134682991243674,2960.0,0.0,,
527905753,高潜力首购用户,0.6346112630582643,1,,0.09764289040142202,3752.0,0.0,,
527908527,高潜力首购用户,0.6376832597532485,1,,0.09797160235750474,3738.0,0.0,,
527912527,高价值高摩擦用户,0.5534539742824781,0,6.649567281758059,,,,0.3169572709979173,4302.0
527922845,高潜力首购用户,1.0005023221416118,1,,0.11560424399607383,2867.0,0.0,,
527952276,高潜力首购用户,1.5704344297235338,1,,0.15987981823964068,1366.0,1.0,,
527953774,高潜力首购用户,0.5853364397472343,1,,0.11270536166547074,2998.0,0.0,,
527954686,高潜力首购用户,1.3504901629333077,1,,0.14939898705578863,1637.0,1.0,,
527957322,高潜力首购用户,0.9185423920533594,2,,0.1288695996900548,2354.0,1.0,,
527962682,高潜力首购用户,1.4000334329785045,1,,0.1363866463218865,2064.0,1.0,,
527964276,高潜力首购用户,1.0332955349270783,1,,0.1197324449269569,2685.0,1.0,,
527977615,高潜力首购用户,0.6623294199345718,2,,0.11578108947846898,2862.0,0.0,,
527983163,高潜力首购用户,0.3608009632219072,1,,0.08207544104364799,4583.0,0.0,,
527992368,高价值高摩擦用户,0.03105772825405814,0,7.372837442658771,,,,0.2700698517925817,6307.0
527994887,高潜力首购用户,1.7392148635753664,1,,0.17536386684634195,1024.0,1.0,,
527997184,高潜力首购用户,1.2659351616115997,2,,0.1391255248355883,1958.0,1.0,,
527999799,高潜力首购用户,0.9200509538564665,2,,0.13268421822576715,2203.0,1.0,,
528003046,高潜力首购用户,0.39030993754774906,1,,0.0911318097385129,4087.0,0.0,,
528015979,高潜力首购用户,1.1514881979909621,2,,0.15175936801658,1570.0,1.0,,
528035435,高潜力首购用户,-0.0326152035806813,1,,0.07537096583075839,4958.0,0.0,,
528042615,高价值高摩擦用户,1.625579191331358,0,7.156112004235258,,,,0.4863895899160088,1115.0
528063004,高潜力首购用户,0.6249045064244867,1,,0.0832185483479864,4518.0,0.0,,
528088184,高潜力首购用户,2.145021352611764,1,,0.21195205044007068,488.0,1.0,,
528118322,高潜力首购用户,1.0838422383424635,1,,0.11688269914572988,2807.0,0.0,,
528124682,高潜力首购用户,1.722361698341259,2,,0.19447117125463217,687.0,1.0,,
528140594,高价值高摩擦用户,2.2738165900185114,0,9.063313891921272,,,,0.5528807366874092,668.0
528155661,高潜力首购用户,0.1270119570773798,1,,0.0745734507827741,5009.0,0.0,,
528195456,高潜力首购用户,0.15102586995595838,1,,0.08119523768223022,4624.0,0.0,,
528199686,高潜力首购用户,1.24197834702188,1,,0.1477831777849017,1690.0,1.0,,
528202435,高潜力首购用户,1.6512855468470828,1,,0.17129045088326234,1097.0,1.0,,
528206841,高潜力首购用户,1.9369115497561362,1,,0.18950933202790235,765.0,1.0,,
528217364,高潜力首购用户,0.8640037788307393,1,,0.11321444495666327,2970.0,0.0,,
528236527,高潜力首购用户,0.17056029364608583,1,,0.07016199995305718,5253.0,0.0,,
528238820,高价值高摩擦用户,0.7704419944704162,0,6.007774924421919,,,,0.21590897992099603,10047.0
528266138,高潜力首购用户,0.6105075059991507,2,,0.10502602152595764,3352.0,0.0,,
528283184,高潜力首购用户,1.201208516524028,1,,0.15299090155444206,1544.0,1.0,,
528283845,高潜力首购用户,1.317123513059701,2,,0.16317844898796247,1297.0,1.0,,
528287046,高潜力首购用户,1.6191357249640888,1,,0.16479440107369592,1245.0,1.0,,
528291845,高潜力首购用户,1.1587793718891772,1,,0.12222524038336885,2593.0,1.0,,
528298845,高潜力首购用户,0.3719604460992452,1,,0.08600857549262124,4377.0,0.0,,
528330117,高潜力首购用户,0.133459974476155,1,,0.07254607843502682,5133.0,0.0,,
528333364,高价值高摩擦用户,1.927880790281191,0,7.182750968501598,,,,0.47788297510684874,1194.0
528338548,高潜力首购用户,0.22216697827149354,1,,0.07928851857495,4736.0,0.0,,
528341184,高潜力首购用户,1.1765182613606633,1,,0.13216836243035282,2230.0,1.0,,
528348364,高价值高摩擦用户,2.246902302383164,0,8.044001237803009,,,,0.4780490473846462,1189.0
528356410,高潜力首购用户,0.20076295540612596,1,,0.07823247250641434,4790.0,0.0,,
528363025,高潜力首购用户,1.840494255236834,1,,0.1852461724116965,844.0,1.0,,
528389092,高潜力首购用户,1.9940508175148082,1,,0.21401503051411255,465.0,1.0,,
528389205,高潜力首购用户,0.64093309206541,1,,0.09706512869368529,3790.0,0.0,,
528400728,高潜力首购用户,1.1345912073221653,1,,0.13493623052461104,2121.0,1.0,,
528431322,高价值高摩擦用户,0.9604769967411247,0,5.844432221574017,,,,0.2275316873584289,9147.0
528435368,高潜力首购用户,1.9388108155942607,1,,0.19474417703747413,682.0,1.0,,
528446686,高潜力首购用户,0.7858505066400304,1,,0.1020762980990707,3523.0,0.0,,
528769753,高潜力首购用户,0.798787851198998,1,,0.11675889221617265,2814.0,0.0,,
528997753,高潜力首购用户,1.358771944777703,1,,0.15032066529333166,1605.0,1.0,,
529004799,高潜力首购用户,0.18131579935426448,1,,0.07654874741662608,4888.0,0.0,,
529010410,高潜力首购用户,0.5121760909621942,1,,0.0903780657566264,4142.0,0.0,,
529010661,高潜力首购用户,1.9818949193350843,1,,0.20662929320261048,541.0,1.0,,
529070933,高价值高摩擦用户,0.9405487897430828,1,5.760635286248983,,,,0.27238065193615957,6173.0
529098138,高潜力首购用户,0.9085460960070493,1,,0.1081286274050081,3200.0,0.0,,
529112820,高价值高摩擦用户,1.683683756555397,0,7.792852513227993,,,,0.4160355089799411,1918.0
529116435,高潜力首购用户,1.6814173151700287,1,,0.1532424670523742,1541.0,1.0,,
529126046,高潜力首购用户,1.51477125861411,1,,0.15323342516610294,1542.0,1.0,,
529146025,高潜力首购用户,2.689853107130098,1,,0.2628122474121754,171.0,1.0,,
529151887,高潜力首购用户,0.5377955849429167,1,,0.09551082242136741,3879.0,0.0,,
529164799,高潜力首购用户,0.9044528481575327,2,,0.12671702571547738,2429.0,1.0,,
529181004,高潜力首购用户,2.337734103729901,2,,0.23699000368000475,300.0,1.0,,
529181163,高价值高摩擦用户,-0.12560467570577863,0,5.36378670434134,,,,0.25708343852507304,7066.0
529183092,高潜力首购用户,2.2603360100099317,1,,0.2420932669082104,262.0,1.0,,
529196481,高潜力首购用户,0.9717009928165501,1,,0.1198610432627207,2678.0,1.0,,
529201322,高潜力首购用户,1.0845990447170548,1,,0.13197727801168996,2237.0,1.0,,
529205569,高潜力首购用户,1.3233049434647084,1,,0.1468942689610015,1714.0,1.0,,
529216251,高潜力首购用户,1.0250609587594386,1,,0.1200728318957422,2675.0,1.0,,
529272368,高潜力首购用户,1.0541074622364865,1,,0.12384434423670262,2535.0,1.0,,
529317163,高价值高摩擦用户,2.516218674975241,0,7.368537954171909,,,,0.4600061191660856,1381.0
529318594,高价值高摩擦用户,0.8008330441200308,0,5.241782287806158,,,,0.20383582108041015,11087.0
529323707,高潜力首购用户,0.6605371472803506,1,,0.10054960276971116,3608.0,0.0,,
529337958,高潜力首购用户,0.19244399540561197,1,,0.07750811206571118,4831.0,0.0,,
529340138,高潜力首购用户,1.279111821624338,1,,0.13721600291158226,2036.0,1.0,,
529343322,高潜力首购用户,0.5118282445835164,1,,0.10031155122404908,3619.0,0.0,,
529360979,高潜力首购用户,0.9249851665031009,1,,0.1140124494666184,2938.0,0.0,,
529374707,高潜力首购用户,0.5368057718242052,1,,0.09971807822568396,3646.0,0.0,,
529375887,高价值高摩擦用户,0.13738122688748133,0,6.294490793294363,,,,0.246922088589697,7711.0
529388866,高潜力首购用户,1.2350196360920938,1,,0.1386490450605528,1975.0,1.0,,
529395000,高潜力首购用户,1.4437205041395877,1,,0.14905074110578595,1645.0,1.0,,
529399548,高潜力首购用户,0.4510582732480925,1,,0.1020643230103637,3524.0,0.0,,
529412025,高潜力首购用户,0.5892614691184371,1,,0.09721205263218742,3777.0,0.0,,
529417251,高潜力首购用户,1.2210146948110678,1,,0.136552109487699,2056.0,1.0,,
529428092,高潜力首购用户,1.2435118771873253,2,,0.1605654820549,1353.0,1.0,,
529428887,高潜力首购用户,0.21890378515282063,1,,0.07983358147371296,4695.0,0.0,,
529433753,高潜力首购用户,1.2942899397923098,1,,0.13961328373252815,1941.0,1.0,,
529454866,高价值高摩擦用户,0.14017353983093614,0,5.297757209689474,,,,0.2768430152484072,5962.0
529455184,高潜力首购用户,1.3766280399753938,1,,0.1570045091589354,1439.0,1.0,,
529473640,高价值高摩擦用户,1.7876864348878556,0,7.218189245274333,,,,0.42050130496661625,1854.0
529475594,高潜力首购用户,1.0672060481233114,1,,0.13172947568839033,2241.0,1.0,,
529477138,高潜力首购用户,2.464775555818448,1,,0.2397175307767966,279.0,1.0,,
529486640,高潜力首购用户,1.3193903763343926,1,,0.14360972317411613,1814.0,1.0,,
529508184,高潜力首购用户,2.731013491356503,1,,0.27358913186985295,135.0,1.0,,
529565548,高潜力首购用户,0.45141755557033075,1,,0.09328790943562716,3988.0,0.0,,
529618527,高潜力首购用户,0.6481412765384386,1,,0.09579403871578199,3860.0,0.0,,
529651322,高潜力首购用户,0.2994557745551188,1,,0.0766424965779384,4883.0,0.0,,
529674410,高潜力首购用户,0.24112173732145295,1,,0.08265574767985581,4555.0,0.0,,
529677887,高潜力首购用户,0.1504798141140781,1,,0.08603348232628652,4375.0,0.0,,
529682615,高价值高摩擦用户,1.856565873976136,0,5.33228391611131,,,,0.3926386873246045,2305.0
529690297,高潜力首购用户,1.0133559450079501,2,,0.13018895246662737,2306.0,1.0,,
529694209,高潜力首购用户,0.5683338532980563,1,,0.09825386855691168,3719.0,0.0,,
529728184,高潜力首购用户,0.5747991118368395,1,,0.095683777100007,3869.0,0.0,,
529729205,高潜力首购用户,1.3439450179516754,1,,0.1362524534543831,2073.0,1.0,,
529740117,高潜力首购用户,0.596263638413614,1,,0.09711906648885256,3788.0,0.0,,
529743000,高潜力首购用户,1.2542260825214966,2,,0.1519602386612829,1565.0,1.0,,
529777523,高潜力首购用户,1.457892466791427,1,,0.13570265763913308,2095.0,1.0,,
529790481,高潜力首购用户,1.1291735627277024,1,,0.11830840010109155,2755.0,0.0,,
529790799,高价值高摩擦用户,1.573526186078958,0,6.548828822698846,,,,0.49076524149371453,1080.0
529816502,高价值高摩擦用户,0.3485385089369529,0,5.268064323377017,,,,0.27844306913239436,5888.0
529841276,高潜力首购用户,0.0324823725207057,1,,0.08187334051007637,4595.0,0.0,,
529847707,高潜力首购用户,1.5298245254481782,1,,0.16039734889569385,1356.0,1.0,,
529863594,高潜力首购用户,1.3436964760198302,2,,0.17543965625795901,1023.0,1.0,,
529869276,高潜力首购用户,0.7132156173718306,1,,0.10045329237314585,3613.0,0.0,,
529925000,高潜力首购用户,0.7130008095530473,1,,0.090965167746161,4096.0,0.0,,
529942481,高潜力首购用户,1.5343924340747392,2,,0.17077113215167763,1111.0,1.0,,
529953527,高潜力首购用户,1.1953701355455248,1,,0.12912834544930427,2345.0,1.0,,
530010163,高潜力首购用户,1.057271024852574,1,,0.12498680245011831,2497.0,1.0,,
530011368,高潜力首购用户,0.0765633804176964,1,,0.07470871984403335,4999.0,0.0,,
530012594,高潜力首购用户,1.9167057296066943,1,,0.1960379190713905,654.0,1.0,,
530017410,高潜力首购用户,1.376653532815318,1,,0.15347572678433416,1529.0,1.0,,
530017594,高潜力首购用户,1.2359163633434742,3,,0.16345461817418527,1293.0,1.0,,
530022820,高潜力首购用户,1.4424713768609534,1,,0.16413410051389624,1269.0,1.0,,
530025230,高价值高摩擦用户,2.0304042830144993,0,5.905273288274958,,,,0.34760531472402084,3367.0
530038368,高价值高摩擦用户,0.8948466099442144,0,7.5921643935987975,,,,0.5636921828483286,623.0
530039092,高潜力首购用户,0.897994394057552,1,,0.11889149149603016,2729.0,0.0,,
530044481,高潜力首购用户,0.4395520730629887,1,,0.08961925122735191,4182.0,0.0,,
530056025,高潜力首购用户,0.29965573989692934,1,,0.08409859023105816,4468.0,0.0,,
530056230,高价值高摩擦用户,0.171783188669169,0,5.43824451266761,,,,0.3055137663087224,4733.0
530099615,高潜力首购用户,1.128328187013677,2,,0.150500152183314,1601.0,1.0,,
530107686,高潜力首购用户,0.6528827355268024,1,,0.09243283881884383,4025.0,0.0,,
530112661,高潜力首购用户,0.8292320944430954,1,,0.10722448404429338,3240.0,0.0,,
530113209,高潜力首购用户,1.4198998130320184,1,,0.15732374615071035,1430.0,1.0,,
530117046,高潜力首购用户,0.2992783714062566,1,,0.08729285370095276,4308.0,0.0,,
530121343,高潜力首购用户,0.15608501368000496,1,,0.07287930065855329,5112.0,0.0,,
530124707,高潜力首购用户,0.8271201657563748,2,,0.12035803459705013,2663.0,1.0,,
530129046,高潜力首购用户,0.8618522919052767,1,,0.1110703176256683,3069.0,0.0,,
530144046,高价值高摩擦用户,2.2091745296432594,0,9.990642110941476,,,,0.7259568887589701,158.0
530155230,高潜力首购用户,0.9023082878123819,1,,0.11126407743737926,3060.0,0.0,,
530191523,高潜力首购用户,0.9760710110670878,1,,0.12538140675472892,2481.0,1.0,,
530216774,高价值高摩擦用户,0.820524233023178,0,7.268781741316559,,,,0.3782839547872277,2625.0
530227025,高潜力首购用户,0.16529225475848028,1,,0.07784090122667929,4813.0,0.0,,
530230958,高潜力首购用户,0.4577383711806688,1,,0.09793740441777675,3741.0,0.0,,
530235368,高价值高摩擦用户,2.4580681349852846,1,6.1380779644322425,,,,0.4214844442950746,1843.0
530258979,高潜力首购用户,1.335081327440068,3,,0.16927556053227008,1138.0,1.0,,
530263841,高潜力首购用户,1.2278902317780604,1,,0.13859888669549716,1976.0,1.0,,
530286799,高潜力首购用户,0.9478123513089466,1,,0.11572161718074278,2865.0,0.0,,
530292410,高潜力首购用户,1.1875406304717548,1,,0.13875871452568572,1970.0,1.0,,
530301799,高价值高摩擦用户,0.938726061448313,0,6.5274972852319495,,,,0.4784062691538553,1188.0
530302502,高潜力首购用户,1.088710347011209,1,,0.13049854417848716,2296.0,1.0,,
530329912,高潜力首购用户,1.28238061643394,1,,0.13272741960826095,2202.0,1.0,,
530338251,高潜力首购用户,0.9022930189232156,1,,0.11808712991173274,2759.0,0.0,,
530378527,高潜力首购用户,2.1524015799113467,1,,0.20405813148669882,564.0,1.0,,
530393000,高潜力首购用户,0.3543719466253657,1,,0.08740820082664413,4299.0,0.0,,
530407841,高潜力首购用户,1.1547830916489599,1,,0.1307267325971943,2286.0,1.0,,
530414527,高潜力首购用户,1.9414904563352533,1,,0.18623494916424305,820.0,1.0,,
530419569,高潜力首购用户,2.284746307708229,1,,0.22519050776748664,373.0,1.0,,
530426230,高潜力首购用户,0.11510252598584518,1,,0.07178339884837943,5169.0,0.0,,
530436866,高潜力首购用户,0.2151174489026669,1,,0.07949694733308975,4723.0,0.0,,
530437184,高潜力首购用户,1.3253069032648446,3,,0.18629657891311346,818.0,1.0,,
530450548,高潜力首购用户,1.5718757217313628,2,,0.18970891065233653,762.0,1.0,,
530455845,高潜力首购用户,0.4109222128472232,1,,0.07749386874768975,4834.0,0.0,,
530463322,高潜力首购用户,1.405532477762688,1,,0.14426291210150266,1789.0,1.0,,
530492728,高潜力首购用户,0.19156519362313906,1,,0.08015877946813359,4674.0,0.0,,
530515163,高价值高摩擦用户,-0.18146557592441828,0,5.52604041593588,,,,0.22256863845332092,9553.0
530518209,高价值高摩擦用户,-0.39807274817277793,0,5.385940735719423,,,,0.19318925389248578,11992.0
530562866,高潜力首购用户,0.878007092694967,1,,0.11123178776120385,3063.0,0.0,,
530591799,高潜力首购用户,1.4938833493227823,1,,0.13905385275997234,1960.0,1.0,,
530594527,高潜力首购用户,0.8330266469188139,1,,0.1158775961960249,2853.0,0.0,,
530601230,高潜力首购用户,1.5493011114942667,1,,0.1560273305702328,1462.0,1.0,,
530603004,高价值高摩擦用户,1.908566015886386,1,5.514844793787383,,,,0.17607560891896992,13481.0
530614364,高潜力首购用户,1.6660979507320144,2,,0.1902769626965745,751.0,1.0,,
530626410,高潜力首购用户,1.6712261846859102,1,,0.17677925314268303,1002.0,1.0,,
530634661,高潜力首购用户,0.5211427188059897,1,,0.10063283495584512,3598.0,0.0,,
530647000,高潜力首购用户,0.2647390356055378,1,,0.07582281454667288,4931.0,0.0,,
530650728,高潜力首购用户,1.336953273145756,2,,0.16165947525408852,1329.0,1.0,,
530656594,高潜力首购用户,0.24745690223836522,1,,0.0766967900922927,4881.0,0.0,,
530676569,高价值高摩擦用户,-0.15558662975665338,0,7.62022457925612,,,,0.3379140672085782,3634.0
530677958,高潜力首购用户,0.6398890529645573,1,,0.09830769467407545,3716.0,0.0,,
530735887,高潜力首购用户,2.8151290497755856,1,,0.30210502113499504,73.0,1.0,,
530764481,高潜力首购用户,-0.06075082417102878,1,,0.06791292276341601,5336.0,0.0,,
530767117,高潜力首购用户,1.173269090313921,1,,0.14258052914508065,1839.0,1.0,,
530767933,高潜力首购用户,2.205107415486623,1,,0.21891134801194628,426.0,1.0,,
530793435,高潜力首购用户,2.0871156126646873,1,,0.1734594087342757,1062.0,1.0,,
530826979,高潜力首购用户,0.13352434283017875,1,,0.07512027825520988,4970.0,0.0,,
530835209,高价值高摩擦用户,1.266204436432895,0,5.388386563636905,,,,0.31307244201504153,4433.0
530837184,高潜力首购用户,1.1309916307907761,1,,0.13640806855266568,2062.0,1.0,,
530864322,高潜力首购用户,1.4540867883131383,1,,0.14978274371069894,1626.0,1.0,,
530868297,高价值高摩擦用户,0.13862433370925167,0,6.783993154143759,,,,0.20916088410506956,10640.0
530882841,高潜力首购用户,0.9381211787265203,1,,0.11582390610553014,2859.0,0.0,,
530898456,高潜力首购用户,1.6938104273385794,1,,0.16374319413096483,1287.0,1.0,,
530909799,高潜力首购用户,0.3359056193331546,1,,0.0858129768579519,4384.0,0.0,,
530915456,高潜力首购用户,1.0284687251582496,1,,0.11690261430638017,2806.0,0.0,,
530921774,高潜力首购用户,-0.013976665675800507,2,,0.08283828698138189,4539.0,0.0,,
530942502,高潜力首购用户,0.7282835258066845,2,,0.11126537806242764,3058.0,0.0,,
530943184,高潜力首购用户,0.7169204411553033,1,,0.10960890248029866,3133.0,0.0,,
530943866,高潜力首购用户,1.976051475568885,1,,0.2141068721424806,462.0,1.0,,
530958343,高潜力首购用户,0.3768491163943924,1,,0.08355353741401621,4500.0,0.0,,
530969368,高潜力首购用户,1.1183657706292616,1,,0.1312557159930446,2260.0,1.0,,
530971092,高潜力首购用户,2.3773084804307607,1,,0.2499030888360695,216.0,1.0,,
530980615,高潜力首购用户,0.3317100522981084,1,,0.08425185682348398,4459.0,0.0,,
530985456,高价值高摩擦用户,0.053496833228653916,0,6.105864087416479,,,,0.16706399595092208,14279.0
530986933,高潜力首购用户,1.1618735773465223,1,,0.1388448245519237,1967.0,1.0,,
530996887,高价值高摩擦用户,1.1527792356641389,0,5.2335548203187185,,,,0.36668810444528815,2881.0
531011184,高潜力首购用户,0.05104508236405362,1,,0.06911218771057773,5287.0,0.0,,
531036163,高潜力首购用户,0.27355027604189563,1,,0.07896767959234675,4755.0,0.0,,
531036640,高潜力首购用户,0.030131055013643035,1,,0.0709085246561512,5221.0,0.0,,
531039209,高潜力首购用户,1.4101651208788282,1,,0.14982017027123937,1625.0,1.0,,
531044092,高潜力首购用户,0.7889693582319754,1,,0.10628152829530362,3285.0,0.0,,
531072661,高潜力首购用户,2.2455887685642417,1,,0.23831738232916333,288.0,1.0,,
531130887,高潜力首购用户,2.301587956843528,1,,0.2286315390948505,352.0,1.0,,
531135569,高潜力首购用户,1.0675555236726877,1,,0.12226708288767771,2586.0,1.0,,
531162322,高潜力首购用户,1.4419115096469495,1,,0.15324374221766868,1540.0,1.0,,
531195184,高潜力首购用户,2.741234728168338,1,,0.2739361126313136,134.0,1.0,,
531207820,高潜力首购用户,0.23876489501657858,1,,0.08162079397587849,4604.0,0.0,,
531210799,高价值高摩擦用户,0.8746326703166843,0,5.443122471395935,,,,0.3453723878530232,3426.0
531217117,高价值高摩擦用户,1.4555330782000435,0,7.411254127361667,,,,0.45809327355744184,1399.0
531226456,高潜力首购用户,0.6445122464382812,1,,0.09697455724499508,3798.0,0.0,,
531229456,高潜力首购用户,2.49374604874861,1,,0.25442155090569835,198.0,1.0,,
531252410,高价值高摩擦用户,0.8261945014606948,0,6.050388376992219,,,,0.394782553022438,2271.0
531256481,高潜力首购用户,0.6077513725468077,1,,0.09919763012002972,3668.0,0.0,,
531278322,高潜力首购用户,1.5276222492327276,1,,0.1573603535590229,1428.0,1.0,,
531279435,高价值高摩擦用户,2.5313306612491946,0,7.168507989183076,,,,0.5139540575121895,904.0
531306092,高价值高摩擦用户,1.3213342587625048,0,7.734865009205049,,,,0.5764914127045008,575.0
531307640,高潜力首购用户,0.6783066741641325,1,,0.09607294148654343,3843.0,0.0,,
531313866,高价值高摩擦用户,0.17771993246431586,0,5.509631222108668,,,,0.3195982058201318,4212.0
531328184,高潜力首购用户,1.554211223295144,1,,0.1508434028186656,1592.0,1.0,,
531349046,高潜力首购用户,1.384590736248137,3,,0.18867529718835901,781.0,1.0,,
531365820,高潜力首购用户,2.0807958195392775,1,,0.2134443862716598,470.0,1.0,,
531369297,高价值高摩擦用户,2.21630919917533,0,5.68709157234677,,,,0.3324277360912088,3780.0
531371569,高潜力首购用户,0.5925390573707942,1,,0.1028325036342298,3479.0,0.0,,
531398138,高潜力首购用户,1.9261298428348956,1,,0.19228846488501078,718.0,1.0,,
531417979,高价值高摩擦用户,1.0319431670649475,1,5.240595558737388,,,,0.34509517737470763,3434.0
531456933,高潜力首购用户,0.5621466734437132,1,,0.0925890976296396,4022.0,0.0,,
531467004,高潜力首购用户,0.32801657333644235,1,,0.08489227986837662,4429.0,0.0,,
531490682,高潜力首购用户,2.001796973627694,2,,0.22517645605489459,374.0,1.0,,
531493707,高价值高摩擦用户,1.8641016747822274,0,5.211111565064785,,,,0.3484385000219358,3347.0
531509686,高潜力首购用户,1.0546209690095905,1,,0.1339476598038568,2157.0,1.0,,
531513364,高潜力首购用户,0.5745294335092256,1,,0.09810689702437093,3728.0,0.0,,
531522071,高潜力首购用户,2.0622315416989663,2,,0.22558787720525086,369.0,1.0,,
531543866,高潜力首购用户,1.2927959167834004,1,,0.13632374863398472,2068.0,1.0,,
531544071,高潜力首购用户,1.2893403981354927,1,,0.14122075366655573,1889.0,1.0,,
531586184,高潜力首购用户,2.7580189901156835,1,,0.29711357498967467,78.0,1.0,,
531594184,高潜力首购用户,1.3779867508528911,1,,0.1576059721484758,1421.0,1.0,,
531596322,高潜力首购用户,1.1166746993095913,1,,0.13056059227168262,2292.0,1.0,,
531605502,高潜力首购用户,0.17625647092222307,2,,0.0847269705683538,4433.0,0.0,,
531610979,高价值高摩擦用户,0.40200876323951135,0,5.602399224367396,,,,0.258930198522111,6962.0
531627456,高价值高摩擦用户,1.864161056181846,0,6.631316430609703,,,,0.36516707092768275,2914.0
531627774,高价值高摩擦用户,0.7511063449513381,0,5.496758305221874,,,,0.3046509953539779,4762.0
531631820,高潜力首购用户,2.5253001325628435,1,,0.2506896477137709,214.0,1.0,,
531646523,高潜力首购用户,0.45064605871667024,1,,0.08838242605574752,4239.0,0.0,,
531649163,高潜力首购用户,1.7274061242896923,2,,0.20715871350096143,532.0,1.0,,
531649548,高潜力首购用户,2.4838997958430498,1,,0.25504715781542714,196.0,1.0,,
531669569,高潜力首购用户,1.491651135624207,1,,0.14884273076706755,1655.0,1.0,,
531689523,高潜力首购用户,1.6827190247865527,1,,0.17247289419813472,1076.0,1.0,,
531751410,高潜力首购用户,1.3700765528006702,1,,0.14230610678350636,1859.0,1.0,,
531773799,高潜力首购用户,1.13619503911296,1,,0.13148399948263284,2249.0,1.0,,
531855297,高潜力首购用户,2.9623878242944808,1,,0.31162627723643854,59.0,1.0,,
531877230,高价值高摩擦用户,3.235891002220384,0,6.054051947296417,,,,0.5683210728175148,607.0
531885979,高潜力首购用户,1.0693992385152504,1,,0.12791630863475353,2388.0,1.0,,
531888979,高潜力首购用户,1.6808464041786737,1,,0.16558926729631251,1226.0,1.0,,
531940092,高潜力首购用户,1.9599586042569879,1,,0.2019847421603276,585.0,1.0,,
531944728,高潜力首购用户,0.13325302884130508,1,,0.07103056052575618,5208.0,0.0,,
531954481,高潜力首购用户,1.3558494864420856,1,,0.15379076218619928,1517.0,1.0,,
531971682,高潜力首购用户,0.17378408009080196,1,,0.07966542217767691,4712.0,0.0,,
531978322,高潜力首购用户,0.5652508398006314,1,,0.10285770892847407,3476.0,0.0,,
532009297,高潜力首购用户,2.0860125704911554,1,,0.2090144848581803,511.0,1.0,,
532081435,高潜力首购用户,0.19915583366274248,1,,0.07436400965417304,5022.0,0.0,,
532111686,高潜力首购用户,0.24057118865751126,1,,0.08178513044952479,4598.0,0.0,,
532118481,高价值高摩擦用户,1.367337241820211,0,7.285040367224666,,,,0.5213233615635737,849.0
532142799,高潜力首购用户,0.7358596411544878,1,,0.09852610190742686,3703.0,0.0,,
532165682,高价值高摩擦用户,0.8606521565061946,0,5.824282355065861,,,,0.3496931404276646,3313.0
532201728,高潜力首购用户,0.4508247629079301,2,,0.10232116636775022,3506.0,0.0,,
532211456,高潜力首购用户,0.9766857807550816,1,,0.1114175162439504,3052.0,0.0,,
532233686,高潜力首购用户,0.8067127888478806,1,,0.10931591171188175,3147.0,0.0,,
532239933,高价值高摩擦用户,2.7539620819117068,0,9.95395733100443,,,,0.7112751197398939,184.0
532240004,高潜力首购用户,0.6858758722029429,1,,0.09919259289435493,3669.0,0.0,,
532250251,高潜力首购用户,0.8341781639065703,1,,0.10779998254794441,3216.0,0.0,,
532262958,高潜力首购用户,2.0792124390050932,6,,0.2526914550351733,209.0,1.0,,
532273368,高潜力首购用户,1.026496600279043,1,,0.10667257608954649,3269.0,0.0,,
532283958,高潜力首购用户,1.5968568580143032,2,,0.1840645724856412,862.0,1.0,,
532288661,高潜力首购用户,2.3362344864007354,5,,0.3108025642436182,61.0,1.0,,
532302866,高潜力首购用户,0.9530226500330327,1,,0.11298270028323257,2983.0,0.0,,
532303456,高潜力首购用户,1.1529586027387364,1,,0.1304755255181716,2297.0,1.0,,
532311364,高潜力首购用户,1.7016391332020764,1,,0.17419990776226493,1049.0,1.0,,
532317933,高潜力首购用户,1.49070908727522,1,,0.14972411172439887,1630.0,1.0,,
532328594,高潜力首购用户,1.017570675946524,1,,0.12718713067193455,2416.0,1.0,,
532335841,高潜力首购用户,0.9348370451995213,1,,0.11322333048993716,2969.0,0.0,,
532338799,高潜力首购用户,1.0485356693871064,1,,0.11728890015918454,2792.0,0.0,,
532342774,高潜力首购用户,0.4378348237261354,1,,0.08713872096807297,4320.0,0.0,,
532345025,高潜力首购用户,2.4555967826162806,1,,0.2345373956979551,317.0,1.0,,
532346799,高潜力首购用户,1.2894206492803741,1,,0.1371791318359904,2037.0,1.0,,
532374707,高潜力首购用户,0.3488218622855375,1,,0.09083683944059459,4111.0,0.0,,
532377958,高潜力首购用户,0.17150019933644314,1,,0.07904818880501478,4749.0,0.0,,
532386866,高潜力首购用户,1.64887002234999,1,,0.17016753515622068,1124.0,1.0,,
532396707,高潜力首购用户,0.8460734447193105,1,,0.1211578640118129,2632.0,1.0,,
532406682,高潜力首购用户,1.868464691999436,1,,0.1951344299503522,673.0,1.0,,
532453092,高潜力首购用户,1.1029150102303895,2,,0.12649834632335605,2437.0,1.0,,
532460686,高潜力首购用户,0.8823224214561552,2,,0.12762705086313647,2406.0,1.0,,
532470184,高潜力首购用户,0.041274026431761146,1,,0.0718497883696577,5164.0,0.0,,
532556682,高潜力首购用户,0.027603843543445583,1,,0.07304291357085456,5102.0,0.0,,
532566958,高价值高摩擦用户,0.5978872245546548,1,5.381294226920771,,,,0.22064972990829823,9712.0
532570527,高潜力首购用户,0.6708236496867879,1,,0.09820309430279472,3721.0,0.0,,
532571594,高潜力首购用户,1.4003314009630232,2,,0.16917186920004945,1141.0,1.0,,
532572841,高潜力首购用户,2.0670521017893804,1,,0.20719401240351093,531.0,1.0,,
532590912,高潜力首购用户,0.1955048417840969,1,,0.08119341055167124,4625.0,0.0,,
532610322,高价值高摩擦用户,1.5630525012945444,0,5.946669828007007,,,,0.5053322032647695,964.0
532647004,高价值高摩擦用户,1.3602440639138704,0,6.546670626554706,,,,0.49451923032174633,1050.0
532648820,高潜力首购用户,0.6355746340020141,1,,0.10225349926183352,3512.0,0.0,,
532657209,高潜力首购用户,1.3057247769585452,3,,0.18476542380653949,850.0,1.0,,
532666276,高价值高摩擦用户,1.7018542168773116,0,5.733910694037057,,,,0.27144541651069787,6222.0
532670163,高潜力首购用户,0.9333332720113905,2,,0.1262770554787116,2450.0,1.0,,
532709958,高潜力首购用户,2.0859054225812117,1,,0.21050014844925524,499.0,1.0,,
532732184,高潜力首购用户,0.616769232402838,1,,0.100437110426823,3614.0,0.0,,
532767163,高潜力首购用户,0.9571070386968149,1,,0.1159631906053838,2849.0,0.0,,
532770686,高潜力首购用户,0.31700737567459447,1,,0.0803853378488453,4665.0,0.0,,
532786887,高价值高摩擦用户,1.2033127401443047,0,6.113082953361177,,,,0.3024363322420868,4846.0
532792707,高价值高摩擦用户,0.8467234578912776,1,6.557346376622052,,,,0.3806302337059148,2582.0
532800594,高潜力首购用户,0.7831178478338569,1,,0.10505566668043578,3351.0,0.0,,
532838799,高价值高摩擦用户,2.0153249616826154,0,5.832629998406482,,,,0.2813988884345451,5751.0
532860707,高潜力首购用户,0.407005170959321,1,,0.08878038083360251,4220.0,0.0,,
532896184,高潜力首购用户,1.295070439392186,1,,0.14757643008984864,1693.0,1.0,,
532911456,高潜力首购用户,0.1286310704638213,1,,0.07924242103932379,4737.0,0.0,,
532932845,高潜力首购用户,0.18632878539867673,1,,0.08449994012943521,4442.0,0.0,,
532937527,高潜力首购用户,1.1696725474722294,2,,0.15702283033278372,1436.0,1.0,,
532944138,高潜力首购用户,0.5500084069994345,1,,0.09054778781878352,4130.0,0.0,,
532952523,高潜力首购用户,0.6376376385424489,1,,0.10649439102571351,3273.0,0.0,,
532954276,高潜力首购用户,0.41193383683920853,1,,0.09735820318475544,3766.0,0.0,,
532959435,高潜力首购用户,0.46417878827869496,1,,0.09460509020324757,3926.0,0.0,,
532969569,高潜力首购用户,0.24434694656563713,3,,0.10096787187096458,3583.0,0.0,,
532979594,高价值高摩擦用户,1.251093222043963,0,6.253667260065191,,,,0.28987600864875973,5388.0
533010230,高潜力首购用户,0.595004979680535,1,,0.09349226328941898,3981.0,0.0,,
533016523,高潜力首购用户,1.3938364511522134,1,,0.14311755686022534,1825.0,1.0,,
533028682,高价值高摩擦用户,2.9117688719268355,0,10.205837482410976,,,,0.7601800069364754,110.0
533031640,高潜力首购用户,0.7444322920890306,1,,0.11599430928637172,2846.0,0.0,,
533039368,高潜力首购用户,0.5743672550842882,1,,0.09808949747030447,3731.0,0.0,,
533042092,高潜力首购用户,1.0125425541260735,1,,0.12228524528124449,2585.0,1.0,,
533069092,高潜力首购用户,0.8461366617195324,1,,0.11007215428177143,3113.0,0.0,,
533070138,高潜力首购用户,0.9640667333845436,1,,0.11888786538265636,2731.0,0.0,,
533073845,高潜力首购用户,2.210105199076476,1,,0.20052929802904343,601.0,1.0,,
533088435,高潜力首购用户,0.499271529022902,1,,0.09285702176773175,4014.0,0.0,,
533117661,高潜力首购用户,1.452925621678596,2,,0.16404495387057144,1274.0,1.0,,
533151753,高潜力首购用户,0.4159064729451871,1,,0.08725240008022662,4310.0,0.0,,
533173774,高潜力首购用户,1.002377568404259,1,,0.10706545821686457,3251.0,0.0,,
533176682,高潜力首购用户,1.0320576907960934,1,,0.1162745474317601,2832.0,0.0,,
533290184,高潜力首购用户,0.8505989718702235,1,,0.1063541540326192,3277.0,0.0,,
533292389,高潜力首购用户,0.01940620457997089,1,,0.07433022571469604,5027.0,0.0,,
533325866,高潜力首购用户,0.34747119965971024,1,,0.08091704580848229,4637.0,0.0,,
533338251,高潜力首购用户,0.01519513854380652,1,,0.07397963983175809,5051.0,0.0,,
533338682,高价值高摩擦用户,1.5688496140548416,0,7.773510324148397,,,,0.5439733443731263,714.0
533374594,高潜力首购用户,1.8065508152592058,2,,0.1889780435357041,775.0,1.0,,
533407933,高潜力首购用户,1.173132200173815,1,,0.11930208152738424,2707.0,0.0,,
533423615,高价值高摩擦用户,0.6934639433780622,0,6.940172129033623,,,,0.39209992177027403,2318.0
533423774,高潜力首购用户,0.9815068160817497,1,,0.12488841849573189,2502.0,1.0,,
533446025,高潜力首购用户,0.8840695189376852,1,,0.11196062354348149,3024.0,0.0,,
533453502,高潜力首购用户,1.9630575640458225,3,,0.22813958890664324,355.0,1.0,,
533453866,高潜力首购用户,0.8038735610571962,1,,0.11281981506118191,2991.0,0.0,,
533463025,高潜力首购用户,1.9241176840882073,1,,0.18159968403470214,904.0,1.0,,
533477594,高价值高摩擦用户,0.543336445215418,0,9.267077447065425,,,,0.47869103772519345,1183.0
533481230,高价值高摩擦用户,0.9436578793603264,0,6.351932289285411,,,,0.45001422504980065,1494.0
533486841,高潜力首购用户,0.30273053220438156,1,,0.08438623168305251,4454.0,0.0,,
533487774,高价值高摩擦用户,1.1213426547508731,0,5.401856223993594,,,,0.28077298943896095,5790.0
533499686,高价值高摩擦用户,1.896745666783109,0,5.561173817564161,,,,0.4327523842673672,1700.0
533553389,高潜力首购用户,1.666150117556158,1,,0.1692954461337814,1137.0,1.0,,
533599368,高潜力首购用户,0.3868074859427793,1,,0.08040175167630899,4664.0,0.0,,
533647389,高潜力首购用户,0.7377946214874617,1,,0.10684410415095494,3263.0,0.0,,
533677205,高潜力首购用户,1.7129201656237967,1,,0.16406681633316622,1273.0,1.0,,
533683410,高潜力首购用户,0.9185141755740499,1,,0.1127990105525582,2992.0,0.0,,
533731163,高潜力首购用户,0.7182851711699394,1,,0.1028416167242394,3478.0,0.0,,
533733046,高潜力首购用户,0.682089391168844,1,,0.10056706980882427,3606.0,0.0,,
533770841,高潜力首购用户,0.7092282284515337,1,,0.1087018739459589,3174.0,0.0,,
533780661,高潜力首购用户,0.3263646609376791,1,,0.07521668132538549,4965.0,0.0,,
533804615,高潜力首购用户,1.9707028346129096,1,,0.18450874905667247,855.0,1.0,,
533805682,高潜力首购用户,0.5654194157875251,1,,0.0971337682466305,3786.0,0.0,,
533821799,高潜力首购用户,0.7273755905467629,1,,0.10696963846484439,3257.0,0.0,,
533858251,高潜力首购用户,0.12943847819846824,1,,0.07931388706229692,4733.0,0.0,,
533868364,高潜力首购用户,0.16757822080449658,1,,0.07877582502885558,4764.0,0.0,,
533889548,高潜力首购用户,1.7787515658220368,1,,0.180559198139247,925.0,1.0,,
533896548,高潜力首购用户,1.961724749353964,2,,0.21497807159009102,456.0,1.0,,
533898276,高潜力首购用户,0.06900767589079217,1,,0.07966745312550674,4711.0,0.0,,
533912435,高潜力首购用户,0.28407980273384625,1,,0.08455816631979211,4437.0,0.0,,
533921092,高潜力首购用户,1.984277297587397,1,,0.194217048273643,693.0,1.0,,
533928297,高潜力首购用户,1.5372155993762149,1,,0.16291173367517903,1308.0,1.0,,
533937025,高潜力首购用户,1.5207282079211923,1,,0.1583610558253906,1403.0,1.0,,
533956979,高潜力首购用户,-0.03933969341329646,1,,0.06773353830098182,5340.0,0.0,,
533974753,高价值高摩擦用户,1.6474750179561415,0,6.858535022336195,,,,0.3560833013441559,3135.0
534057117,高潜力首购用户,0.31449748918133175,1,,0.08470257894275213,4434.0,0.0,,
534071502,高价值高摩擦用户,0.3844326639964555,0,6.4457674372994465,,,,0.34932221017113435,3324.0
534071887,高潜力首购用户,0.41812231182159737,1,,0.0836889455151905,4496.0,0.0,,
534156322,高潜力首购用户,0.2711968955656527,1,,0.0854634443056544,4403.0,0.0,,
534176364,高潜力首购用户,0.6815205369462363,1,,0.10050469192118859,3609.0,0.0,,
534198682,高潜力首购用户,1.5330599091040409,1,,0.171087649754157,1101.0,1.0,,
534220092,高潜力首购用户,0.3427867171517513,1,,0.08319103658695118,4521.0,0.0,,
534223230,高潜力首购用户,-0.015433543530407707,1,,0.07147515320403094,5187.0,0.0,,
534226686,高潜力首购用户,2.204363017192936,1,,0.20189888229506936,587.0,1.0,,
534250368,高潜力首购用户,0.7361521502457617,1,,0.09963682758687613,3651.0,0.0,,
534313276,高潜力首购用户,1.7413282631687697,1,,0.17769375780318986,975.0,1.0,,
534407979,高潜力首购用户,0.8953284022179752,1,,0.11855324865020285,2742.0,0.0,,
534424753,高潜力首购用户,1.1107808849425067,1,,0.12553612262328753,2475.0,1.0,,
534429389,高潜力首购用户,1.5007537741862709,1,,0.15402972800760661,1511.0,1.0,,
534435682,高潜力首购用户,1.7929763058418349,1,,0.1958909610859714,656.0,1.0,,
534444866,高潜力首购用户,1.7993753985658143,1,,0.17097516358067372,1104.0,1.0,,
534447456,高潜力首购用户,0.32284703691464633,1,,0.08144079178251504,4611.0,0.0,,
534478410,高潜力首购用户,0.4359786471681968,1,,0.09582369586162864,3856.0,0.0,,
534491615,高潜力首购用户,0.0639808098660072,1,,0.06946717297356635,5276.0,0.0,,
534527343,高价值高摩擦用户,1.8373541666307762,0,6.285277785490003,,,,0.30523198211898694,4740.0
534537887,高潜力首购用户,0.6844216915740011,1,,0.11586040858861608,2854.0,0.0,,
534540548,高潜力首购用户,0.3875784312145627,1,,0.08241146558467474,4567.0,0.0,,
534545163,高潜力首购用户,0.3284688492976569,1,,0.08682923168254207,4337.0,0.0,,
534570389,高潜力首购用户,1.0451953807057615,1,,0.11190997014449575,3029.0,0.0,,
534581753,高潜力首购用户,1.9089455778731776,1,,0.18200963642579718,894.0,1.0,,
534607092,高潜力首购用户,-0.05970306873961129,1,,0.06799339239520893,5333.0,0.0,,
534614368,高潜力首购用户,0.1191067531894285,2,,0.08432776919631209,4455.0,0.0,,
534619343,高潜力首购用户,0.7756176086919253,2,,0.11582538665043067,2858.0,0.0,,
534630364,高潜力首购用户,0.013659000689214981,1,,0.06960383044867934,5268.0,0.0,,
534631548,高潜力首购用户,1.2439165384001944,1,,0.13582031945368722,2087.0,1.0,,
534634184,高价值高摩擦用户,0.7052473164986829,1,7.766713464209047,,,,0.3439599206902133,3465.0
534652912,高潜力首购用户,1.3918079578549405,1,,0.13748568152847546,2027.0,1.0,,
534688046,高潜力首购用户,0.5894686179172463,1,,0.09748537960513078,3758.0,0.0,,
534719163,高潜力首购用户,1.1255784227696133,1,,0.13389554279271976,2160.0,1.0,,
534726276,高潜力首购用户,0.03751531950197665,1,,0.07763800491845343,4825.0,0.0,,
534749071,高潜力首购用户,0.8305150443597703,1,,0.1056690543719185,3314.0,0.0,,
534794682,高潜力首购用户,1.2093515933341015,1,,0.13524973153791287,2110.0,1.0,,
534816753,高潜力首购用户,1.5081064074428578,1,,0.16398202950223548,1276.0,1.0,,
534817502,高潜力首购用户,1.6623273429629852,1,,0.14896978706780012,1650.0,1.0,,
534844004,高价值高摩擦用户,1.1414908836524151,0,6.487763427680235,,,,0.3194130087868852,4216.0
534846933,高潜力首购用户,0.6109607931319676,1,,0.10692645925183039,3259.0,0.0,,
534853297,高潜力首购用户,1.1907955416720597,2,,0.1440843005723929,1796.0,1.0,,
534860845,高潜力首购用户,-0.049844887731787225,1,,0.06407273637722427,5399.0,0.0,,
534868184,高价值高摩擦用户,0.9017507561533874,0,6.605848062781423,,,,0.3302554282794848,3852.0
534873686,高潜力首购用户,2.020404923780389,3,,0.21508446767520162,454.0,1.0,,
534878322,高潜力首购用户,0.15738494574630235,1,,0.07715539810646509,4855.0,0.0,,
534948728,高潜力首购用户,0.616459070907699,1,,0.08975430165008248,4176.0,0.0,,
534964000,高潜力首购用户,2.290408175875285,2,,0.2641937100969822,167.0,1.0,,
535067230,高潜力首购用户,1.6263041127277427,1,,0.17514306647474892,1032.0,1.0,,
535074410,高潜力首购用户,1.0815109343006999,1,,0.12437123176103979,2520.0,1.0,,
535085753,高潜力首购用户,0.5340976447252265,1,,0.0804609739038535,4660.0,0.0,,
535097297,高潜力首购用户,0.10766014012416263,1,,0.07989443021119352,4688.0,0.0,,
535103435,高价值高摩擦用户,1.0984224336134751,0,7.179365132504344,,,,0.5176090836209161,876.0
535124979,高潜力首购用户,1.9722262160915591,1,,0.1994248344998525,616.0,1.0,,
535131799,高潜力首购用户,0.9419719636136518,2,,0.12657916866221708,2435.0,1.0,,
535133481,高潜力首购用户,2.1712103507126908,1,,0.20495652316958493,556.0,1.0,,
535136527,高价值高摩擦用户,0.8115862611212158,1,6.823725238512921,,,,0.35368542603755665,3201.0
535176523,高潜力首购用户,0.29840513077269565,1,,0.08118778335215315,4626.0,0.0,,
535184707,高潜力首购用户,1.2497614335451057,1,,0.12972146854424393,2319.0,1.0,,
535205276,高潜力首购用户,-0.06317420578108494,1,,0.06593113168825564,5382.0,0.0,,
535209410,高潜力首购用户,1.0390831315611113,1,,0.12188098715051082,2608.0,1.0,,
535213887,高潜力首购用户,1.8225203761036148,1,,0.17968347418884734,941.0,1.0,,
535244799,高潜力首购用户,0.9776235696451024,1,,0.12190610943706513,2606.0,1.0,,
535249753,高潜力首购用户,1.7030198851187823,1,,0.17022691443313043,1122.0,1.0,,
535256117,高潜力首购用户,0.24703735635412205,1,,0.0956976714267683,3868.0,0.0,,
535277523,高潜力首购用户,1.4471406884976314,1,,0.14175469893873763,1877.0,1.0,,
535283912,高价值高摩擦用户,1.540544017855476,0,6.755497251402566,,,,0.3695475005384054,2829.0
535341184,高潜力首购用户,3.0959838717789516,1,,0.3362613058877734,43.0,1.0,,
535390276,高潜力首购用户,0.5245032050400699,1,,0.10161509994202465,3547.0,0.0,,
535392523,高潜力首购用户,1.367278438199052,2,,0.158359701062049,1404.0,1.0,,
535455389,高潜力首购用户,0.4585239179684572,1,,0.09462687905085493,3925.0,0.0,,
535471368,高潜力首购用户,1.5914397241605738,2,,0.18721781077735358,806.0,1.0,,
535474615,高潜力首购用户,1.2840647189999956,1,,0.12782763771459774,2394.0,1.0,,
535487092,高潜力首购用户,1.0853588788743453,1,,0.1104161680580351,3095.0,0.0,,
535490230,高潜力首购用户,0.10139789844450696,1,,0.07307695251789796,5100.0,0.0,,
535514548,高价值高摩擦用户,0.38927783668513477,0,5.76224004422777,,,,0.4094875908448727,2013.0
535529615,高潜力首购用户,0.47813380756703155,1,,0.090720333700704,4119.0,0.0,,
535536163,高潜力首购用户,0.6296201898719674,1,,0.08978690933961758,4175.0,0.0,,
535543615,高潜力首购用户,1.2743394814924836,1,,0.14114451240387493,1893.0,1.0,,
535567456,高潜力首购用户,1.293229294485925,1,,0.14394415130693408,1799.0,1.0,,
535573640,高潜力首购用户,0.2484500831329709,1,,0.07943767662985461,4727.0,0.0,,
535584866,高价值高摩擦用户,-0.048089349220664025,0,5.389282894734231,,,,0.20710669619660402,10803.0
535600435,高潜力首购用户,2.399949147670383,1,,0.24232611978834928,261.0,1.0,,
535619640,高价值高摩擦用户,0.848808326164582,1,6.790133230366645,,,,0.33456996845544745,3712.0
535621841,高潜力首购用户,1.4045504960525887,1,,0.14953594261677178,1632.0,1.0,,
535627046,高潜力首购用户,1.1675447158458645,1,,0.14194552654443168,1869.0,1.0,,
535698615,高潜力首购用户,1.9304092820895,1,,0.1965817960529687,648.0,1.0,,
535700117,高价值高摩擦用户,0.5218252491996653,0,5.905079110540402,,,,0.21907925903835115,9822.0
535708615,高潜力首购用户,0.043083477267613544,1,,0.07633003351158883,4901.0,0.0,,
535711958,高潜力首购用户,0.11396671775672684,2,,0.0838477303434229,4487.0,0.0,,
535741933,高潜力首购用户,0.799471827593441,1,,0.10381853078389665,3419.0,0.0,,
535744205,高价值高摩擦用户,0.7855911234319377,0,5.979822035323908,,,,0.19965941596773534,11456.0
535747456,高潜力首购用户,2.19227457719005,1,,0.22330808117013617,391.0,1.0,,
535763297,高潜力首购用户,1.224942133730149,1,,0.13085440653874483,2277.0,1.0,,
535765343,高价值高摩擦用户,1.0574732080415084,0,6.153987226598726,,,,0.3711349772749909,2793.0
535771523,高潜力首购用户,2.2237490451421653,2,,0.24710567414900808,226.0,1.0,,
535780686,高潜力首购用户,0.8619989747878818,1,,0.10932718787473752,3145.0,0.0,,
535782000,高潜力首购用户,0.30197644992637895,1,,0.07318523286225184,5092.0,0.0,,
535782184,高潜力首购用户,1.2870638908491578,1,,0.1467769942407858,1717.0,1.0,,
535788004,高潜力首购用户,0.5778421852937781,1,,0.10119990660731305,3575.0,0.0,,
535808205,高潜力首购用户,1.0637792216624533,1,,0.12522342575011758,2487.0,1.0,,
535811958,高潜力首购用户,0.7947374228141458,1,,0.10694773539375053,3258.0,0.0,,
535819661,高价值高摩擦用户,-0.389057306151064,0,5.322745955765066,,,,0.17435539440964323,13667.0
535821389,高价值高摩擦用户,0.5679833102767659,1,5.490029875182962,,,,0.24403483816799934,7914.0
535826364,高价值高摩擦用户,2.0829692182260016,1,6.105807755206644,,,,0.2901848632096619,5373.0
535851640,高潜力首购用户,2.166220265690697,1,,0.21940977223956845,420.0,1.0,,
535861682,高潜力首购用户,-0.021210855856469233,1,,0.07101160424225421,5211.0,0.0,,
535874410,高潜力首购用户,1.24917617702942,1,,0.1234989506488196,2549.0,1.0,,
535881728,高潜力首购用户,1.176911091001536,1,,0.13648974811062822,2059.0,1.0,,
535883368,高潜力首购用户,1.1332472876972133,1,,0.1316058825411241,2245.0,1.0,,
535950000,高潜力首购用户,1.6561663170146088,4,,0.22187619977295284,402.0,1.0,,
535987866,高潜力首购用户,0.5137048784437439,1,,0.09177139979665806,4050.0,0.0,,
536018184,高价值高摩擦用户,0.8670684592971227,0,6.1470570441599115,,,,0.4072995745124877,2049.0
536022887,高潜力首购用户,1.3927036868157325,4,,0.18250395456572138,887.0,1.0,,
536025117,高潜力首购用户,0.08074946898108963,1,,0.0855280657516322,4399.0,0.0,,
536038502,高潜力首购用户,2.385127248906406,2,,0.2704120879349934,143.0,1.0,,
536054046,高潜力首购用户,2.418359145979181,4,,0.2861175186017766,104.0,1.0,,
536088389,高潜力首购用户,0.03908564467604244,1,,0.07085166908490129,5224.0,0.0,,
536090569,高价值高摩擦用户,2.6108586485336134,0,6.098882943875251,,,,0.3874236554424198,2425.0
536092456,高潜力首购用户,2.6313442370251376,1,,0.26518049505734953,161.0,1.0,,
536108389,高潜力首购用户,0.5074265538329951,1,,0.08884435985364364,4217.0,0.0,,
536112866,高价值高摩擦用户,2.4491762300235163,1,6.685186562418769,,,,0.4488172525679474,1504.0
536119640,高潜力首购用户,0.0639808098660072,1,,0.06946717297356635,5276.0,0.0,,
536120343,高潜力首购用户,2.3675970373141317,3,,0.2886055088755379,98.0,1.0,,
536131046,高潜力首购用户,0.5646631321281631,1,,0.0924263177105531,4026.0,0.0,,
536145163,高潜力首购用户,2.349328048943813,1,,0.22609491776918988,364.0,1.0,,
536149230,高潜力首购用户,1.2932823965598395,1,,0.1408969491543296,1900.0,1.0,,
536170184,高潜力首购用户,2.451245222930055,1,,0.24281809030592352,257.0,1.0,,
536171410,高价值高摩擦用户,2.062114501899227,0,5.363703742440877,,,,0.35769096046462395,3093.0
536172025,高潜力首购用户,0.9191924635627498,1,,0.11062627743815981,3088.0,0.0,,
536196523,高价值高摩擦用户,0.8190219415406482,0,5.502353206950472,,,,0.2502249614856659,7488.0
536204343,高潜力首购用户,1.7030705928988332,1,,0.18201272415172662,893.0,1.0,,
536277368,高潜力首购用户,1.0752748179893614,1,,0.12229635393422283,2582.0,1.0,,
536291343,高潜力首购用户,0.4528022457415612,1,,0.08652091104596654,4358.0,0.0,,
536321979,高价值高摩擦用户,0.48569687396334177,0,6.493054929737744,,,,0.23351025682629045,8689.0
536357004,高潜力首购用户,0.09650531005883628,1,,0.07639764303454884,4898.0,0.0,,
536367435,高价值高摩擦用户,1.0735724861933846,0,5.262560646835917,,,,0.4402238424378054,1609.0
536371343,高潜力首购用户,0.17520508740578988,1,,0.07446148609918134,5014.0,0.0,,
536379435,高潜力首购用户,0.6103379095152661,1,,0.0934057094292339,3985.0,0.0,,
536394774,高潜力首购用户,0.4456502597894216,2,,0.10516686662390037,3342.0,0.0,,
536405569,高潜力首购用户,1.4318851129744823,1,,0.14886944756019047,1654.0,1.0,,
536428866,高价值高摩擦用户,1.3697581426990857,0,8.39131064308556,,,,0.5113204268040046,925.0
536441435,高潜力首购用户,0.2815371914525286,2,,0.09516650332717894,3902.0,0.0,,
536447297,高价值高摩擦用户,1.4055772924285022,0,5.883631842304767,,,,0.38860033855388265,2408.0
536453728,高潜力首购用户,0.39143541256231124,1,,0.08788327573304044,4270.0,0.0,,
536463343,高潜力首购用户,0.8281340100035441,1,,0.10400003553472692,3413.0,0.0,,
536487322,高潜力首购用户,1.0141451727617954,1,,0.1198097937140369,2680.0,1.0,,
536506615,高潜力首购用户,2.3883954536278353,1,,0.25884194319287024,179.0,1.0,,
536508322,高潜力首购用户,0.36670718386135587,2,,0.10014749083317083,3625.0,0.0,,
536559933,高潜力首购用户,1.8202538304790619,1,,0.1872026646460582,808.0,1.0,,
536579209,高价值高摩擦用户,0.828063820857742,0,5.4976035813316795,,,,0.4250124740997509,1792.0
536608753,高价值高摩擦用户,0.28547671663728347,0,5.496840302679999,,,,0.3175317976354028,4286.0
536611615,高潜力首购用户,-0.049389804701944984,2,,0.0725583035603532,5130.0,0.0,,
536615615,高价值高摩擦用户,2.394378869548721,0,5.675188049358956,,,,0.35128232853672986,3276.0
536616343,高潜力首购用户,1.8311331949791374,2,,0.20967501170582706,506.0,1.0,,
536618707,高潜力首购用户,1.6256749441259526,1,,0.17102379390323078,1103.0,1.0,,
536625092,高潜力首购用户,1.506574746412971,1,,0.1633522135798095,1295.0,1.0,,
536651845,高价值高摩擦用户,0.6129301677520386,0,5.3676842857174885,,,,0.2480048351633609,7629.0
536658527,高潜力首购用户,0.9666967001455684,1,,0.11716064076490744,2800.0,0.0,,
536673276,高潜力首购用户,0.9293285453933252,1,,0.1157746944213795,2863.0,0.0,,
536691686,高潜力首购用户,1.0253416737767467,2,,0.13334701141928687,2178.0,1.0,,
536699046,高潜力首购用户,0.5536085836364176,1,,0.09855813624613473,3700.0,0.0,,
536711071,高潜力首购用户,1.662626778568357,1,,0.17108197055064617,1102.0,1.0,,
536715661,高潜力首购用户,0.5737449264724089,1,,0.10280513873244733,3481.0,0.0,,
536729774,高潜力首购用户,0.674039648549786,1,,0.10463622155480513,3381.0,0.0,,
536736594,高价值高摩擦用户,1.182377320352505,0,6.554653942096694,,,,0.27742972544747907,5932.0
536755276,高潜力首购用户,0.7179835462283467,2,,0.11769033674578815,2776.0,0.0,,
536763615,高潜力首购用户,-0.002794781988457354,1,,0.07249899066914808,5137.0,0.0,,
536773004,高潜力首购用户,0.8806453273321827,1,,0.11770664005212694,2775.0,0.0,,
536774343,高潜力首购用户,-0.04228066719751641,1,,0.06750868964786416,5346.0,0.0,,
536808117,高潜力首购用户,0.6318541487833548,1,,0.1141301541232803,2929.0,0.0,,
536820548,高潜力首购用户,1.065944514672265,1,,0.1273979183428731,2411.0,1.0,,
536854004,高价值高摩擦用户,2.50244187293609,0,5.616516519809833,,,,0.4556775722275714,1412.0
536862000,高价值高摩擦用户,0.8242280483994548,0,5.448081295781815,,,,0.2000138754935314,11433.0
536872933,高潜力首购用户,0.46323513409325096,1,,0.08561632814530962,4394.0,0.0,,
536881230,高潜力首购用户,0.658364597375317,1,,0.09929601485340961,3663.0,0.0,,
536887887,高潜力首购用户,1.2498214445521783,2,,0.1485899038353177,1662.0,1.0,,
536889774,高潜力首购用户,1.315922191754993,1,,0.141394947323537,1885.0,1.0,,
536895523,高潜力首购用户,0.6374064381972159,1,,0.10333519632302628,3452.0,0.0,,
536912569,高潜力首购用户,0.9443721036239108,1,,0.12350551732885537,2548.0,1.0,,
536914046,高价值高摩擦用户,0.9060101804319776,0,7.327320511469083,,,,0.45086548454096226,1479.0
536921661,高潜力首购用户,0.9018877478608197,1,,0.11412696234366343,2930.0,0.0,,
536929297,高潜力首购用户,0.4897396137978875,1,,0.09471012007044853,3922.0,0.0,,
536942958,高价值高摩擦用户,1.5506477703435662,0,6.48184567608646,,,,0.3605529860282608,3027.0
536963276,高潜力首购用户,0.3033972136823891,3,,0.09740592475096821,3763.0,0.0,,
536975435,高潜力首购用户,0.8180122967987976,1,,0.12215747947180036,2598.0,1.0,,
536982025,高潜力首购用户,0.5491431622016024,1,,0.09849073303580355,3705.0,0.0,,
537000887,高潜力首购用户,0.4295220211521594,1,,0.08766024825039316,4282.0,0.0,,
537006138,高潜力首购用户,0.21122541434070263,2,,0.08421917286386053,4461.0,0.0,,
537007933,高潜力首购用户,1.8259598940395358,1,,0.17992017706950986,937.0,1.0,,
537014527,高潜力首购用户,0.35352728119652177,1,,0.08750421127085994,4289.0,0.0,,
537048569,高潜力首购用户,1.6423589289264477,1,,0.15198585925824887,1564.0,1.0,,
537121343,高价值高摩擦用户,0.7008615204611609,0,5.551771171396723,,,,0.252833856236612,7321.0
537123820,高潜力首购用户,0.756052952649029,1,,0.10451894612621158,3386.0,0.0,,
537126887,高潜力首购用户,-0.04037309618217431,2,,0.07414497328185977,5042.0,0.0,,
537127615,高价值高摩擦用户,0.7711999009338872,0,7.596783990278333,,,,0.4516403711906125,1466.0
537138205,高潜力首购用户,0.05611686473875369,2,,0.08749943844597535,4292.0,0.0,,
537150841,高潜力首购用户,2.656182354235398,1,,0.2899727115725166,93.0,1.0,,
537151297,高潜力首购用户,0.5453481577610494,1,,0.08427922669281214,4458.0,0.0,,
537157728,高价值高摩擦用户,0.8155372548510954,0,5.852676505337637,,,,0.34314453993356364,3490.0
537178209,高潜力首购用户,0.6520267047412438,2,,0.10963578648771576,3131.0,0.0,,
537196569,高潜力首购用户,1.3173400659051941,1,,0.14599015262632214,1736.0,1.0,,
537207297,高价值高摩擦用户,0.3480903498068583,0,5.4538895918915,,,,0.25069284155494076,7455.0
537222343,高潜力首购用户,0.9529166421277641,1,,0.11606283760027856,2841.0,0.0,,
537226297,高潜力首购用户,0.1945490210081129,1,,0.080425970684848,4661.0,0.0,,
537255276,高潜力首购用户,0.022738810334530846,1,,0.06693627647445252,5360.0,0.0,,
537259025,高潜力首购用户,0.2877522060828132,1,,0.08919097757234129,4198.0,0.0,,
537274753,高价值高摩擦用户,-0.250588714559214,0,6.338788405610142,,,,0.3437924189946125,3470.0
537277276,高潜力首购用户,0.46500928078731113,1,,0.0897958385992418,4174.0,0.0,,
537294502,高潜力首购用户,1.9143349641081606,1,,0.1983607910016667,629.0,1.0,,
537309682,高潜力首购用户,0.584861585214012,1,,0.09082230355712982,4113.0,0.0,,
537339184,高潜力首购用户,0.4640492550291173,1,,0.09520245838460557,3901.0,0.0,,
537374774,高潜力首购用户,0.8598304694322803,1,,0.11677754281641958,2813.0,0.0,,
537394046,高潜力首购用户,1.8281099537264645,1,,0.20308666227463215,570.0,1.0,,
537402251,高潜力首购用户,1.349251501755022,2,,0.16782729296807056,1175.0,1.0,,
537430364,高潜力首购用户,0.3480886788436249,1,,0.0809215332327935,4635.0,0.0,,
537438481,高潜力首购用户,2.5603630869855345,1,,0.23662372013882182,301.0,1.0,,
537438569,高价值高摩擦用户,0.5156618620706889,0,5.598634057715973,,,,0.19926247668982447,11487.0
537460502,高潜力首购用户,0.33681030609788126,1,,0.08589907788902941,4381.0,0.0,,
537461594,高潜力首购用户,1.4167949020921444,1,,0.15136767349897962,1582.0,1.0,,
537475481,高潜力首购用户,2.2054965334095313,3,,0.23479686951433004,315.0,1.0,,
537485025,高潜力首购用户,0.24114322676981484,1,,0.0806140592116942,4651.0,0.0,,
537486958,高潜力首购用户,0.14808776552790515,1,,0.07700592495775133,4862.0,0.0,,
537491527,高价值高摩擦用户,0.6171022334773357,0,5.776909012980306,,,,0.33877654980117894,3609.0
537519887,高潜力首购用户,0.22663662083221672,1,,0.07597275883263158,4920.0,0.0,,
537531184,高潜力首购用户,0.8977796656903069,1,,0.10878934304750404,3167.0,0.0,,
537606456,高潜力首购用户,0.45451797174573727,1,,0.08876145143840777,4222.0,0.0,,
537609004,高价值高摩擦用户,1.0031516631729687,0,5.309227632555597,,,,0.36455314030212566,2928.0
537610368,高潜力首购用户,1.3567168682878046,1,,0.13349195870154676,2175.0,1.0,,
537615548,高潜力首购用户,2.10098356524607,2,,0.23718663221876798,297.0,1.0,,
537637527,高潜力首购用户,0.3627777854343754,2,,0.09546223320848934,3882.0,0.0,,
537649205,高潜力首购用户,1.36027692026988,1,,0.1404084882800818,1917.0,1.0,,
537726276,高潜力首购用户,0.9934352170982749,1,,0.1147309594003919,2904.0,0.0,,
537734933,高潜力首购用户,1.3195697596653722,1,,0.14792498843091748,1686.0,1.0,,
537737887,高潜力首购用户,1.2050068881719034,1,,0.14370669189789465,1811.0,1.0,,
537742686,高价值高摩擦用户,1.0964495497805082,0,6.916992484334619,,,,0.46404784294992035,1339.0
537774163,高潜力首购用户,0.572572692779826,1,,0.09545042257147165,3884.0,0.0,,
537774841,高潜力首购用户,0.26260644160329794,1,,0.07800785392421296,4805.0,0.0,,
537781209,高潜力首购用户,0.07714476224768525,1,,0.07117632450309214,5198.0,0.0,,
537792163,高潜力首购用户,0.3633843997951501,1,,0.08231176698231181,4572.0,0.0,,
537795958,高价值高摩擦用户,0.3643912636559769,0,5.893667945383715,,,,0.28769906862408856,5482.0
537806025,高潜力首购用户,0.2511979129163351,1,,0.08565504209349734,4391.0,0.0,,
537806682,高潜力首购用户,0.006139988527211648,2,,0.0743348260274646,5025.0,0.0,,
537809368,高潜力首购用户,0.3439166131183278,1,,0.08054606615233757,4656.0,0.0,,
537838866,高潜力首购用户,1.1484894319684642,1,,0.12524730920771635,2486.0,1.0,,
537863502,高潜力首购用户,1.216699198897679,1,,0.143038412816297,1830.0,1.0,,
537875410,高潜力首购用户,1.4972050991663524,2,,0.1826149129930039,884.0,1.0,,
537875820,高潜力首购用户,0.6568321505752079,1,,0.10553830991597977,3321.0,0.0,,
537921092,高潜力首购用户,1.6405573421627289,1,,0.18474205625697782,851.0,1.0,,
537922661,高价值高摩擦用户,-0.32593098960858846,0,5.575873342700809,,,,0.30024084869924217,4941.0
537929640,高潜力首购用户,1.2469520808587382,1,,0.11978693670769756,2682.0,1.0,,
537940209,高潜力首购用户,1.7999730406356373,1,,0.18244672379829385,888.0,1.0,,
537942615,高潜力首购用户,0.1680134889092717,1,,0.08274533357918526,4545.0,0.0,,
537951845,高潜力首购用户,0.7304371548445122,1,,0.09533954888842133,3896.0,0.0,,
538030933,高潜力首购用户,2.7134640377161925,3,,0.30281890723921717,71.0,1.0,,
538035092,高潜力首购用户,0.5786706819106778,1,,0.09987944361329447,3635.0,0.0,,
538054071,高潜力首购用户,2.2522141713179837,1,,0.22970524583625113,346.0,1.0,,
538074728,高价值高摩擦用户,0.10629872828148175,0,5.361085571600379,,,,0.35558241336204577,3147.0
538075799,高潜力首购用户,0.25200223332836075,1,,0.08283213201166933,4540.0,0.0,,
538082887,高价值高摩擦用户,-0.2928645812633017,0,5.724551954661066,,,,0.15125195849388995,15455.0
538082958,高潜力首购用户,0.5753243813196917,1,,0.08841397343605122,4236.0,0.0,,
538085251,高潜力首购用户,2.2333245854585697,1,,0.23594794637498526,309.0,1.0,,
538093912,高潜力首购用户,1.396812858189543,1,,0.14609243063760968,1733.0,1.0,,
538094707,高潜力首购用户,0.4328631788915556,1,,0.09421091359272313,3946.0,0.0,,
538097481,高潜力首购用户,1.12042600281632,1,,0.13107782751601044,2270.0,1.0,,
538109682,高潜力首购用户,0.12124526556962638,1,,0.07007574013889231,5254.0,0.0,,
538120046,高潜力首购用户,1.1327207727321846,1,,0.11424859333499567,2924.0,0.0,,
538153569,高潜力首购用户,1.8716319466035518,2,,0.20166963084023962,589.0,1.0,,
538154548,高潜力首购用户,0.7078451348180569,1,,0.10342755442085598,3442.0,0.0,,
538203615,高价值高摩擦用户,2.131600102772838,0,7.899376093072062,,,,0.5219766748917932,842.0
538207774,高价值高摩擦用户,1.8968781611530818,2,7.1278725414142805,,,,0.43401507999355093,1688.0
538227594,高潜力首购用户,1.8724661601943027,1,,0.1998549098107458,609.0,1.0,,
538228230,高潜力首购用户,-0.05460568773612003,1,,0.06838614350759342,5319.0,0.0,,
538228523,高潜力首购用户,0.013659000689214981,1,,0.06960383044867934,5268.0,0.0,,
538241866,高潜力首购用户,1.0674014776615577,1,,0.11764394030884641,2780.0,0.0,,
538251774,高价值高摩擦用户,2.762118377350825,0,6.537285624021215,,,,0.4690879108666218,1281.0
538257481,高潜力首购用户,1.368664077302985,1,,0.15393397923881888,1515.0,1.0,,
538260774,高潜力首购用户,0.22429596194219772,1,,0.08813036937493181,4251.0,0.0,,
538269092,高潜力首购用户,0.7841969166272916,1,,0.10189265677605906,3534.0,0.0,,
538305456,高潜力首购用户,0.5384932580259767,1,,0.09735000022966862,3769.0,0.0,,
538311251,高潜力首购用户,1.7498868201288797,1,,0.18143522777474627,909.0,1.0,,
538328958,高潜力首购用户,0.7360635966327478,1,,0.10227190773496289,3509.0,0.0,,
538348209,高潜力首购用户,0.17493911208425403,1,,0.07486083177435497,4992.0,0.0,,
538353322,高潜力首购用户,0.35326117173113003,1,,0.09128239370661372,4075.0,0.0,,
538359845,高潜力首购用户,0.42138346904557356,1,,0.094111152662115,3956.0,0.0,,
538367820,高潜力首购用户,2.593239822563806,1,,0.26711701837101426,151.0,1.0,,
538368205,高潜力首购用户,0.5463118675689609,3,,0.10366344226176392,3429.0,0.0,,
538374251,高潜力首购用户,1.1705450396829087,1,,0.12820699858003318,2380.0,1.0,,
538409523,高价值高摩擦用户,1.3234186323843329,0,5.2708800979759065,,,,0.339728616448364,3580.0
538410799,高价值高摩擦用户,1.4128934977307288,2,7.105158610333414,,,,0.3926310744775831,2306.0
538420322,高潜力首购用户,0.701949798565864,1,,0.10688949806351111,3260.0,0.0,,
538424887,高潜力首购用户,1.0065945452118046,1,,0.10819831928956886,3196.0,0.0,,
538442209,高潜力首购用户,1.2377944198617108,1,,0.14092644658859224,1899.0,1.0,,
538484707,高潜力首购用户,1.2352936301781703,1,,0.1252029051608663,2488.0,1.0,,
538496774,高潜力首购用户,0.4398344284520932,1,,0.09622956299804175,3837.0,0.0,,
538497481,高潜力首购用户,0.6832297327089808,1,,0.100894085048807,3587.0,0.0,,
538519820,高潜力首购用户,0.776002562117748,2,,0.11536291799265679,2886.0,0.0,,
538557297,高潜力首购用户,1.1483074236569497,1,,0.13537093093337943,2107.0,1.0,,
538582958,高潜力首购用户,1.553197405742502,2,,0.1730496692653462,1068.0,1.0,,
538617209,高价值高摩擦用户,2.0015925742781135,0,5.991672858742939,,,,0.3081354871375755,4639.0
538640933,高潜力首购用户,1.6371249660576102,2,,0.18174543718800146,900.0,1.0,,
538646435,高潜力首购用户,0.2041675563158407,1,,0.07408199571854827,5048.0,0.0,,
538659343,高价值高摩擦用户,1.4350026018040314,0,7.550910176057845,,,,0.3809578491192502,2575.0
538668728,高潜力首购用户,0.6824717367567078,2,,0.11592413132322255,2852.0,0.0,,
538689343,高潜力首购用户,0.3917111605915147,1,,0.08091748687512679,4636.0,0.0,,
538689548,高潜力首购用户,0.42304538153041377,1,,0.08794428916930094,4265.0,0.0,,
538693799,高潜力首购用户,1.7967282698518758,1,,0.18876287124869015,778.0,1.0,,
538695209,高潜力首购用户,0.052931540842044066,1,,0.06691946324594847,5361.0,0.0,,
538702958,高价值高摩擦用户,0.8048925622756808,0,6.143210051103107,,,,0.2820641672889359,5729.0
538722297,高潜力首购用户,-0.0480420645809716,1,,0.07407758869782484,5049.0,0.0,,
538732481,高价值高摩擦用户,1.0545253567029202,0,5.3780061654494045,,,,0.26204230325996086,6745.0
538740092,高潜力首购用户,0.9767107448671494,1,,0.1212563376202111,2629.0,1.0,,
538747389,高潜力首购用户,0.3381009985361821,1,,0.08229660443399496,4575.0,0.0,,
538767004,高潜力首购用户,0.4378348237261354,1,,0.08713872096807297,4320.0,0.0,,
538784435,高潜力首购用户,0.3673436974923105,1,,0.08556950086489698,4397.0,0.0,,
538823410,高潜力首购用户,0.8261669748500435,1,,0.10583291658645252,3308.0,0.0,,
538840912,高潜力首购用户,1.7000233877664133,2,,0.18706130825975237,811.0,1.0,,
538850251,高潜力首购用户,0.7586498174296151,1,,0.10342125437457932,3443.0,0.0,,
538866000,高潜力首购用户,1.6154475857666866,1,,0.16842303664521957,1162.0,1.0,,
538883979,高价值高摩擦用户,2.512829891478698,0,7.455405478224278,,,,0.5489731841692896,686.0
538886276,高价值高摩擦用户,0.5599072594961547,0,5.800881961785875,,,,0.3396304259627346,3586.0
538892707,高潜力首购用户,-0.05763635210021145,1,,0.0681523793977108,5327.0,0.0,,
538899046,高潜力首购用户,1.824564936684294,1,,0.18593494592387697,827.0,1.0,,
538926209,高价值高摩擦用户,0.9074181099728241,0,5.954677370501235,,,,0.2314930565879518,8846.0
538932276,高潜力首购用户,1.425621611851735,1,,0.15048374176177576,1602.0,1.0,,
538937025,高潜力首购用户,1.4400262979693208,1,,0.15574655800389584,1470.0,1.0,,
538951435,高潜力首购用户,0.16420299702040264,1,,0.07082566270018245,5227.0,0.0,,
538956912,高价值高摩擦用户,1.5948879947080326,0,6.282553027069406,,,,0.39868725440967556,2200.0
538968569,高潜力首购用户,0.9934641619521308,1,,0.1039774454715083,3415.0,0.0,,
538972887,高潜力首购用户,1.9619798591590463,1,,0.1873407731594061,802.0,1.0,,
538974251,高潜力首购用户,1.052728488482652,1,,0.1222384333559881,2589.0,1.0,,
538974728,高价值高摩擦用户,1.8361358455153993,0,5.353941270296033,,,,0.3519428256525032,3255.0
538995774,高潜力首购用户,0.9065053695161066,2,,0.12416069269918927,2527.0,1.0,,
539010502,高潜力首购用户,1.9945574746378032,2,,0.21359567336240043,468.0,1.0,,
539026615,高潜力首购用户,1.4296330084948528,1,,0.15555081117931072,1478.0,1.0,,
539033435,高潜力首购用户,2.2872620254916787,1,,0.225487308923785,370.0,1.0,,
539049594,高潜力首购用户,0.8350675448068218,1,,0.1138324889276574,2941.0,0.0,,
539050866,高潜力首购用户,1.9623742046596686,1,,0.1950327300931881,677.0,1.0,,
539054297,高价值高摩擦用户,-0.1967952602672901,0,5.510374232511891,,,,0.33339822595389257,3751.0
539056527,高潜力首购用户,1.0982753993013545,2,,0.15063842137520822,1595.0,1.0,,
539100004,高潜力首购用户,1.616164496843415,1,,0.17337384927342983,1064.0,1.0,,
539104297,高价值高摩擦用户,0.9977944552271362,0,8.098862599831063,,,,0.37016081746957885,2819.0
539116297,高价值高摩擦用户,0.6236167308991404,0,5.312083052801185,,,,0.3333556797600933,3754.0
539131640,高潜力首购用户,0.6535666125533378,1,,0.10187553416561276,3537.0,0.0,,
539191912,高潜力首购用户,0.9267675186724421,1,,0.11545715532947805,2883.0,0.0,,
539221820,高潜力首购用户,0.6705575007080441,1,,0.10330947704933154,3454.0,0.0,,
539239000,高潜力首购用户,0.5848362103879459,1,,0.10055361600316629,3607.0,0.0,,
539243389,高潜力首购用户,0.5389189026839253,1,,0.1026006213192529,3489.0,0.0,,
539255004,高价值高摩擦用户,0.10736380064728863,0,5.5144866541249105,,,,0.1835573985759562,12863.0
539287410,高潜力首购用户,2.295975326785818,1,,0.23293265041698924,324.0,1.0,,
539292615,高价值高摩擦用户,0.5230407556649677,0,5.879289196454803,,,,0.3893576020093107,2386.0
539311410,高价值高摩擦用户,1.2506459684554887,0,9.172812944405358,,,,0.515663502582954,890.0
539322297,高潜力首购用户,0.46023206032190894,1,,0.09162907037573007,4064.0,0.0,,
539346548,高潜力首购用户,0.38364460886878904,1,,0.09909933241135827,3675.0,0.0,,
539376820,高潜力首购用户,0.5638038988572321,1,,0.095658496559947,3871.0,0.0,,
539401523,高价值高摩擦用户,1.071682322268904,0,8.619214437915506,,,,0.5431296312369356,720.0
539403527,高价值高摩擦用户,0.4744506598874896,0,5.440662925032672,,,,0.2887283974459637,5442.0
539440184,高潜力首购用户,0.6955188050678371,1,,0.094019346891246,3961.0,0.0,,
539463979,高潜力首购用户,1.3636312651070037,3,,0.18941151100849432,767.0,1.0,,
539529481,高潜力首购用户,2.2944804966774868,1,,0.22637757173840367,362.0,1.0,,
539551979,高价值高摩擦用户,2.697921501025847,0,7.540161164252896,,,,0.470810802567277,1266.0
539584594,高潜力首购用户,0.3647293974087445,2,,0.08868990908856915,4227.0,0.0,,
539594322,高价值高摩擦用户,0.46218080771086134,0,5.848018863797163,,,,0.2604768524439144,6855.0
539622640,高潜力首购用户,0.9050845594971619,1,,0.1184401166242456,2749.0,0.0,,
539627912,高潜力首购用户,0.5335766311728186,1,,0.09506977350828541,3908.0,0.0,,
539638000,高潜力首购用户,1.4177220864111766,1,,0.15525196583662915,1486.0,1.0,,
539657686,高潜力首购用户,-0.023258754692260353,1,,0.06353566713841997,5402.0,0.0,,
539688117,高潜力首购用户,0.14694033137255705,1,,0.07213357804915517,5152.0,0.0,,
539699343,高潜力首购用户,0.771618766781666,2,,0.12042096184311986,2660.0,1.0,,
539717728,高潜力首购用户,1.5479912377007956,1,,0.17223760082999137,1078.0,1.0,,
539745615,高潜力首购用户,1.0088039415447791,1,,0.12489462576287196,2501.0,1.0,,
539776251,高价值高摩擦用户,0.4673685453990135,0,7.111936170128985,,,,0.4224665623802131,1825.0
539777728,高潜力首购用户,0.7363147173913706,1,,0.0981325656718853,3725.0,0.0,,
539796276,高潜力首购用户,1.3920508848764754,1,,0.1624162489288476,1316.0,1.0,,
539797866,高潜力首购用户,1.0979273293186262,1,,0.11363562103187203,2948.0,0.0,,
539855615,高价值高摩擦用户,0.0011973689018971074,0,5.622319314172629,,,,0.2168271851691016,9985.0
539861686,高潜力首购用户,0.3117581160724989,1,,0.08759073851167891,4286.0,0.0,,
539863481,高潜力首购用户,1.5537751314257875,1,,0.16494657058244358,1242.0,1.0,,
539900230,高潜力首购用户,0.09522294823722233,1,,0.07628799161341548,4905.0,0.0,,
539915435,高潜力首购用户,0.7667537470452747,1,,0.10144808574078687,3557.0,0.0,,
539929025,高潜力首购用户,0.9908224652117269,1,,0.11312601811591763,2975.0,0.0,,
539943615,高潜力首购用户,1.3950889775543898,1,,0.167083288627125,1188.0,1.0,,
539967230,高价值高摩擦用户,0.47843361539240187,1,5.692168627593529,,,,0.3229961354268666,4082.0
539984368,高潜力首购用户,1.2397270604490978,1,,0.1479678686611536,1684.0,1.0,,
539991820,高潜力首购用户,0.8371423585746286,1,,0.10814618058811264,3199.0,0.0,,
539996640,高价值高摩擦用户,0.3115096448810618,0,6.225266099609711,,,,0.2769229544659351,5958.0
540002184,高潜力首购用户,2.4181165568235765,1,,0.23932581423376434,282.0,1.0,,
540053410,高潜力首购用户,0.48158273729476503,1,,0.09704972669696564,3792.0,0.0,,
540066410,高潜力首购用户,0.6897337530789834,1,,0.10369276893689482,3425.0,0.0,,
540071000,高潜力首购用户,0.9450369185044645,1,,0.1218283462418345,2609.0,1.0,,
540073435,高潜力首购用户,1.2816838298131696,2,,0.15590775061775344,1468.0,1.0,,
540077841,高潜力首购用户,0.6237203800082868,1,,0.09648544894915256,3819.0,0.0,,
540153456,高价值高摩擦用户,0.2515577173980237,0,5.505030199286829,,,,0.21504770573488002,10117.0
540196845,高价值高摩擦用户,0.9381868457989428,0,5.779397581188817,,,,0.28315591584410627,5686.0
540204343,高潜力首购用户,0.7663800387695568,1,,0.11560071474623296,2868.0,0.0,,
540213230,高潜力首购用户,1.896175616441929,1,,0.17840527479699914,959.0,1.0,,
540221686,高潜力首购用户,0.3150060222584448,1,,0.08367464533815495,4498.0,0.0,,
540230297,高价值高摩擦用户,0.22186944082110927,0,6.189085141191106,,,,0.435054773806998,1674.0
540239322,高潜力首购用户,-0.020472276838400912,1,,0.07107070978381747,5204.0,0.0,,
540248820,高潜力首购用户,2.1287690845672813,1,,0.19853258500682808,627.0,1.0,,
540262138,高潜力首购用户,1.325968713457799,1,,0.1397147382521505,1938.0,1.0,,
540279025,高潜力首购用户,0.03800340578608182,1,,0.0739013663478124,5053.0,0.0,,
540280163,高潜力首购用户,0.3945118750153244,1,,0.08304948554909519,4527.0,0.0,,
540335163,高潜力首购用户,1.4748314924411812,3,,0.19999635382674544,606.0,1.0,,
540345435,高潜力首购用户,0.07369377750983137,1,,0.06781835077581383,5337.0,0.0,,
540350209,高价值高摩擦用户,1.1577586568958225,0,6.278233702978197,,,,0.34370631895197745,3473.0
540370866,高潜力首购用户,1.2885921074045699,1,,0.13435551706892612,2140.0,1.0,,
540386071,高潜力首购用户,0.669324337589928,1,,0.10042875779015449,3616.0,0.0,,
540399456,高潜力首购用户,0.4828674235633998,1,,0.08870183779153042,4225.0,0.0,,
540407523,高潜力首购用户,0.1396806781611105,1,,0.07564059422570243,4947.0,0.0,,
540451230,高价值高摩擦用户,0.7697665437940392,0,5.48701853030603,,,,0.3857426188348834,2462.0
540479163,高潜力首购用户,0.059827905440545094,1,,0.07252547910140333,5135.0,0.0,,
540483569,高潜力首购用户,0.21775185291871657,1,,0.082531577210298,4560.0,0.0,,
540493958,高潜力首购用户,0.29700246137880437,1,,0.08106099243108976,4631.0,0.0,,
540496138,高潜力首购用户,1.9470625345809018,1,,0.1966241134776008,646.0,1.0,,
540498912,高潜力首购用户,1.2470884180102093,1,,0.13629154880469874,2070.0,1.0,,
540504728,高潜力首购用户,1.8194816675126726,2,,0.20842528637069452,521.0,1.0,,
540507092,高潜力首购用户,2.3237637401208358,1,,0.22028855598076685,413.0,1.0,,
540512435,高潜力首购用户,0.7186965551678942,1,,0.10486302687782974,3364.0,0.0,,
540524845,高潜力首购用户,1.3658347402897684,1,,0.13273073187641415,2201.0,1.0,,
540527958,高潜力首购用户,0.688347666860806,1,,0.10536897145112326,3331.0,0.0,,
540539912,高潜力首购用户,1.4732585362883917,1,,0.159985762578744,1365.0,1.0,,
540542205,高潜力首购用户,1.0628781536834635,1,,0.12510378277878514,2491.0,1.0,,
540560615,高潜力首购用户,0.3442573338671138,1,,0.08286217347199662,4536.0,0.0,,
540561071,高潜力首购用户,1.6987757226203135,2,,0.19261347145781024,715.0,1.0,,
540569774,高潜力首购用户,1.4057227260115317,1,,0.14477750809905185,1773.0,1.0,,
540576071,高潜力首购用户,0.08413799422129918,1,,0.0716718494321569,5180.0,0.0,,
540577912,高潜力首购用户,0.6219668616499489,1,,0.1033156765341238,3453.0,0.0,,
540632389,高价值高摩擦用户,0.6901048185262889,0,5.907615437603221,,,,0.3036569040390856,4801.0
540638799,高价值高摩擦用户,0.6634135185016883,0,5.909438624162439,,,,0.3181366075570454,4264.0
540642071,高潜力首购用户,1.2733313341524681,1,,0.1293794017156521,2331.0,1.0,,
540643569,高价值高摩擦用户,0.17443436256940573,0,7.56365739351217,,,,0.3944526957544082,2276.0
540664523,高潜力首购用户,0.5059488908432148,1,,0.09536092307740936,3892.0,0.0,,
540673841,高潜力首购用户,0.6334123637327698,1,,0.10547084840707946,3325.0,0.0,,
540696548,高潜力首购用户,0.44542897205590365,1,,0.08750156169878663,4291.0,0.0,,
540731184,高潜力首购用户,0.47273330367118355,1,,0.08475334843311427,4431.0,0.0,,
540733527,高潜力首购用户,0.8792304306888394,1,,0.12174230954443792,2612.0,1.0,,
540756230,高潜力首购用户,2.11388233791519,2,,0.24127771259919292,270.0,1.0,,
540761594,高潜力首购用户,0.12719469431541938,1,,0.07906528682758107,4746.0,0.0,,
540779686,高价值高摩擦用户,0.8686882956550971,0,5.976274764266995,,,,0.405256841099034,2088.0
540790799,高潜力首购用户,0.17313971731938568,1,,0.07919304372266142,4740.0,0.0,,
540815046,高潜力首购用户,2.808056330603682,1,,0.29382201091470683,83.0,1.0,,
540829117,高潜力首购用户,1.1393051200927653,1,,0.13782563959274824,2009.0,1.0,,
540829979,高价值高摩擦用户,0.6899827509294028,1,6.657559975799861,,,,0.26504084740315453,6583.0
540833753,高价值高摩擦用户,0.8778105601515392,0,7.87255232522037,,,,0.3446628251772247,3444.0
540840184,高潜力首购用户,-0.04677672611914755,1,,0.07493290862467696,4984.0,0.0,,
540870728,高价值高摩擦用户,0.2643057036467068,0,5.351203028808291,,,,0.2768697277396118,5961.0
540896251,高价值高摩擦用户,1.6573749366825468,0,6.861557447465211,,,,0.32176043779385816,4140.0
540942661,高潜力首购用户,1.4158418912915722,1,,0.13935948683511512,1950.0,1.0,,
540964594,高潜力首购用户,1.4764671946605876,2,,0.1725592280843344,1073.0,1.0,,
540998092,高潜力首购用户,0.07518232025440204,1,,0.07095264318833891,5217.0,0.0,,
541015209,高潜力首购用户,1.510706139423113,1,,0.15274518465003206,1551.0,1.0,,
541015845,高潜力首购用户,1.944442975467754,1,,0.2087306472298844,517.0,1.0,,
541018297,高潜力首购用户,0.9742186121906249,1,,0.11028050935174219,3101.0,0.0,,
541025774,高潜力首购用户,1.1072822211088977,1,,0.13574637412646615,2093.0,1.0,,
541052481,高价值高摩擦用户,1.7903635806391414,0,6.86761707839929,,,,0.4508166518117762,1481.0
541059368,高潜力首购用户,1.6287806096158441,2,,0.18317710074176913,873.0,1.0,,
541060025,高潜力首购用户,0.4450160808847825,1,,0.09016130372214952,4156.0,0.0,,
541060661,高价值高摩擦用户,1.1483161098112211,0,6.101364742807839,,,,0.42176098589239897,1838.0
541063163,高潜力首购用户,0.20594835994923236,1,,0.08214318431068848,4580.0,0.0,,
541082774,高潜力首购用户,2.5462040794021608,1,,0.2618340743648462,173.0,1.0,,
541087297,高潜力首购用户,1.7677703458445322,1,,0.19150517335350406,734.0,1.0,,
541129117,高价值高摩擦用户,1.28925384814657,0,8.686530820651896,,,,0.5219561015109794,843.0
541136569,高潜力首购用户,0.28407980273384625,1,,0.08455816631979211,4437.0,0.0,,
541157569,高潜力首购用户,0.18627488392281244,1,,0.07581841413258278,4933.0,0.0,,
541181728,高潜力首购用户,0.19046445593516106,1,,0.07733665388582905,4841.0,0.0,,
541195209,高潜力首购用户,0.4838956744975913,1,,0.09410426721900686,3957.0,0.0,,
541204753,高潜力首购用户,1.7369544946371647,1,,0.17402531460500484,1052.0,1.0,,
541213343,高潜力首购用户,0.7292824204565128,1,,0.11412379806827617,2931.0,0.0,,
541242820,高潜力首购用户,1.653546683497084,1,,0.15861263294080713,1396.0,1.0,,
541249000,高潜力首购用户,-0.04348550584976063,1,,0.07445746772940771,5015.0,0.0,,
541249569,高价值高摩擦用户,1.019046246712975,0,7.4619989486092,,,,0.5260657708887879,824.0
541293389,高潜力首购用户,0.04176801715753412,2,,0.08122800944034132,4622.0,0.0,,
541294933,高潜力首购用户,1.2325166796355518,1,,0.13856890294833155,1977.0,1.0,,
541297046,高价值高摩擦用户,-0.04855991789164136,0,5.22710775419124,,,,0.2852398784292176,5592.0
541308205,高价值高摩擦用户,0.9989016904848486,1,5.498069458404876,,,,0.4044071991265362,2100.0
541324368,高潜力首购用户,0.48117467053098545,1,,0.09638521028764528,3827.0,0.0,,
541333322,高潜力首购用户,1.2071519618586717,1,,0.1399625722881993,1928.0,1.0,,
541342000,高潜力首购用户,0.8196092279934613,1,,0.11668742989015965,2816.0,0.0,,
541355640,高潜力首购用户,2.141309974479056,2,,0.23215039505703933,330.0,1.0,,
541358117,高潜力首购用户,1.0072234012032975,2,,0.13267194724671674,2204.0,1.0,,
541363435,高潜力首购用户,0.46524114865577976,1,,0.09532702908856751,3898.0,0.0,,
541365025,高潜力首购用户,1.1907439381342722,1,,0.12230645965244447,2581.0,1.0,,
541372364,高潜力首购用户,1.4589953978062562,1,,0.15736154243725184,1427.0,1.0,,
541373205,高潜力首购用户,0.7903553821285585,1,,0.10115448976476692,3577.0,0.0,,
541376251,高潜力首购用户,0.7921078372159229,1,,0.10582622294867661,3309.0,0.0,,
541391845,高潜力首购用户,1.0240111593924113,2,,0.13480040274307087,2125.0,1.0,,
541420799,高潜力首购用户,0.8397132638369564,1,,0.10844723584043968,3186.0,0.0,,
541427527,高潜力首购用户,2.215957801373261,1,,0.21972426428077688,417.0,1.0,,
541446117,高价值高摩擦用户,0.6541655044556014,0,6.42094633932799,,,,0.36820932824577723,2851.0
541446682,高潜力首购用户,1.840141348040489,1,,0.18784675544065563,794.0,1.0,,
541458615,高价值高摩擦用户,-0.45275689981493944,0,6.739230112808961,,,,0.3126238395044773,4456.0
541472163,高潜力首购用户,1.1325435940072741,1,,0.1519043723210777,1567.0,1.0,,
541478686,高潜力首购用户,1.5098707691669733,1,,0.16288777326279955,1310.0,1.0,,
541481184,高潜力首购用户,0.49246330918352194,1,,0.08662774832538943,4351.0,0.0,,
541499251,高潜力首购用户,1.836291724241276,1,,0.16663645817351258,1202.0,1.0,,
541499276,高潜力首购用户,0.5133262561584465,1,,0.09624140362597615,3834.0,0.0,,
541519364,高潜力首购用户,0.7983679172546371,1,,0.10203709504399798,3526.0,0.0,,
541525527,高价值高摩擦用户,1.5199449646957366,0,6.361730710565912,,,,0.34384698387376966,3468.0
541553753,高价值高摩擦用户,-0.3241126227322208,0,5.211369623897336,,,,0.3045999479354076,4764.0
541561456,高价值高摩擦用户,0.7447368943446984,0,5.346285764588726,,,,0.3192691729761133,4226.0
541589728,高潜力首购用户,0.4233612248651264,1,,0.09103648747393021,4095.0,0.0,,
541608004,高潜力首购用户,1.3846824472790342,1,,0.14520493334468904,1762.0,1.0,,
541618297,高价值高摩擦用户,1.1937025114167932,0,8.242624006130914,,,,0.4544114507149378,1428.0
541622435,高潜力首购用户,2.483588530527941,1,,0.23765462462731313,292.0,1.0,,
541646092,高潜力首购用户,0.34256720509809657,1,,0.08270655390560568,4549.0,0.0,,
541655753,高潜力首购用户,2.057127174365437,3,,0.23859254218462234,286.0,1.0,,
541705004,高潜力首购用户,0.7746426215579749,1,,0.11263837206602233,3002.0,0.0,,
541716230,高潜力首购用户,2.4311862499503336,1,,0.24705640532443565,227.0,1.0,,
541717117,高潜力首购用户,1.189390610640558,1,,0.13345982422222272,2176.0,1.0,,
541718184,高潜力首购用户,0.8257159084349608,1,,0.1160022308980093,2845.0,0.0,,
541721251,高潜力首购用户,0.13383859676145235,1,,0.06909248467758851,5288.0,0.0,,
541722841,高潜力首购用户,0.20149266643574584,1,,0.07466565363706577,5002.0,0.0,,
541733025,高潜力首购用户,0.061636680929638255,2,,0.08575032914642808,4386.0,0.0,,
541745368,高潜力首购用户,1.1197126265931245,1,,0.11915362788525016,2712.0,0.0,,
541752251,高价值高摩擦用户,0.0910928511203496,0,5.587899555711061,,,,0.26667322733686416,6492.0
541764753,高潜力首购用户,1.667450998464887,1,,0.18836287115289638,787.0,1.0,,
541785569,高潜力首购用户,0.8078278157446815,1,,0.10847331496968944,3185.0,0.0,,
541790481,高潜力首购用户,0.5955296341118507,1,,0.1062955943752333,3283.0,0.0,,
541804686,高价值高摩擦用户,1.2718887987528948,0,6.724878273837658,,,,0.36925778080020344,2837.0
541842887,高潜力首购用户,1.5106506867342102,1,,0.16129549321739275,1335.0,1.0,,
541845456,高价值高摩擦用户,1.9691872643898287,0,8.266084099195297,,,,0.44751647626529345,1520.0
541849774,高潜力首购用户,1.5950992057064772,2,,0.18641950989803802,817.0,1.0,,
541863025,高潜力首购用户,0.12051926365994874,1,,0.07505649106265755,4973.0,0.0,,
541863343,高价值高摩擦用户,-0.019009491386737073,0,7.183755002753474,,,,0.39756350253276357,2219.0
541864912,高价值高摩擦用户,0.8078398244265329,0,5.648018046749432,,,,0.12949233163586357,16608.0
541869410,高潜力首购用户,0.7948404548288903,1,,0.10517809426363853,3340.0,0.0,,
541871117,高价值高摩擦用户,-0.21180888139468199,0,5.759562644468051,,,,0.23639862908499115,8460.0
541879004,高价值高摩擦用户,0.11681633093530049,0,5.790291110913798,,,,0.26010338074023953,6884.0
541884138,高潜力首购用户,2.7048913278354423,1,,0.2824513659834438,110.0,1.0,,
541884866,高潜力首购用户,0.4822275986374212,1,,0.08743660047346496,4294.0,0.0,,
541885820,高价值高摩擦用户,0.6543652589884484,0,6.8336996131527235,,,,0.3538166845869955,3195.0
541893728,高潜力首购用户,0.9369049817340206,1,,0.1202652135302465,2669.0,1.0,,
541977728,高潜力首购用户,1.6484358499660434,1,,0.16780843996730208,1176.0,1.0,,
541993138,高潜力首购用户,-0.024784281751261086,1,,0.07603541337698026,4916.0,0.0,,
542000845,高潜力首购用户,2.0912250809552617,1,,0.21349332179134828,469.0,1.0,,
542014640,高潜力首购用户,1.0584826003847747,1,,0.13222490921763183,2227.0,1.0,,
542027682,高潜力首购用户,0.9066036837425376,1,,0.11654239373014132,2824.0,0.0,,
542032682,高潜力首购用户,1.5857659201210919,1,,0.15834222336462955,1405.0,1.0,,
542036368,高潜力首购用户,0.6566931395114711,1,,0.10002772357022105,3629.0,0.0,,
542038682,高潜力首购用户,0.13346375462149818,1,,0.07104742359813038,5206.0,0.0,,
542051481,高潜力首购用户,0.13146833624655604,1,,0.07558568136061897,4949.0,0.0,,
542055456,高潜力首购用户,0.8932575864909452,1,,0.10408006614378897,3408.0,0.0,,
542065000,高潜力首购用户,0.4821042586565127,1,,0.09391924419778985,3965.0,0.0,,
542068435,高潜力首购用户,0.018008301536306084,1,,0.06994614959687902,5258.0,0.0,,
542096000,高价值高摩擦用户,1.0512935130746899,0,7.485507641251589,,,,0.3429137331675073,3501.0
542098163,高潜力首购用户,-0.05059457527811795,1,,0.07032390001732591,5248.0,0.0,,
542103774,高潜力首购用户,0.6767675864316981,1,,0.10234361861085674,3502.0,0.0,,
542105912,高潜力首购用户,0.6731952930941487,2,,0.12444273611928369,2517.0,1.0,,
542131523,高潜力首购用户,0.004421621853507002,1,,0.06888192333184995,5297.0,0.0,,
542159502,高潜力首购用户,0.15938554182908796,1,,0.07468995007118565,5001.0,0.0,,
542160163,高潜力首购用户,0.733511887932373,1,,0.09783217662291076,3744.0,0.0,,
542165502,高潜力首购用户,1.4229953303185203,1,,0.14984111726627666,1623.0,1.0,,
542178979,高潜力首购用户,1.3660309409208233,1,,0.14170838024113316,1880.0,1.0,,
542185912,高潜力首购用户,0.8467102750481672,1,,0.12159970080242512,2616.0,1.0,,
542198569,高潜力首购用户,0.40367566237258706,1,,0.07803152346974686,4801.0,0.0,,
542209594,高潜力首购用户,1.5413851155263234,1,,0.1547674642731853,1491.0,1.0,,
542230527,高潜力首购用户,0.18844950243730943,2,,0.08717613657832884,4317.0,0.0,,
542252481,高潜力首购用户,0.7137558651082454,1,,0.10186323863250454,3539.0,0.0,,
542267230,高潜力首购用户,0.3685360432808813,1,,0.08776179879011134,4277.0,0.0,,
542305276,高价值高摩擦用户,1.5762076259585083,0,7.665588469802597,,,,0.411515768358657,1975.0
542305527,高潜力首购用户,1.2614181105691376,1,,0.13469561939856792,2129.0,1.0,,
542315979,高潜力首购用户,1.5949158352475832,1,,0.1590176259491094,1388.0,1.0,,
542316661,高潜力首购用户,0.658684436649029,1,,0.09591404986927962,3850.0,0.0,,
542324615,高潜力首购用户,0.21013925552054988,1,,0.07335843874266097,5080.0,0.0,,
542327364,高潜力首购用户,1.8117533040654912,1,,0.18004357876653532,934.0,1.0,,
542340004,高潜力首购用户,0.3293607885573287,1,,0.08519241700037856,4415.0,0.0,,
542342410,高潜力首购用户,0.3133539490949539,1,,0.0836918175050913,4495.0,0.0,,
542355502,高潜力首购用户,0.6247510385608693,1,,0.10853385591562024,3179.0,0.0,,
542362322,高潜力首购用户,0.8627988943811328,1,,0.11107733240788621,3068.0,0.0,,
542374594,高潜力首购用户,0.8876756964354771,1,,0.11071615628377393,3084.0,0.0,,
542402820,高潜力首购用户,0.23228183683798276,1,,0.07801571686882158,4804.0,0.0,,
542407025,高潜力首购用户,1.7472789423027113,1,,0.17697202007574447,997.0,1.0,,
542407523,高价值高摩擦用户,3.3281403137947225,0,11.712165960911715,,,,0.7866110091565165,84.0
542411456,高潜力首购用户,0.7595762560095839,1,,0.10491949912907304,3360.0,0.0,,
542421322,高潜力首购用户,0.6262731455193983,1,,0.10209096621280983,3522.0,0.0,,
542421933,高潜力首购用户,0.8786540381649365,1,,0.11130936642921578,3057.0,0.0,,
542422523,高潜力首购用户,1.57736925513765,6,,0.23628986388296092,304.0,1.0,,
542423640,高潜力首购用户,1.889834155863318,1,,0.19686077417461378,643.0,1.0,,
542426912,高潜力首购用户,0.031169884289862435,1,,0.07531770320736036,4961.0,0.0,,
542441661,高潜力首购用户,1.894288520734614,1,,0.17770705516610616,974.0,1.0,,
542453117,高潜力首购用户,1.6680106680875006,1,,0.16827658654080246,1164.0,1.0,,
542466640,高潜力首购用户,0.49977101053617207,1,,0.09290805367124808,4008.0,0.0,,
542474594,高潜力首购用户,0.06085652351796874,1,,0.07260942569474803,5128.0,0.0,,
542479138,高潜力首购用户,1.2871130269081863,1,,0.13624632189872588,2074.0,1.0,,
542490435,高潜力首购用户,0.8801597558812878,1,,0.11191389033472401,3028.0,0.0,,
542514841,高潜力首购用户,1.0001285471473402,1,,0.11302582797975858,2981.0,0.0,,
542522364,高潜力首购用户,1.3328377342189432,1,,0.15165628436827028,1575.0,1.0,,
542524481,高潜力首购用户,2.364644576320961,1,,0.23550198328099478,311.0,1.0,,
542548092,高价值高摩擦用户,0.21890735088910898,0,6.543641305374972,,,,0.4349906080089577,1676.0
542551707,高潜力首购用户,0.7616552684102716,1,,0.11404744030017412,2936.0,0.0,,
542557117,高潜力首购用户,0.5442335026621539,1,,0.0961873686680158,3840.0,0.0,,
542568958,高潜力首购用户,0.7410778049905979,1,,0.09645826299049129,3822.0,0.0,,
542574343,高潜力首购用户,0.2722660288503363,1,,0.08157538706217388,4606.0,0.0,,
542577322,高潜力首购用户,1.7373396471946656,4,,0.20879351440477992,516.0,1.0,,
542581548,高价值高摩擦用户,0.7280200028124882,0,7.59756690275258,,,,0.42516510539149266,1790.0
542633820,高潜力首购用户,1.3189591829356602,2,,0.15210311066451418,1559.0,1.0,,
542655912,高潜力首购用户,0.3174879982102173,2,,0.091201659375839,4082.0,0.0,,
542657820,高潜力首购用户,0.7338565885671674,1,,0.10459689940257876,3383.0,0.0,,
542662774,高潜力首购用户,0.7049171758715231,2,,0.11628367441170172,2831.0,0.0,,
542672389,高潜力首购用户,1.6940957635041674,2,,0.19442988399884983,689.0,1.0,,
542673138,高潜力首购用户,0.3099747087369435,2,,0.09411611901347425,3955.0,0.0,,
542676389,高潜力首购用户,1.2461707776495474,1,,0.13499051517094038,2116.0,1.0,,
542676502,高潜力首购用户,1.1233702598987583,1,,0.1302431016836201,2303.0,1.0,,
542678933,高潜力首购用户,0.4960587718848126,1,,0.09075750825596966,4115.0,0.0,,
542680389,高潜力首购用户,0.4077689864819556,1,,0.07722096158263568,4850.0,0.0,,
542680728,高潜力首购用户,0.7354593169542367,1,,0.11831964507301913,2753.0,0.0,,
542684004,高潜力首购用户,2.1493794673565234,3,,0.24652129738664322,233.0,1.0,,
542690523,高潜力首购用户,1.4063554710388926,1,,0.14648733363869057,1724.0,1.0,,
542698682,高潜力首购用户,-0.04056684808574216,1,,0.06947872114165828,5274.0,0.0,,
542710661,高潜力首购用户,0.18137702980349124,1,,0.0754032989763325,4955.0,0.0,,
542718682,高潜力首购用户,0.07361794931972193,1,,0.07082769859413529,5226.0,0.0,,
542722774,高潜力首购用户,0.21415063698652562,1,,0.0794111984759888,4729.0,0.0,,
542728661,高潜力首购用户,0.9650874882016129,1,,0.11492047014957237,2897.0,0.0,,
542731276,高价值高摩擦用户,1.094962978832908,0,7.55152012007146,,,,0.47515581523991146,1219.0
542749205,高潜力首购用户,0.17432969779213467,1,,0.07438836273398389,5019.0,0.0,,
542752071,高潜力首购用户,0.20847252222960622,1,,0.07444087251712547,5016.0,0.0,,
542753594,高潜力首购用户,1.8390329695204024,1,,0.18761992076729375,800.0,1.0,,
542759138,高潜力首购用户,1.1529499076782133,2,,0.15353807440150094,1525.0,1.0,,
542764640,高潜力首购用户,0.824869013742588,1,,0.10805486202580443,3204.0,0.0,,
542764799,高潜力首购用户,1.247628348449895,2,,0.1423177441529497,1856.0,1.0,,
542770682,高潜力首购用户,1.3270272321277905,1,,0.14808930716867155,1682.0,1.0,,
542771343,高潜力首购用户,0.2627940349127805,1,,0.0759774001768994,4918.0,0.0,,
542776343,高潜力首购用户,1.5615010727132923,1,,0.1564538732760181,1455.0,1.0,,
542790364,高潜力首购用户,0.9459880250336767,1,,0.12887502723767255,2352.0,1.0,,
542791184,高潜力首购用户,1.3774564109396408,1,,0.1569929080492888,1440.0,1.0,,
542793640,高潜力首购用户,0.16790951749443284,1,,0.08278802527529248,4542.0,0.0,,
542794615,高潜力首购用户,2.0287353840472595,1,,0.20146857478870214,592.0,1.0,,
542800205,高价值高摩擦用户,-0.28090145562217517,0,6.919777718959354,,,,0.2770041069364417,5951.0
542801368,高潜力首购用户,0.03276071137455563,1,,0.0765036969218337,4891.0,0.0,,
542807682,高潜力首购用户,0.25357064201423907,2,,0.09022628031311337,4150.0,0.0,,
542812297,高潜力首购用户,0.9910299101735829,1,,0.12506618927971877,2492.0,1.0,,
542822958,高潜力首购用户,1.4287188832110154,1,,0.14309930332314766,1826.0,1.0,,
542823686,高潜力首购用户,0.7253717969721812,2,,0.10564103149127095,3317.0,0.0,,
542828071,高潜力首购用户,0.8310297691996787,1,,0.1089808195328041,3156.0,0.0,,
542839092,高价值高摩擦用户,2.02538041933392,0,7.526552406807169,,,,0.5361948161968776,764.0
542845527,高潜力首购用户,0.7475351035897339,1,,0.10607657157226712,3291.0,0.0,,
542912410,高潜力首购用户,2.325487507180366,1,,0.23076424601368056,337.0,1.0,,
542915661,高潜力首购用户,2.3104530556290377,1,,0.23865388111702693,284.0,1.0,,
542916364,高潜力首购用户,1.5978038421789282,1,,0.16421019315240679,1266.0,1.0,,
542939820,高潜力首购用户,0.21339730991267114,1,,0.07638438955673774,4899.0,0.0,,
542948979,高价值高摩擦用户,-0.3388059094299798,0,5.847767371850795,,,,0.41517321361852866,1927.0
542973799,高潜力首购用户,1.4334437061527945,1,,0.15811021811578851,1409.0,1.0,,
542975979,高潜力首购用户,1.4352181054281983,1,,0.14717144507895522,1704.0,1.0,,
542996569,高潜力首购用户,1.3748992919348606,1,,0.1515553161835292,1578.0,1.0,,
543039230,高潜力首购用户,1.1772005535963324,1,,0.14177781644560908,1875.0,1.0,,
543044979,高潜力首购用户,2.6547439814001095,1,,0.2654601579392364,158.0,1.0,,
543052251,高潜力首购用户,1.051462528671295,1,,0.12359649374366953,2545.0,1.0,,
543057276,高价值高摩擦用户,1.4905783735796092,0,8.780449365706192,,,,0.6036071003794393,467.0
543057364,高价值高摩擦用户,2.4351224989696445,3,8.188031013199652,,,,0.5452623555701988,709.0
543085410,高潜力首购用户,0.6669671696076609,1,,0.0948854212396735,3914.0,0.0,,
543092435,高潜力首购用户,1.6231343502989917,1,,0.16469584965173806,1249.0,1.0,,
543093979,高潜力首购用户,0.06759021007846755,1,,0.07396001428304357,5052.0,0.0,,
543095523,高潜力首购用户,1.9954975412775167,2,,0.23754079587163118,294.0,1.0,,
543096887,高价值高摩擦用户,1.1887316903322782,0,7.347913773330379,,,,0.4677824840149392,1295.0
543100046,高潜力首购用户,1.141322373952799,1,,0.1344626889492685,2135.0,1.0,,
543112092,高潜力首购用户,0.96206582857194,1,,0.10989206328157822,3119.0,0.0,,
543137753,高潜力首购用户,0.8215067347972621,1,,0.10931437055584782,3148.0,0.0,,
543165682,高潜力首购用户,0.9490224826983455,2,,0.14086012266562967,1901.0,1.0,,
543166297,高潜力首购用户,0.7775513952004091,1,,0.09716086338226304,3782.0,0.0,,
543169251,高潜力首购用户,0.4607987885595079,1,,0.09174363491617918,4051.0,0.0,,
543176230,高潜力首购用户,0.38585321195828515,1,,0.08523714159357733,4413.0,0.0,,
543179071,高潜力首购用户,1.2204039986034019,1,,0.14390268255460953,1801.0,1.0,,
543184251,高潜力首购用户,0.2976435846675198,1,,0.08207445004020629,4584.0,0.0,,
543185845,高潜力首购用户,1.8645813109893272,1,,0.1873227350542417,804.0,1.0,,
543203569,高潜力首购用户,1.6928572040223127,1,,0.1800487376974562,933.0,1.0,,
543224912,高潜力首购用户,1.398881527582744,1,,0.14977397703898085,1627.0,1.0,,
543227523,高价值高摩擦用户,0.24240484588622246,0,5.7387849016277315,,,,0.25548212752201144,7150.0
543229046,高潜力首购用户,0.6043370069861363,2,,0.09362980495527443,3978.0,0.0,,
543236686,高价值高摩擦用户,2.167739403223964,1,6.329785074586812,,,,0.3967017960738431,2240.0
543267205,高潜力首购用户,1.3287318809824555,1,,0.1477208702454439,1691.0,1.0,,
543273025,高潜力首购用户,1.112616789627551,1,,0.13470408335024342,2128.0,1.0,,
543293322,高价值高摩擦用户,1.9527290608856376,0,6.796099433697726,,,,0.2678148028810605,6437.0
543302523,高价值高摩擦用户,-0.4990170258526246,0,6.131682907047926,,,,0.25447951884410147,7215.0
543307912,高潜力首购用户,2.0414898685970186,4,,0.23942465270153462,281.0,1.0,,
543309297,高潜力首购用户,2.3285518023009,2,,0.24835081046517296,224.0,1.0,,
543327481,高潜力首购用户,0.9423935150608909,1,,0.10758028638110669,3224.0,0.0,,
543330117,高潜力首购用户,0.4390437168892258,1,,0.09197395111021058,4043.0,0.0,,
543335364,高潜力首购用户,1.2402657399173451,1,,0.13033530767397172,2301.0,1.0,,
543336092,高潜力首购用户,0.44470574359066656,1,,0.09320104995653639,3993.0,0.0,,
543348799,高价值高摩擦用户,0.547252432088945,0,5.289377524978562,,,,0.26915054371944264,6364.0
543353682,高价值高摩擦用户,1.8296209141896391,0,6.257901094644451,,,,0.3097456299293214,4562.0
543398887,高潜力首购用户,1.359572398636083,1,,0.13252277464982817,2212.0,1.0,,
543417046,高潜力首购用户,0.9138398555875159,1,,0.11942493125559182,2699.0,1.0,,
543430728,高潜力首购用户,0.866255317071737,1,,0.10983078506993861,3122.0,0.0,,
543431184,高潜力首购用户,0.23286674447346165,1,,0.08393008422457393,4480.0,0.0,,
543432230,高潜力首购用户,0.9109740278590276,3,,0.13575384478616864,2091.0,1.0,,
543433887,高价值高摩擦用户,1.3871757623408827,0,6.719634941711776,,,,0.3380167875553953,3633.0
543435686,高潜力首购用户,1.2866262210987494,2,,0.15768543591508097,1417.0,1.0,,
543448410,高潜力首购用户,1.0117053693346474,1,,0.12132769856112646,2625.0,1.0,,
543450251,高潜力首购用户,0.9865218801215994,2,,0.13356632317321107,2171.0,1.0,,
543483322,高潜力首购用户,1.799096558974652,1,,0.19076887728442155,745.0,1.0,,
543485594,高潜力首购用户,0.5065015194002301,1,,0.09180790284298544,4049.0,0.0,,
543496230,高价值高摩擦用户,1.0566794563656403,1,5.555282466337757,,,,0.3821824772288525,2542.0
543504046,高价值高摩擦用户,0.061220846550794884,0,6.014724426509077,,,,0.25495066189956056,7181.0
543507707,高潜力首购用户,0.12793745321863417,1,,0.0710079379885842,5212.0,0.0,,
543514686,高潜力首购用户,0.3406054051470006,1,,0.09001735116892362,4162.0,0.0,,
543569230,高潜力首购用户,0.8632258474929347,1,,0.11311977154792159,2976.0,0.0,,
543582615,高潜力首购用户,0.49955967924221084,1,,0.09469464386391564,3924.0,0.0,,
543584389,高潜力首购用户,1.6616569418631197,1,,0.1742118945946363,1048.0,1.0,,
543584707,高潜力首购用户,0.28607335737219425,1,,0.0847454825387238,4432.0,0.0,,
543596368,高潜力首购用户,1.152592734399908,1,,0.1491883383589305,1642.0,1.0,,
543603523,高价值高摩擦用户,1.395962694807771,0,6.017697436277743,,,,0.2894358833189475,5409.0
543610912,高价值高摩擦用户,-0.3388059094299798,0,5.8964393266988715,,,,0.3721908792006326,2769.0
543611753,高价值高摩擦用户,1.600731224810575,2,5.427308467630341,,,,0.1578115178594539,14975.0
543611887,高潜力首购用户,1.1307313958674456,1,,0.12743504031263975,2410.0,1.0,,
543623004,高价值高摩擦用户,0.7882926554981887,0,5.489447836775534,,,,0.32235965964230545,4110.0
543628979,高潜力首购用户,0.829394805929543,1,,0.10701871917201605,3253.0,0.0,,
543637251,高潜力首购用户,0.08416204801573758,1,,0.06603642813965976,5379.0,0.0,,
543638640,高潜力首购用户,0.43602211179381006,2,,0.09811442579523555,3727.0,0.0,,
543642845,高潜力首购用户,1.113709606696488,1,,0.12151623284290297,2619.0,1.0,,
543643046,高潜力首购用户,0.6959319573944854,1,,0.09690620163928139,3803.0,0.0,,
543648841,高潜力首购用户,1.5860645159232671,1,,0.16555031802867365,1228.0,1.0,,
543655615,高潜力首购用户,2.006660775131689,1,,0.20199268678596102,584.0,1.0,,
543690071,高潜力首购用户,1.458605932525048,1,,0.15542560847873052,1482.0,1.0,,
543699661,高潜力首购用户,1.6531365315411468,2,,0.18228190561605234,890.0,1.0,,
543703640,高潜力首购用户,0.6902004097827362,1,,0.10877328516962229,3170.0,0.0,,
543704368,高潜力首购用户,0.4350408157994066,1,,0.09572520953675169,3866.0,0.0,,
543712389,高价值高摩擦用户,1.1902285344412762,0,9.072947820376422,,,,0.521143268441654,851.0
543716004,高潜力首购用户,1.5552399412302453,2,,0.19143592535438966,736.0,1.0,,
543720615,高潜力首购用户,1.658075147839405,1,,0.16246860698074875,1315.0,1.0,,
543724527,高潜力首购用户,0.734755658591482,1,,0.10469905046675511,3378.0,0.0,,
543740481,高潜力首购用户,0.4802246843962579,1,,0.08546067501666044,4404.0,0.0,,
543742092,高潜力首购用户,1.14627219486244,2,,0.1453010608487474,1758.0,1.0,,
543751799,高价值高摩擦用户,1.4639360421436045,0,6.963212060681775,,,,0.31044749213460304,4546.0
543761230,高潜力首购用户,1.2303799603216994,1,,0.12892318273764816,2351.0,1.0,,
543767707,高潜力首购用户,0.37532703562816067,1,,0.08572148142724668,4388.0,0.0,,
543773887,高潜力首购用户,1.050595656223108,1,,0.13113139156699663,2268.0,1.0,,
543774163,高潜力首购用户,0.41750089785400535,2,,0.08828811719836424,4243.0,0.0,,
543780958,高价值高摩擦用户,2.555050529711442,0,6.586640510441955,,,,0.31717043219648017,4301.0
543787799,高潜力首购用户,1.2275402322138935,1,,0.1361323073694768,2076.0,1.0,,
543793502,高潜力首购用户,1.0986781618229926,1,,0.12255826846208014,2571.0,1.0,,
543808866,高潜力首购用户,0.6930586066652683,1,,0.10910973180543286,3152.0,0.0,,
543811364,高潜力首购用户,1.2971620778928763,1,,0.13483875098772555,2124.0,1.0,,
543813933,高潜力首购用户,2.3369768363854537,1,,0.25827860307694966,180.0,1.0,,
543817322,高潜力首购用户,0.9428749620814075,1,,0.11969840842612352,2686.0,1.0,,
543837163,高潜力首购用户,2.3793205835584827,3,,0.25328354114514967,203.0,1.0,,
543913728,高潜力首购用户,1.7046520935896403,1,,0.16865870253022477,1158.0,1.0,,
543940820,高潜力首购用户,1.155588179387773,4,,0.16316153642605513,1298.0,1.0,,
543943092,高潜力首购用户,2.5249473449402835,2,,0.2665870239311156,156.0,1.0,,
543955615,高潜力首购用户,0.7055866479001954,1,,0.09068798043957493,4122.0,0.0,,
543956184,高潜力首购用户,0.9884210530763714,1,,0.11915968159891567,2711.0,0.0,,
543962138,高潜力首购用户,2.306087402450386,2,,0.25278462895970105,207.0,1.0,,
543965276,高潜力首购用户,1.8950635549309993,1,,0.19289745820949603,707.0,1.0,,
543974435,高价值高摩擦用户,0.11344191388483714,0,5.869259247641011,,,,0.3018650833334207,4885.0
543981389,高潜力首购用户,0.8763160661405901,1,,0.1068678407874975,3262.0,0.0,,
544001389,高潜力首购用户,1.9102894027368638,2,,0.21261981737256497,476.0,1.0,,
544008004,高潜力首购用户,0.9209420066149526,1,,0.10538863371286686,3329.0,0.0,,
544021025,高潜力首购用户,1.3795971400332128,1,,0.14372104230739252,1810.0,1.0,,
544045866,高潜力首购用户,0.6385219300217305,1,,0.09806151359838977,3733.0,0.0,,
544065979,高潜力首购用户,0.29124478470268367,1,,0.08331630445227045,4515.0,0.0,,
544070548,高价值高摩擦用户,-0.000656661359620799,0,5.545349304710747,,,,0.21842326262789818,9876.0
544074209,高潜力首购用户,0.22804557046685273,1,,0.07764701760082161,4824.0,0.0,,
544075845,高潜力首购用户,2.132714525462094,1,,0.19525362136485724,671.0,1.0,,
544079799,高潜力首购用户,2.6028546025858508,1,,0.26338957860756157,169.0,1.0,,
544083548,高潜力首购用户,1.5439601708767745,1,,0.15561470662621293,1476.0,1.0,,
544085138,高价值高摩擦用户,1.5712780907696888,1,6.138715766013401,,,,0.2917942105870623,5322.0
544090979,高潜力首购用户,2.562469067441123,3,,0.3200105516531793,51.0,1.0,,
544102912,高潜力首购用户,0.6734439309360876,1,,0.11069703991926377,3086.0,0.0,,
544104799,高潜力首购用户,1.4645126315536938,1,,0.14768166053423148,1692.0,1.0,,
544120502,高价值高摩擦用户,1.1780832122335478,0,7.456946635124871,,,,0.3969297875180644,2233.0
544130728,高潜力首购用户,0.9957055470997993,1,,0.12913438694765952,2344.0,1.0,,
544141209,高潜力首购用户,1.0541259785272852,1,,0.1276670499009687,2402.0,1.0,,
544149615,高潜力首购用户,0.6020428371857425,1,,0.0923076567909716,4030.0,0.0,,
544159276,高潜力首购用户,0.7326221434281251,2,,0.11171835226738311,3035.0,0.0,,
544173138,高价值高摩擦用户,1.5335968487253009,0,5.264533049379432,,,,0.2765321971421349,5974.0
544179117,高潜力首购用户,0.13459947191749333,1,,0.07592214333549521,4924.0,0.0,,
544215004,高潜力首购用户,0.6404196478756566,1,,0.10651757320244916,3272.0,0.0,,
544234251,高潜力首购用户,0.09392581800862138,1,,0.07617722428671089,4910.0,0.0,,
544246184,高潜力首购用户,1.2542617586189797,1,,0.14578645120191216,1744.0,1.0,,
544248138,高潜力首购用户,0.3139074288163775,1,,0.08374330151719779,4491.0,0.0,,
544257594,高潜力首购用户,1.9847727742710533,1,,0.20945790863386568,507.0,1.0,,
544264686,高潜力首购用户,0.9569241238436156,1,,0.11717245891315912,2799.0,0.0,,
544268004,高潜力首购用户,1.3177078186495603,1,,0.13552168989293212,2102.0,1.0,,
544277845,高价值高摩擦用户,-0.536083625646076,0,5.961404744386653,,,,0.2401947249648076,8186.0
544297092,高潜力首购用户,1.674652690514618,1,,0.17051925917588312,1116.0,1.0,,
544298456,高潜力首购用户,1.2573913746889123,1,,0.13776893825418146,2012.0,1.0,,
544305799,高潜力首购用户,0.5603779282275912,1,,0.1012087648085115,3573.0,0.0,,
544316753,高价值高摩擦用户,1.9010876120631053,0,6.38937739906296,,,,0.43858262063719805,1630.0
544318251,高潜力首购用户,1.1737481748537044,1,,0.13677204609729993,2047.0,1.0,,
544322527,高潜力首购用户,1.4258460431522064,1,,0.1473305648356152,1700.0,1.0,,
544349569,高潜力首购用户,0.8121036127578263,1,,0.10995402236864846,3118.0,0.0,,
544353799,高价值高摩擦用户,0.652097245797445,1,5.48451473600034,,,,0.23186292460019042,8813.0
544378456,高潜力首购用户,0.5978448520272026,1,,0.09188201846396901,4045.0,0.0,,
544389276,高价值高摩擦用户,1.359547610861003,0,7.959208871912155,,,,0.5076375341329633,948.0
544402251,高潜力首购用户,1.5685317303328796,3,,0.16438672018521494,1260.0,1.0,,
544409774,高潜力首购用户,0.07527639276914873,1,,0.07912826851623474,4744.0,0.0,,
544421389,高潜力首购用户,0.8433629993757222,1,,0.11023534961687673,3103.0,0.0,,
544423527,高价值高摩擦用户,0.08766682470613597,0,5.634366894793032,,,,0.2631814445920689,6687.0
544424527,高潜力首购用户,0.08091815052768926,1,,0.0751223974923842,4969.0,0.0,,
544441163,高价值高摩擦用户,1.7985868518289128,0,5.377609023022448,,,,0.2619576334286703,6756.0
544490276,高潜力首购用户,0.03881656943721697,2,,0.08583886229490205,4382.0,0.0,,
544502845,高潜力首购用户,0.03750432667186394,1,,0.07585441315635144,4928.0,0.0,,
544558774,高潜力首购用户,1.8298878516984072,2,,0.20609532890861945,545.0,1.0,,
544562933,高潜力首购用户,0.4480136907115874,3,,0.1189218872184236,2724.0,0.0,,
544569000,高潜力首购用户,0.6844250481207831,1,,0.08889331544551117,4212.0,0.0,,
544581205,高价值高摩擦用户,1.0115736094782417,0,5.438409689124255,,,,0.32615462593369715,3980.0
544600138,高潜力首购用户,0.07503093641571724,1,,0.07458036391876867,5008.0,0.0,,
544603004,高潜力首购用户,0.7549732693194834,4,,0.14707168964820377,1708.0,1.0,,
544610728,高潜力首购用户,1.0233635264749033,1,,0.1342540048110343,2144.0,1.0,,
544617728,高潜力首购用户,0.7620151182264568,1,,0.11409153792465229,2933.0,0.0,,
544628707,高价值高摩擦用户,1.2559877674044408,0,5.27207605534281,,,,0.3218047910125642,4138.0
544636000,高潜力首购用户,0.9740870218299831,5,,0.16539494899130347,1230.0,1.0,,
544668594,高潜力首购用户,0.15954939945291213,1,,0.07545852776306497,4952.0,0.0,,
544671569,高价值高摩擦用户,1.5814177261498281,0,5.282053829278263,,,,0.36049416066771245,3031.0
544690251,高潜力首购用户,0.3427669501291614,1,,0.07661193703900243,4884.0,0.0,,
544692209,高潜力首购用户,0.483744234373477,1,,0.10575454015688462,3312.0,0.0,,
544692707,高潜力首购用户,2.8831812634577187,1,,0.29962817169931993,74.0,1.0,,
544713661,高潜力首购用户,1.5455189601174624,1,,0.1545165786126354,1499.0,1.0,,
544746004,高潜力首购用户,0.1764730610962099,1,,0.08352725962045976,4502.0,0.0,,
544746615,高价值高摩擦用户,0.3009705178102814,0,5.606366165474155,,,,0.22168506718271516,9634.0
544760071,高潜力首购用户,0.46307815520015,1,,0.09443707503610085,3932.0,0.0,,
544761456,高潜力首购用户,0.34209251443677724,1,,0.08320376525624451,4520.0,0.0,,
544762092,高价值高摩擦用户,2.3681668897581756,0,7.858124956320575,,,,0.6096664436433813,432.0
544769343,高价值高摩擦用户,0.934105328505381,0,6.009507924750325,,,,0.3196001470032143,4211.0
544770527,高价值高摩擦用户,1.4494564249765605,0,5.689345426858432,,,,0.40135222611423593,2151.0
544775410,高潜力首购用户,1.006483852278044,1,,0.11801513407971151,2761.0,0.0,,
544781481,高潜力首购用户,0.9181892106979476,2,,0.1324246324614772,2215.0,1.0,,
544790092,高潜力首购用户,0.3959144477091768,1,,0.09151094136130423,4066.0,0.0,,
544790845,高潜力首购用户,0.21671058574138777,1,,0.07963843100906971,4714.0,0.0,,
544808640,高潜力首购用户,0.6616355774640521,1,,0.09057742502180403,4128.0,0.0,,
544821481,高潜力首购用户,2.308893443382637,1,,0.23184373938190622,332.0,1.0,,
544821979,高潜力首购用户,0.7024542960989425,1,,0.1015322232480628,3554.0,0.0,,
544841364,高潜力首购用户,2.2305675706958126,1,,0.18165948228720638,902.0,1.0,,
544851071,高潜力首购用户,0.46448289198383114,1,,0.08398050539777034,4476.0,0.0,,
544851707,高潜力首购用户,0.5806067016576545,1,,0.09196549318623447,4044.0,0.0,,
544859184,高潜力首购用户,1.7541699381525735,1,,0.16778930942025186,1177.0,1.0,,
544889502,高潜力首购用户,1.8304878375029647,1,,0.18619274678590697,822.0,1.0,,
544910117,高潜力首购用户,1.5164246918552262,2,,0.1762109882887045,1011.0,1.0,,
544914707,高潜力首购用户,1.1654541484996965,1,,0.14480875849220273,1771.0,1.0,,
544920820,高潜力首购用户,0.09703601306130982,1,,0.07649168132262711,4892.0,0.0,,
544966527,高潜力首购用户,1.917870743127554,1,,0.18077563558026655,921.0,1.0,,
544968686,高潜力首购用户,0.971346425759107,1,,0.12266018268488262,2568.0,1.0,,
544974661,高价值高摩擦用户,2.1347688630060646,0,6.087989897384426,,,,0.4331134407634057,1696.0
544995004,高价值高摩擦用户,1.9055792808446117,0,6.23421742972698,,,,0.43407861509323675,1687.0
545002958,高潜力首购用户,0.026362834647703046,1,,0.06714805488440208,5354.0,0.0,,
545004000,高价值高摩擦用户,3.343264022799437,1,7.3963352938008065,,,,0.38741999437942,2426.0
545014322,高潜力首购用户,1.2011721340035624,1,,0.13548467069937178,2105.0,1.0,,
545017594,高潜力首购用户,1.211925691233547,1,,0.1314027891569875,2253.0,1.0,,
545024979,高潜力首购用户,0.43885724377088065,1,,0.08563737743737902,4392.0,0.0,,
545040887,高潜力首购用户,-0.020472276838400912,1,,0.07107070978381747,5204.0,0.0,,
545043205,高潜力首购用户,0.4313802030298514,1,,0.09184434136536355,4047.0,0.0,,
545063004,高价值高摩擦用户,0.5982928021616394,0,5.622319314172629,,,,0.271597838244102,6217.0
545113209,高潜力首购用户,0.11498471084094315,1,,0.07427015932223023,5033.0,0.0,,
545115728,高价值高摩擦用户,-0.4070881901944918,0,7.309506833711649,,,,0.3850355072198919,2479.0
545131251,高价值高摩擦用户,0.880867496646711,1,5.87214595809276,,,,0.29787638438199004,5043.0
545158209,高潜力首购用户,1.079126765067375,3,,0.15060523688276137,1596.0,1.0,,
545227866,高潜力首购用户,1.753887934146712,1,,0.17144985922963127,1093.0,1.0,,
545253297,高潜力首购用户,1.7673583507935413,3,,0.1915567280842221,732.0,1.0,,
545253456,高潜力首购用户,1.417977146775259,2,,0.14706199799799174,1709.0,1.0,,
545281523,高潜力首购用户,0.23415597153583526,2,,0.08831232526042553,4241.0,0.0,,
545285364,高潜力首购用户,1.2098749106102982,1,,0.13384125488446036,2163.0,1.0,,
545285887,高潜力首购用户,0.749864075657119,1,,0.09855835927118152,3699.0,0.0,,
545292364,高潜力首购用户,1.7785950088426938,1,,0.17794699957731355,970.0,1.0,,
545292912,高潜力首购用户,0.37174963698666347,1,,0.0830812523542658,4525.0,0.0,,
545294527,高价值高摩擦用户,0.7657509882482475,0,5.212685946071206,,,,0.21304425857403708,10296.0
545294958,高潜力首购用户,0.8655431913928008,1,,0.10589779065580962,3303.0,0.0,,
545298569,高潜力首购用户,0.9255418465665809,1,,0.11365466075257648,2946.0,0.0,,
545310368,高潜力首购用户,-0.04469001888809898,1,,0.06732500168333819,5349.0,0.0,,
545335774,高潜力首购用户,1.4207968888360625,1,,0.14866077933816138,1660.0,1.0,,
545352979,高潜力首购用户,1.0339665053684748,1,,0.11165911162981272,3039.0,0.0,,
545354343,高价值高摩擦用户,2.736045543970082,0,8.755297796378386,,,,0.7163845547242982,175.0
545358933,高价值高摩擦用户,-0.14578628632400803,0,5.710890486115579,,,,0.32773249239256125,3932.0
545359410,高价值高摩擦用户,0.7106219198417825,0,5.230653968062941,,,,0.2691829510547628,6362.0
545365640,高潜力首购用户,1.4999456488653438,1,,0.1520321718758132,1560.0,1.0,,
545416661,高潜力首购用户,1.460694480252401,1,,0.14889785336704803,1652.0,1.0,,
545431527,高潜力首购用户,1.3457208568197976,1,,0.15289154932654833,1548.0,1.0,,
545490251,高潜力首购用户,0.2998099414705016,1,,0.08244090335412223,4566.0,0.0,,
545492707,高价值高摩擦用户,0.2903073770141867,0,7.140453043101159,,,,0.41796575450906964,1885.0
545497569,高潜力首购用户,1.3334542370574722,1,,0.13949938947274565,1945.0,1.0,,
545511481,高潜力首购用户,1.8796129370418606,1,,0.18870646065308014,780.0,1.0,,
545511686,高潜力首购用户,2.1028952525961953,2,,0.22985221369714265,343.0,1.0,,
545513640,高价值高摩擦用户,0.014657510331333024,0,5.379446663157118,,,,0.22805969204673565,9105.0
545522343,高潜力首购用户,0.3139128706881903,1,,0.08010837924002197,4679.0,0.0,,
545558322,高潜力首购用户,0.9845536569360754,1,,0.12651375717020724,2436.0,1.0,,
545571389,高潜力首购用户,0.5085995359615806,1,,0.09926456806416632,3666.0,0.0,,
545587251,高潜力首购用户,0.6127255814841767,1,,0.0997379233032175,3644.0,0.0,,
545587594,高潜力首购用户,2.223738225822767,1,,0.21219685382592252,484.0,1.0,,
545592594,高潜力首购用户,1.1630360311294023,1,,0.12881456016163084,2357.0,1.0,,
545595682,高潜力首购用户,0.8535746360736965,1,,0.11890157944490551,2726.0,0.0,,
545597502,高潜力首购用户,0.6895736466541603,1,,0.10842291594742716,3187.0,0.0,,
545627728,高潜力首购用户,1.6484050891762951,1,,0.1736913854280368,1056.0,1.0,,
545630025,高潜力首购用户,0.5487867520121346,1,,0.09537927769751413,3887.0,0.0,,
545640368,高潜力首购用户,2.9159229950636103,1,,0.31749970061240973,56.0,1.0,,
545640410,高潜力首购用户,1.0745521428243487,1,,0.12688112956496467,2423.0,1.0,,
545662686,高潜力首购用户,1.3101662687576947,2,,0.16202970629111124,1323.0,1.0,,
545663979,高潜力首购用户,1.1855616746762514,2,,0.1470293590836501,1711.0,1.0,,
545667912,高潜力首购用户,2.751115309203606,1,,0.2767810544700476,129.0,1.0,,
545675799,高潜力首购用户,2.6439907859608582,2,,0.2894981604659754,94.0,1.0,,
545688707,高潜力首购用户,0.5554475289208259,1,,0.09875643160209567,3694.0,0.0,,
545720435,高潜力首购用户,1.270578126046267,1,,0.13449707301648525,2133.0,1.0,,
545757004,高潜力首购用户,1.2338951325875531,1,,0.14200549549880628,1868.0,1.0,,
545775753,高潜力首购用户,2.0141475910673523,3,,0.24182054136332487,265.0,1.0,,
545777527,高潜力首购用户,1.7022111809360967,3,,0.20247736032602687,577.0,1.0,,
545785799,高潜力首购用户,0.2379873033547298,1,,0.0844087258405682,4449.0,0.0,,
545790046,高潜力首购用户,0.8826161070986288,1,,0.11965766246779469,2690.0,1.0,,
545803682,高价值高摩擦用户,0.28067539951796994,2,5.326269701117564,,,,0.16992991804006466,14040.0
545804343,高潜力首购用户,2.370593606766955,1,,0.24526928678990614,241.0,1.0,,
545815523,高价值高摩擦用户,0.19014721536514936,0,6.012981390570232,,,,0.4011432666503464,2158.0
545821322,高潜力首购用户,1.804868182121246,1,,0.17814437327030122,967.0,1.0,,
545828912,高潜力首购用户,1.3291043353520895,1,,0.1528439883918166,1549.0,1.0,,
545835368,高潜力首购用户,1.1664738299508521,2,,0.1307230164128916,2287.0,1.0,,
545837820,高潜力首购用户,0.11195572980005779,2,,0.0784306173182289,4781.0,0.0,,
545838661,高潜力首购用户,0.8623351240661195,1,,0.11605823611317367,2842.0,0.0,,
545840799,高潜力首购用户,0.8259024789882313,1,,0.11260060348962891,3003.0,0.0,,
545852820,高潜力首购用户,2.6002299892016816,2,,0.28406674925884184,105.0,1.0,,
545861841,高价值高摩擦用户,2.7032769062737434,0,7.887810839914177,,,,0.5321926146989259,790.0
545884841,高潜力首购用户,0.8479433898081107,1,,0.12027572382747562,2667.0,1.0,,
545895389,高潜力首购用户,0.34739791289448135,2,,0.10226945767316627,3510.0,0.0,,
545896523,高潜力首购用户,1.092129567502082,1,,0.12086624072085513,2639.0,1.0,,
545907276,高潜力首购用户,-0.002527103528807038,1,,0.06834345200811281,5322.0,0.0,,
545909799,高潜力首购用户,0.10329500636379531,1,,0.0770295551222217,4861.0,0.0,,
545916548,高价值高摩擦用户,0.7587343164724576,0,6.551805072357862,,,,0.35364264829837444,3206.0
545921138,高价值高摩擦用户,0.6797282021707544,0,5.4663059256964885,,,,0.32423673442663875,4036.0
545934205,高价值高摩擦用户,0.9528166508916606,0,6.06692990505006,,,,0.3022589884675498,4855.0
545935527,高潜力首购用户,1.5884330890487421,1,,0.15495785413345933,1489.0,1.0,,
545948728,高价值高摩擦用户,1.903983092652732,0,6.517907581769049,,,,0.41946656055680204,1867.0
545957297,高价值高摩擦用户,1.3483011308306194,0,7.4098226610742275,,,,0.39671360600417493,2239.0
545964548,高潜力首购用户,0.8769256249276637,1,,0.1255678820921013,2474.0,1.0,,
545967686,高价值高摩擦用户,0.4461195642044728,0,7.925049046472659,,,,0.45952336587085085,1385.0
546001799,高潜力首购用户,1.34661706655179,2,,0.16896452747027402,1150.0,1.0,,
546047000,高潜力首购用户,0.6674023412203586,1,,0.10120285622422248,3574.0,0.0,,
546064753,高潜力首购用户,0.6779023218015955,1,,0.08349455690584495,4503.0,0.0,,
546069707,高潜力首购用户,2.0890401279191373,1,,0.20283125506401462,572.0,1.0,,
546095046,高价值高摩擦用户,0.4701839999926482,0,6.546441018609261,,,,0.4135723958808622,1947.0
546106071,高潜力首购用户,0.7124957353955415,1,,0.10219568291215782,3517.0,0.0,,
546107615,高潜力首购用户,1.0430777610242428,1,,0.12111798076078538,2633.0,1.0,,
546153276,高潜力首购用户,0.0692265521278238,1,,0.07409603113842682,5046.0,0.0,,
546156046,高价值高摩擦用户,0.8075863962035453,0,5.967069390273259,,,,0.25429800749028236,7226.0
546233251,高潜力首购用户,0.9799991640458648,1,,0.12222857122431881,2590.0,1.0,,
546248845,高潜力首购用户,0.1928036836338801,1,,0.08094939139824638,4632.0,0.0,,
546255958,高潜力首购用户,0.3710890351771376,1,,0.0930915553125735,3999.0,0.0,,
546277799,高潜力首购用户,0.8242559583421422,1,,0.11078890138037185,3080.0,0.0,,
546287523,高价值高摩擦用户,1.464681060661502,0,5.806188630487592,,,,0.5711695310578551,595.0
546290322,高潜力首购用户,0.2934007214861389,1,,0.08974897137913321,4177.0,0.0,,
546309979,高价值高摩擦用户,0.3720807741949988,0,7.267868919206695,,,,0.2606043866012157,6845.0
546357000,高潜力首购用户,0.2529356960632422,1,,0.07514238470400313,4967.0,0.0,,
546360707,高价值高摩擦用户,1.645308293326769,0,6.194999966496276,,,,0.32111529606701383,4166.0
546371707,高潜力首购用户,1.054126481408269,1,,0.11895988161434917,2722.0,0.0,,
546374502,高潜力首购用户,0.5272354920082788,1,,0.09392588413249671,3964.0,0.0,,
546376025,高潜力首购用户,1.7850630956178974,1,,0.17976326998221684,940.0,1.0,,
546377456,高价值高摩擦用户,1.3714401263055194,0,9.051489413124067,,,,0.480144631646151,1172.0
546406933,高潜力首购用户,1.3591338185461757,1,,0.16745325161156746,1181.0,1.0,,
546415163,高潜力首购用户,1.9043357126385967,3,,0.22547556332053423,371.0,1.0,,
546427887,高潜力首购用户,1.736907993771183,1,,0.16450562302074626,1258.0,1.0,,
546439456,高潜力首购用户,0.956659689786247,1,,0.11158172282788112,3043.0,0.0,,
546448071,高潜力首购用户,0.5641788512898818,1,,0.0887724760765914,4221.0,0.0,,
546457548,高潜力首购用户,-0.03205651267723989,1,,0.07180785413733724,5167.0,0.0,,
546459092,高潜力首购用户,0.15792825685957812,1,,0.07177216304385135,5170.0,0.0,,
546460343,高价值高摩擦用户,0.5559501690970023,0,6.4508214224987785,,,,0.38236229311641473,2532.0
546473163,高潜力首购用户,1.0776917833712412,2,,0.1425743515164847,1841.0,1.0,,
546483046,高潜力首购用户,-0.0329000921977296,1,,0.06603528895612856,5380.0,0.0,,
546492368,高潜力首购用户,0.9041153706324462,1,,0.11831746054940409,2754.0,0.0,,
546501481,高潜力首购用户,0.6704079194633881,1,,0.1033358264055747,3451.0,0.0,,
546513343,高价值高摩擦用户,0.8301604115165556,0,7.144422965516205,,,,0.43967288510742003,1617.0
546516799,高潜力首购用户,-0.06389390725001676,1,,0.06587740599113712,5385.0,0.0,,
546521322,高潜力首购用户,0.6745099377059809,1,,0.10375431119644735,3420.0,0.0,,
546541682,高潜力首购用户,0.8184394273142818,1,,0.12887457451097264,2353.0,1.0,,
546542071,高潜力首购用户,0.97956138770872,1,,0.12215787133867652,2597.0,1.0,,
546546410,高价值高摩擦用户,1.1380343815945606,0,6.339018016597153,,,,0.3372915427148726,3648.0
546568456,高价值高摩擦用户,0.44730855530266095,0,7.301896513358859,,,,0.6043964044923442,461.0
546576958,高潜力首购用户,0.8247872729534653,1,,0.11047820051357742,3094.0,0.0,,
546590799,高潜力首购用户,0.3354916661929607,1,,0.09085551775399744,4108.0,0.0,,
546595389,高潜力首购用户,1.3543141981167743,2,,0.14903341119604788,1648.0,1.0,,
546598523,高潜力首购用户,0.5684954226461322,1,,0.09420623587042759,3947.0,0.0,,
546607138,高潜力首购用户,0.7226598139098903,1,,0.11295363603969574,2985.0,0.0,,
546645046,高价值高摩擦用户,-0.010775680089016563,0,5.461055557720499,,,,0.20676446572111784,10831.0
546660933,高潜力首购用户,0.09692953992630782,1,,0.07643394963891509,4897.0,0.0,,
546665046,高潜力首购用户,0.6746111723294389,1,,0.09308120660333989,4000.0,0.0,,
546666682,高潜力首购用户,1.2263430897443912,1,,0.1347347739166319,2127.0,1.0,,
546669297,高价值高摩擦用户,2.2713307346135876,0,7.4836227063087595,,,,0.4289053307352299,1744.0
546680251,高潜力首购用户,1.0919436330611478,1,,0.13411534644615353,2150.0,1.0,,
546681615,高潜力首购用户,1.361425448822831,1,,0.1499398282459451,1619.0,1.0,,
546683435,高潜力首购用户,1.2285461559120507,1,,0.13023117930382677,2304.0,1.0,,
546684456,高价值高摩擦用户,0.5002801348760427,0,5.446783789687121,,,,0.2250235062955402,9350.0
546684912,高价值高摩擦用户,0.9676340964575729,0,6.853390286109571,,,,0.334111269393295,3731.0
546697163,高价值高摩擦用户,1.2671737607907687,0,8.566383275606997,,,,0.5274663709347495,818.0
546702025,高潜力首购用户,0.3218989283619329,2,,0.09535617129342652,3893.0,0.0,,
546711230,高价值高摩擦用户,1.8450416227368187,0,8.38153382196848,,,,0.6013609496713636,481.0
546713004,高价值高摩擦用户,1.138124770273717,2,6.497351746906647,,,,0.28528384814859853,5590.0
546716276,高价值高摩擦用户,1.6750064799560924,0,9.324453124821883,,,,0.5974809669950808,493.0
546739368,高潜力首购用户,1.096429724141555,1,,0.11669546204812412,2815.0,0.0,,
546743000,高潜力首购用户,1.232056429896649,1,,0.11903795594197907,2717.0,0.0,,
546743523,高价值高摩擦用户,1.6144971041035057,0,5.847767371850795,,,,0.46595579784401475,1312.0
546750117,高潜力首购用户,0.3666434340499167,1,,0.0886025113911153,4231.0,0.0,,
546777841,高潜力首购用户,0.4874772024934096,1,,0.09036816797003408,4145.0,0.0,,
546781163,高价值高摩擦用户,1.4217022320123966,0,7.055028074582999,,,,0.3796001674631008,2594.0
546782799,高潜力首购用户,1.499363191386337,1,,0.15165269719578175,1576.0,1.0,,
546805251,高潜力首购用户,0.49895002587092385,1,,0.08725215381906423,4311.0,0.0,,
546815640,高价值高摩擦用户,1.7146534925414263,0,5.387578987616115,,,,0.30925300053080335,4580.0
546828343,高潜力首购用户,1.8045623643256157,1,,0.19149391515906566,735.0,1.0,,
546842686,高潜力首购用户,1.7009625762048846,1,,0.16884275794382184,1153.0,1.0,,
546862841,高潜力首购用户,0.20431802317183811,1,,0.07288003587109212,5111.0,0.0,,
546863502,高价值高摩擦用户,0.029292625889682553,0,5.873853371682784,,,,0.243177713026244,7973.0
546867000,高价值高摩擦用户,0.5627773751930278,0,5.346035527756133,,,,0.2632614243100457,6680.0
546874297,高价值高摩擦用户,0.682188270033393,0,5.977657162376769,,,,0.3662240888606341,2893.0
546878251,高潜力首购用户,1.0783874257085746,1,,0.12575024480696484,2467.0,1.0,,
546880845,高潜力首购用户,1.067650887246297,1,,0.1314423220655683,2251.0,1.0,,
546882481,高潜力首购用户,2.5610964103105482,1,,0.2731003081146108,139.0,1.0,,
546894686,高潜力首购用户,1.143081016564545,1,,0.13073805187623813,2285.0,1.0,,
546901594,高潜力首购用户,0.41740944557970244,1,,0.08980633953662669,4173.0,0.0,,
546908046,高潜力首购用户,0.8186710734922763,2,,0.10187350044493702,3538.0,0.0,,
546991523,高潜力首购用户,0.22144364870221075,1,,0.07449262166297868,5011.0,0.0,,
546991615,高潜力首购用户,1.4600897318088497,2,,0.1817821228272396,899.0,1.0,,
547021594,高价值高摩擦用户,0.7823622032041618,0,5.362136879260991,,,,0.31236910021405884,4467.0
547021887,高潜力首购用户,0.3041372057540079,2,,0.09538767218344422,3886.0,0.0,,
547028368,高价值高摩擦用户,1.3944889165245105,0,6.943489150933249,,,,0.5278612532127612,816.0
547033205,高潜力首购用户,1.736494962625603,1,,0.17624548117028568,1010.0,1.0,,
547056364,高潜力首购用户,1.359045323203245,1,,0.12926277287031396,2339.0,1.0,,
547056527,高潜力首购用户,0.3381359956851378,1,,0.09018099098084448,4154.0,0.0,,
547064364,高潜力首购用户,1.5452194158518644,1,,0.16118404086416907,1338.0,1.0,,
547082004,高潜力首购用户,1.2095171892660712,1,,0.13329678624789254,2180.0,1.0,,
547084481,高潜力首购用户,1.0660685991517802,1,,0.12207371256911181,2601.0,1.0,,
547092615,高价值高摩擦用户,0.8716424691964093,0,8.040833404531524,,,,0.4005022703207998,2169.0
547104640,高潜力首购用户,0.6264432349398367,1,,0.10150196945128177,3555.0,0.0,,
547112958,高潜力首购用户,0.5343435873267269,1,,0.10645614058139814,3274.0,0.0,,
547113502,高潜力首购用户,0.2557397056817254,1,,0.08008649662352753,4681.0,0.0,,
547123184,高潜力首购用户,1.3239546834709761,1,,0.1386740217449234,1974.0,1.0,,
547127728,高潜力首购用户,0.8426138138728972,1,,0.11959357995725753,2693.0,1.0,,
547127753,高潜力首购用户,0.4391100986460951,1,,0.09615320162320441,3841.0,0.0,,
547145205,高价值高摩擦用户,1.770710125611423,0,8.858456788259291,,,,0.5417806209008602,726.0
547145435,高潜力首购用户,2.4757915287719054,1,,0.2419928100676909,263.0,1.0,,
547157481,高潜力首购用户,0.024635677494763256,1,,0.0704707631475348,5239.0,0.0,,
547172117,高潜力首购用户,1.3298390742570836,1,,0.14345614630923495,1818.0,1.0,,
547174205,高价值高摩擦用户,2.312898669559304,0,10.087058328730516,,,,0.7237279984087398,161.0
547179527,高潜力首购用户,1.1625180626159117,1,,0.1470096748186,1712.0,1.0,,
547180410,高价值高摩擦用户,0.9101153708241831,0,8.74244970884445,,,,0.5122924171150449,921.0
547207527,高潜力首购用户,1.6384230219125913,1,,0.15475277441573926,1493.0,1.0,,
547211548,高潜力首购用户,0.34729368718325854,1,,0.09602619658279815,3847.0,0.0,,
547287230,高价值高摩擦用户,0.9498310069751842,0,6.39692013136127,,,,0.3414919813306856,3529.0
547305205,高潜力首购用户,0.17465406567905972,1,,0.07674632844569933,4876.0,0.0,,
547311820,高潜力首购用户,0.25343125923902515,1,,0.0772113896915561,4852.0,0.0,,
547318071,高价值高摩擦用户,1.2871679011998758,1,6.465569130932835,,,,0.24504867099021216,7846.0
547345025,高潜力首购用户,0.19683151079303798,1,,0.08131350552807302,4614.0,0.0,,
547361594,高潜力首购用户,0.38280478981232285,1,,0.0843189091875802,4456.0,0.0,,
547366071,高潜力首购用户,0.06712284146673968,1,,0.07841081230422207,4783.0,0.0,,
547367276,高潜力首购用户,0.41674494278703295,1,,0.08974049513972963,4179.0,0.0,,
547370435,高潜力首购用户,0.2818237100552997,1,,0.07728736483849095,4845.0,0.0,,
547370753,高潜力首购用户,1.2816855649180774,1,,0.14068177152578046,1909.0,1.0,,
547374251,高价值高摩擦用户,-0.000305555888599406,0,9.151017028130202,,,,0.5018288394116808,999.0
547375845,高潜力首购用户,-0.03450980023310701,1,,0.0681043093074228,5329.0,0.0,,
547376322,高价值高摩擦用户,2.0629315738510456,0,10.311418190155512,,,,0.7541116888438129,117.0
547377092,高潜力首购用户,1.7941159754765366,1,,0.18021621260556872,930.0,1.0,,
547383912,高潜力首购用户,1.9437107170163779,1,,0.18600004341967954,825.0,1.0,,
547385343,高潜力首购用户,1.3937598721729743,1,,0.14561096221114453,1750.0,1.0,,
547387389,高潜力首购用户,1.3298288901664688,2,,0.15880595782272774,1392.0,1.0,,
547390527,高潜力首购用户,1.4848031414843217,1,,0.15445028238031228,1502.0,1.0,,
547393000,高潜力首购用户,1.7744734330556469,1,,0.17422474721661427,1047.0,1.0,,
547400887,高潜力首购用户,2.448024446906772,1,,0.24687006468029174,229.0,1.0,,
547406230,高价值高摩擦用户,2.0061527228316396,0,8.082056936356098,,,,0.6107613949447789,424.0
547407117,高价值高摩擦用户,1.145727931606735,1,5.95521541443286,,,,0.2949775299922048,5184.0
547417527,高潜力首购用户,1.2361220575041847,1,,0.13830485429846973,1992.0,1.0,,
547418933,高潜力首购用户,0.12315758617939837,1,,0.07488452652507908,4986.0,0.0,,
547420481,高潜力首购用户,0.3308772729282587,1,,0.08417397647042246,4463.0,0.0,,
547425707,高潜力首购用户,0.28299081499285245,1,,0.07524144172761416,4964.0,0.0,,
547434682,高价值高摩擦用户,0.19086315687063068,0,7.5913166622384844,,,,0.40637630893728277,2064.0
547454364,高潜力首购用户,0.0605057146457989,1,,0.0778329311359877,4814.0,0.0,,
547489297,高潜力首购用户,1.5255812765163477,1,,0.1486081474359285,1661.0,1.0,,
547500410,高潜力首购用户,0.5675999933510597,1,,0.10584742592583966,3306.0,0.0,,
547501615,高潜力首购用户,-0.006790301243271994,1,,0.06727573727311255,5351.0,0.0,,
547517774,高潜力首购用户,0.37814176925487947,1,,0.09172558636121923,4055.0,0.0,,
547525205,高潜力首购用户,1.77913814786137,1,,0.17254394164313636,1074.0,1.0,,
547530410,高潜力首购用户,0.36317520636727924,1,,0.08724275102424424,4312.0,0.0,,
547531958,高潜力首购用户,0.4606935134174848,1,,0.09073076441366748,4117.0,0.0,,
547547343,高潜力首购用户,0.8130568711943106,1,,0.10368504786275255,3427.0,0.0,,
547562820,高价值高摩擦用户,0.5356270786973191,0,6.543750681499423,,,,0.2892101950187077,5421.0
547566343,高价值高摩擦用户,1.1410469021276688,0,8.746097716408984,,,,0.5200516001588388,859.0
547570205,高潜力首购用户,1.4426053688221783,1,,0.14381811896145577,1805.0,1.0,,
547578368,高潜力首购用户,1.0822565247851197,1,,0.13768146957622943,2015.0,1.0,,
547582410,高潜力首购用户,1.2312926464847667,1,,0.12471289085797178,2507.0,1.0,,
547591661,高潜力首购用户,2.965869258066616,3,,0.35845352398417113,24.0,1.0,,
547611887,高潜力首购用户,1.0969640669090668,1,,0.12665855116005564,2431.0,1.0,,
547623866,高潜力首购用户,0.22843733745890457,1,,0.07768104757946574,4821.0,0.0,,
547633933,高潜力首购用户,1.8197468794164582,1,,0.17918658072239707,946.0,1.0,,
547650887,高价值高摩擦用户,0.5648838449469517,0,5.582133151001991,,,,0.2881766742453169,5461.0
547654615,高潜力首购用户,1.942926047315358,2,,0.2191195011172553,422.0,1.0,,
547668205,高潜力首购用户,0.21952264877931635,1,,0.07988872679220592,4689.0,0.0,,
547674004,高潜力首购用户,-0.05262962132025262,1,,0.06853896327651679,5313.0,0.0,,
547674046,高价值高摩擦用户,1.285848282450547,0,5.72106559077876,,,,0.31914492354568325,4232.0
547677481,高潜力首购用户,0.6328777416446886,2,,0.10788946191416181,3213.0,0.0,,
547678958,高潜力首购用户,1.673952904536855,1,,0.1769205270214892,998.0,1.0,,
547686184,高潜力首购用户,1.2164946281382447,1,,0.13876836926870206,1969.0,1.0,,
547690071,高潜力首购用户,0.45463326008223975,1,,0.09112254587991474,4089.0,0.0,,
547700092,高价值高摩擦用户,0.8104567011069842,0,5.571279124843107,,,,0.25145334594783003,7416.0
547709753,高价值高摩擦用户,0.9360630504970925,2,8.149531125373732,,,,0.5217876680769541,846.0
547713523,高潜力首购用户,0.2622226834921582,1,,0.07797439109979243,4807.0,0.0,,
547729958,高潜力首购用户,2.1851542855274784,1,,0.21884401977959445,427.0,1.0,,
547737368,高潜力首购用户,0.40036545561025444,1,,0.09756602161610821,3754.0,0.0,,
547737456,高潜力首购用户,1.5009861791254002,1,,0.15044672259287228,1604.0,1.0,,
547739640,高潜力首购用户,0.05929553458696474,1,,0.06672286607180045,5363.0,0.0,,
547751322,高潜力首购用户,0.16669400064379847,1,,0.07417132697386514,5041.0,0.0,,
547757343,高潜力首购用户,0.3296164437549495,1,,0.08405618991294529,4470.0,0.0,,
547758389,高价值高摩擦用户,0.42465108488064723,1,6.500736965274417,,,,0.3807421017970424,2580.0
547762527,高潜力首购用户,2.420719445111471,1,,0.2327417888194881,326.0,1.0,,
547769841,高潜力首购用户,0.16184989308684614,1,,0.07820046251524482,4792.0,0.0,,
547785527,高潜力首购用户,1.5829237162776995,1,,0.15361445965214393,1522.0,1.0,,
547794845,高潜力首购用户,0.6157356044147915,1,,0.10059976064587996,3602.0,0.0,,
547800138,高潜力首购用户,0.31054183460152085,1,,0.08512098565526657,4419.0,0.0,,
547802117,高价值高摩擦用户,2.0245871871540952,0,6.311380844518453,,,,0.47062457444096617,1269.0
547809251,高潜力首购用户,1.0692971830627158,1,,0.1320197779092308,2236.0,1.0,,
547817841,高潜力首购用户,0.37508314225072475,1,,0.08630671476969878,4363.0,0.0,,
547825209,高价值高摩擦用户,-0.3662130932267307,0,6.736011578878097,,,,0.24164854747644393,8082.0
547834435,高潜力首购用户,2.4917683567479583,3,,0.2806185189233271,115.0,1.0,,
547838163,高潜力首购用户,0.7413291654820814,1,,0.10126323609538392,3565.0,0.0,,
547844523,高潜力首购用户,-0.014483309192883135,1,,0.07255310370662742,5131.0,0.0,,
547845569,高潜力首购用户,1.4340416212325915,1,,0.15168453857974448,1574.0,1.0,,
547846025,高潜力首购用户,0.5827774852313169,1,,0.09735649532659069,3767.0,0.0,,
547854138,高价值高摩擦用户,1.8763935875631457,1,5.211338456563816,,,,0.22949069335897898,8983.0
547869682,高价值高摩擦用户,1.6725304366096037,0,5.3458209891920045,,,,0.33266488674715045,3775.0
547870548,高潜力首购用户,1.645810537099865,1,,0.1668412509735519,1197.0,1.0,,
547874410,高潜力首购用户,0.0743500796761087,1,,0.07371897059175571,5061.0,0.0,,
547882000,高潜力首购用户,0.7108024699410532,1,,0.10018918000849963,3623.0,0.0,,
547889799,高潜力首购用户,1.665218704897173,1,,0.16750320069995897,1179.0,1.0,,
547893456,高潜力首购用户,0.49389730668395115,1,,0.09054145070235248,4131.0,0.0,,
547927707,高潜力首购用户,1.3313487584812798,1,,0.13853302986387914,1979.0,1.0,,
547930163,高潜力首购用户,0.16950996973144605,1,,0.07440615550020802,5018.0,0.0,,
547947389,高价值高摩擦用户,2.229235874849551,0,9.86915456297692,,,,0.619109504209154,399.0
547973389,高潜力首购用户,0.2669026576518071,1,,0.07643658312437485,4895.0,0.0,,
547984410,高价值高摩擦用户,0.6179592187935031,0,5.6501941510418145,,,,0.20566250468458336,10919.0
547994410,高潜力首购用户,0.5211889034580969,1,,0.09803083146710928,3737.0,0.0,,
548010820,高潜力首购用户,1.8610886157675985,1,,0.19001389630060087,755.0,1.0,,
548012163,高潜力首购用户,0.8438485080228979,1,,0.11479347162866395,2902.0,0.0,,
548012364,高潜力首购用户,0.957759105762975,1,,0.11828499953873957,2756.0,0.0,,
548014004,高潜力首购用户,1.1714735821916216,1,,0.13303047798948295,2191.0,1.0,,
548023004,高潜力首购用户,0.5412080843583525,3,,0.11908275213382931,2715.0,0.0,,
548026276,高潜力首购用户,0.12007156035110116,1,,0.07462569242527291,5004.0,0.0,,
548045092,高潜力首购用户,0.35542426220580864,1,,0.08444528701912304,4446.0,0.0,,
548051071,高潜力首购用户,1.1441797510273777,2,,0.1559350596310048,1467.0,1.0,,
548052866,高潜力首购用户,1.0107258551179887,1,,0.12204899420377006,2602.0,1.0,,
548060502,高潜力首购用户,0.9618391179029263,1,,0.11747357346591918,2785.0,0.0,,
548066004,高潜力首购用户,1.551281443005189,1,,0.1645638928373682,1257.0,1.0,,
548098481,高潜力首购用户,0.26132276918466674,1,,0.08735000083251475,4305.0,0.0,,
548101456,高潜力首购用户,0.7687798900494474,1,,0.10597222924472752,3297.0,0.0,,
548118502,高价值高摩擦用户,1.2753757731371067,0,6.150456870697896,,,,0.2755623213955648,6027.0
548121184,高潜力首购用户,0.6770790949935993,1,,0.09887690901347247,3687.0,0.0,,
548124502,高潜力首购用户,0.5766359677993123,1,,0.09965784032888808,3649.0,0.0,,
548130640,高潜力首购用户,1.3977405357984065,1,,0.1508977727856341,1590.0,1.0,,
548130887,高潜力首购用户,1.1311160503993283,1,,0.11951261945429342,2697.0,1.0,,
548142728,高潜力首购用户,0.8340364981885108,3,,0.13662526074269085,2051.0,1.0,,
548148933,高潜力首购用户,0.7452026640088953,1,,0.10062570780170044,3599.0,0.0,,
548184138,高潜力首购用户,0.7766073183571921,1,,0.10761591707807149,3222.0,0.0,,
548199979,高潜力首购用户,1.4629754530182444,1,,0.14815126169499826,1680.0,1.0,,
548211707,高潜力首购用户,0.13744420692430023,2,,0.07646092495686577,4894.0,0.0,,
548216364,高潜力首购用户,0.31073093883844255,1,,0.07982450456235667,4697.0,0.0,,
548231297,高潜力首购用户,1.9116577605511385,1,,0.19573394928145868,658.0,1.0,,
548243548,高潜力首购用户,1.131052881450303,1,,0.12684294916247227,2425.0,1.0,,
548247410,高潜力首购用户,0.46434679247950167,1,,0.091096900122728,4092.0,0.0,,
548335025,高潜力首购用户,0.9544635188880916,1,,0.11894504335878875,2723.0,0.0,,
548339163,高潜力首购用户,0.7056507371665061,2,,0.12126862516604783,2628.0,1.0,,
548365912,高潜力首购用户,1.8903691974578025,1,,0.17386742032428018,1053.0,1.0,,
548367046,高价值高摩擦用户,1.6744691582031654,0,7.120439521936102,,,,0.6033821907731454,469.0
548400753,高潜力首购用户,1.2282716933225861,1,,0.1472132580293213,1703.0,1.0,,
548410866,高价值高摩擦用户,0.3250381405287114,0,5.581049709273904,,,,0.2895212583220184,5402.0
548411615,高潜力首购用户,0.39486706311591613,1,,0.08529555153052648,4410.0,0.0,,
548420163,高潜力首购用户,0.9574794710697273,1,,0.12086205636617106,2640.0,1.0,,
548420933,高潜力首购用户,0.7728457623540216,1,,0.09660137042865297,3818.0,0.0,,
548437025,高潜力首购用户,0.8560805869277134,1,,0.11060794956669792,3090.0,0.0,,
548445092,高潜力首购用户,0.43008339815855307,1,,0.09112257294562874,4088.0,0.0,,
548456410,高潜力首购用户,0.5461721545957056,1,,0.0963919346075979,3826.0,0.0,,
548470707,高潜力首购用户,0.5880208109777807,1,,0.09708009953706588,3789.0,0.0,,
548485481,高价值高摩擦用户,0.6338302833088508,0,8.29815619664482,,,,0.3957949145030296,2256.0
548494410,高潜力首购用户,0.14716705277721617,1,,0.07367240027518421,5063.0,0.0,,
548500435,高潜力首购用户,0.5361823841882719,1,,0.09091540385451402,4100.0,0.0,,
548506728,高价值高摩擦用户,1.4462044155744964,0,6.040001932078697,,,,0.30853990274432874,4626.0
548509774,高潜力首购用户,0.5430540898263136,1,,0.0960631072679229,3844.0,0.0,,
548517138,高潜力首购用户,0.011251573231859102,1,,0.07171164680836777,5175.0,0.0,,
548550958,高潜力首购用户,0.37593894662008304,2,,0.09421758493085261,3944.0,0.0,,
548551184,高潜力首购用户,3.7070992729764414,1,,0.4097390398203977,10.0,1.0,,
548554866,高潜力首购用户,2.313331511630546,1,,0.20856045168969362,519.0,1.0,,
548560117,高价值高摩擦用户,2.7262151375783774,0,6.033934025885737,,,,0.34595786548574037,3411.0
548566481,高潜力首购用户,0.8731436249508994,2,,0.12639293857057032,2443.0,1.0,,
548580753,高潜力首购用户,0.38370298709472594,1,,0.09580142113993523,3858.0,0.0,,
548587753,高潜力首购用户,0.16559149494974193,1,,0.07597126883333719,4921.0,0.0,,
548590251,高潜力首购用户,0.8415528693142692,1,,0.10855885456309443,3178.0,0.0,,
548622230,高潜力首购用户,0.5915299077707216,1,,0.09745373159131752,3760.0,0.0,,
548682389,高潜力首购用户,1.036946747049964,1,,0.11349132841593769,2957.0,0.0,,
548689364,高潜力首购用户,0.8163786074099838,1,,0.09926894406634441,3665.0,0.0,,
548695845,高潜力首购用户,0.3745563108299512,1,,0.07931016200726418,4734.0,0.0,,
548698025,高价值高摩擦用户,0.39518481133405214,0,5.243016050762947,,,,0.22143384616897704,9648.0
548712523,高价值高摩擦用户,0.21372406893375595,0,7.486109947808206,,,,0.24947702843772343,7543.0
548715205,高潜力首购用户,1.0531436791136717,1,,0.11139286864616063,3055.0,0.0,,
548716502,高潜力首购用户,-0.062372553197008185,1,,0.0631677637724688,5403.0,0.0,,
548721251,高潜力首购用户,0.04650403180504877,1,,0.07222772471829493,5149.0,0.0,,
548726640,高价值高摩擦用户,1.1689782328994485,0,5.7105353799561716,,,,0.309025498436638,4591.0
548730615,高价值高摩擦用户,0.8939351519774542,0,6.124863899765613,,,,0.36498916279067006,2921.0
548745000,高潜力首购用户,0.45463326008223975,1,,0.09112254587991474,4089.0,0.0,,
548771368,高潜力首购用户,0.7145461497739758,1,,0.09725052869841204,3772.0,0.0,,
548774887,高潜力首购用户,1.6830956381634472,1,,0.16596646365436288,1213.0,1.0,,
548775841,高潜力首购用户,0.8648370702485503,1,,0.12033981013925761,2666.0,1.0,,
548780025,高潜力首购用户,0.32665499651209956,1,,0.08125441824026292,4619.0,0.0,,
548787364,高潜力首购用户,0.6147905362340355,1,,0.0976531120475833,3751.0,0.0,,
548810661,高潜力首购用户,1.91088220593121,1,,0.17761926870191744,977.0,1.0,,
548824092,高潜力首购用户,0.32283635015901063,1,,0.08826785864739646,4245.0,0.0,,
548824933,高潜力首购用户,2.854048042441027,4,,0.3684504333111353,20.0,1.0,,
548828389,高价值高摩擦用户,-0.39663791479885013,0,5.575873342700809,,,,0.36457949261430606,2927.0
548835276,高潜力首购用户,-0.030413607125471216,1,,0.06842023057795978,5318.0,0.0,,
548843368,高潜力首购用户,2.3145609885884664,1,,0.23505051128240306,314.0,1.0,,
548860004,高潜力首购用户,0.6892049758846875,1,,0.0933692115091241,3986.0,0.0,,
548872887,高潜力首购用户,0.2713152646331425,1,,0.08336768167173035,4511.0,0.0,,
548888774,高价值高摩擦用户,1.7586648687188493,0,7.428942040297777,,,,0.43018120246133384,1727.0
548907230,高潜力首购用户,0.17297820414821183,1,,0.07504197858704349,4974.0,0.0,,
548912322,高潜力首购用户,0.36943781206246934,1,,0.0890570480721551,4206.0,0.0,,
548930092,高潜力首购用户,1.8362877756703433,1,,0.16618824438208407,1211.0,1.0,,
548933502,高潜力首购用户,0.7400685824994202,1,,0.104819654265361,3370.0,0.0,,
548935410,高潜力首购用户,0.4304714353439458,1,,0.08440456280654116,4451.0,0.0,,
548941276,高价值高摩擦用户,2.5319570199233365,1,5.939644798378186,,,,0.3153826691194614,4363.0
549032845,高潜力首购用户,0.5657286242951091,1,,0.09212987659932256,4037.0,0.0,,
549036686,高潜力首购用户,2.847933592573644,4,,0.3582403978107089,25.0,1.0,,
549038000,高潜力首购用户,1.5672359948678378,1,,0.16376627908386532,1285.0,1.0,,
549040322,高潜力首购用户,1.0920507858645354,1,,0.12169666073556833,2613.0,1.0,,
549066276,高价值高摩擦用户,0.3978363494933326,0,5.210974116312755,,,,0.19422109773045346,11902.0
549069728,高潜力首购用户,1.031870088133948,2,,0.14008299128549176,1926.0,1.0,,
549090799,高价值高摩擦用户,-0.002800467826457704,0,6.389837901402389,,,,0.19004331948332986,12272.0
549090912,高价值高摩擦用户,1.4359959931185233,0,5.601048137201335,,,,0.23928176345199104,8243.0
549092205,高潜力首购用户,1.157205024019898,2,,0.14033781311875035,1918.0,1.0,,
549100820,高潜力首购用户,-0.02996882156179287,1,,0.06629745348385917,5373.0,0.0,,
549113887,高价值高摩擦用户,0.5817479384137131,0,5.867643003806572,,,,0.21882267452764395,9848.0
549134481,高潜力首购用户,0.6807782157579539,1,,0.09872039272646563,3695.0,0.0,,
549139230,高价值高摩擦用户,0.8116723151237597,0,5.698082929730878,,,,0.31128264679862094,4507.0
549143389,高价值高摩擦用户,2.2482674859933502,1,8.709012006144293,,,,0.5397574492379756,741.0
549164912,高价值高摩擦用户,-0.10113992954665217,0,5.361085571600379,,,,0.23732272687087888,8392.0
549194728,高潜力首购用户,1.3267206409049812,1,,0.14306666456868436,1829.0,1.0,,
549203000,高价值高摩擦用户,2.2215664334531557,0,8.549176941649405,,,,0.5773629065128598,572.0
549216251,高潜力首购用户,1.0878793336537562,1,,0.12544497055452072,2480.0,1.0,,
549216707,高价值高摩擦用户,0.5856514098210263,0,6.680494931947715,,,,0.32869754001675916,3901.0
549218410,高潜力首购用户,-0.02044487801425841,1,,0.06701594702830478,5358.0,0.0,,
549225456,高潜力首购用户,1.180422122691156,1,,0.12837399952294437,2374.0,1.0,,
549232502,高价值高摩擦用户,1.2356136642459619,1,9.419888077213933,,,,0.5237286873843001,829.0
549324728,高潜力首购用户,0.6349337706558318,1,,0.09775246455152375,3749.0,0.0,,
549329682,高潜力首购用户,1.7311621332676423,1,,0.15666561605680357,1449.0,1.0,,
549342958,高潜力首购用户,1.4011084644713225,1,,0.15296056665719915,1547.0,1.0,,
549346322,高潜力首购用户,0.7678361805370552,1,,0.09819042480908936,3723.0,0.0,,
549347527,高潜力首购用户,0.043083477267613544,1,,0.07633003351158883,4901.0,0.0,,
549352435,高价值高摩擦用户,0.5821587764816382,1,6.854628726255559,,,,0.2801219771021919,5821.0
549363251,高潜力首购用户,1.2282183287740938,1,,0.1324686708750517,2213.0,1.0,,
549386456,高潜力首购用户,1.7707524385974966,1,,0.18551918301306733,832.0,1.0,,
549397117,高潜力首购用户,1.221508365504045,1,,0.13383833133698989,2164.0,1.0,,
549402297,高潜力首购用户,0.8900556050955427,1,,0.10482695551061186,3368.0,0.0,,
549417251,高潜力首购用户,1.243825359698753,1,,0.11938774175788582,2703.0,1.0,,
549422138,高潜力首购用户,2.1237816253779775,1,,0.2066199457998985,542.0,1.0,,
549423322,高价值高摩擦用户,1.5194209751614254,0,7.022520432075102,,,,0.4666621868156624,1306.0
549432866,高价值高摩擦用户,0.7838165871682063,0,6.329560464845293,,,,0.33252379913837393,3778.0
549442435,高潜力首购用户,0.30840569955453373,1,,0.08686971526200202,4332.0,0.0,,
549449728,高潜力首购用户,0.5007633772786645,1,,0.09300951823334296,4005.0,0.0,,
549452661,高潜力首购用户,0.8575727056571064,1,,0.10471776822211687,3377.0,0.0,,
549463184,高潜力首购用户,0.6837641622708098,1,,0.10484618240111862,3365.0,0.0,,
549473686,高潜力首购用户,1.8442582513091725,1,,0.17725590700111865,986.0,1.0,,
549497138,高潜力首购用户,0.3589077175901689,1,,0.08897213295642457,4208.0,0.0,,
549503799,高潜力首购用户,2.263479242606966,2,,0.2535041715180446,202.0,1.0,,
549505230,高潜力首购用户,0.7078196432459185,1,,0.10478990027167431,3372.0,0.0,,
549507343,高潜力首购用户,-0.0031550905273659926,1,,0.07055736336041678,5236.0,0.0,,
549530912,高潜力首购用户,1.7430529738542593,1,,0.17209802917800923,1083.0,1.0,,
549547163,高潜力首购用户,2.234439058049228,1,,0.22870480143434194,350.0,1.0,,
549554502,高潜力首购用户,0.41030616549828886,1,,0.09718488891469278,3778.0,0.0,,
549576046,高潜力首购用户,0.2901920687007706,3,,0.09240820263601578,4027.0,0.0,,
549576820,高价值高摩擦用户,1.4029068236431586,1,5.721158412645476,,,,0.3209143751030018,4172.0
549581682,高潜力首购用户,0.971036794004275,1,,0.12471350106479083,2506.0,1.0,,
549662615,高价值高摩擦用户,1.5012989121459892,0,8.332476769220008,,,,0.6065439874022063,455.0
549711866,高价值高摩擦用户,0.4395520730629887,0,8.989913128156202,,,,0.5283695485111621,814.0
549717209,高潜力首购用户,-0.043243746743650634,1,,0.07024106287505155,5251.0,0.0,,
549740297,高潜力首购用户,0.20295053343058056,1,,0.07724752465129803,4847.0,0.0,,
549743523,高潜力首购用户,0.10390721419952444,1,,0.07703339054962757,4860.0,0.0,,
549746527,高价值高摩擦用户,0.9905287036797938,0,6.780906959339401,,,,0.40801018316967974,2039.0
549788682,高潜力首购用户,1.3669171236384592,1,,0.1528254477847536,1550.0,1.0,,
549795502,高潜力首购用户,1.3368021894253708,1,,0.14442135283450255,1784.0,1.0,,
549866276,高潜力首购用户,1.1990480205686234,1,,0.13212003039252115,2233.0,1.0,,
549870343,高潜力首购用户,0.27180804052898205,1,,0.0837957033440727,4489.0,0.0,,
549902481,高潜力首购用户,0.9305614069181463,1,,0.123091126987691,2560.0,1.0,,
549934820,高潜力首购用户,0.4708491405574238,1,,0.09270630347936759,4019.0,0.0,,
549938276,高潜力首购用户,0.00538020548337088,1,,0.0689565136456754,5294.0,0.0,,
549945209,高价值高摩擦用户,0.3765291056010394,0,5.259340260083873,,,,0.24544814858700587,7813.0
549955523,高潜力首购用户,0.34177115974264966,1,,0.08035360448866756,4667.0,0.0,,
549976686,高潜力首购用户,0.339040733371712,1,,0.08611168701081705,4369.0,0.0,,
549994205,高潜力首购用户,0.10201170321512538,1,,0.07312738578843078,5097.0,0.0,,
549995209,高价值高摩擦用户,1.0469559138034594,0,6.95381672358031,,,,0.3856894160111277,2464.0
550001389,高潜力首购用户,0.7159947006065872,1,,0.11555917618087737,2873.0,0.0,,
550009728,高潜力首购用户,0.4619252205420319,1,,0.09437127820176285,3935.0,0.0,,
550022527,高价值高摩擦用户,1.6853646105158748,1,7.5191065492399,,,,0.3886231339608214,2406.0
550025682,高潜力首购用户,2.5872471252066274,1,,0.25608717131299646,189.0,1.0,,
550040343,高潜力首购用户,1.3124156951563946,1,,0.14586790282159678,1741.0,1.0,,
550041820,高潜力首购用户,1.14966936952201,2,,0.15199814295448852,1563.0,1.0,,
550069230,高潜力首购用户,0.00538020548337088,1,,0.0689565136456754,5294.0,0.0,,
550085502,高潜力首购用户,0.2576492005783471,1,,0.0709291295097534,5220.0,0.0,,
550116686,高潜力首购用户,0.7792573575398644,1,,0.11617411288997388,2837.0,0.0,,
550157707,高潜力首购用户,0.047821390643017804,1,,0.07233484481499805,5144.0,0.0,,
550194276,高潜力首购用户,0.9971112241471687,1,,0.1263314338366211,2446.0,1.0,,
550197322,高价值高摩擦用户,0.4648232392138338,0,5.847767371850795,,,,0.32337188704862907,4068.0
550214594,高价值高摩擦用户,0.4721391955685508,0,5.210974116312755,,,,0.21369129581023608,10235.0
550256912,高价值高摩擦用户,1.0256209527410107,0,6.152605026980458,,,,0.4216842560820147,1840.0
550258527,高潜力首购用户,0.6317181115906325,1,,0.10095482296521052,3585.0,0.0,,
550287707,高潜力首购用户,0.41018055291907585,1,,0.08450790021584442,4441.0,0.0,,
550292841,高潜力首购用户,0.21260036301283344,1,,0.08007090509395386,4682.0,0.0,,
550304682,高潜力首购用户,1.7728257404649412,2,,0.20813385218398173,524.0,1.0,,
550311000,高潜力首购用户,0.6823154876806853,1,,0.10468142519703628,3380.0,0.0,,
550314456,高价值高摩擦用户,1.3321149286286804,0,9.05069163326273,,,,0.5823872297171689,548.0
550331686,高潜力首购用户,2.856337966861504,1,,0.28165463608530344,113.0,1.0,,
550335138,高潜力首购用户,0.295883698396094,1,,0.08696544135985722,4329.0,0.0,,
550337774,高潜力首购用户,1.1180355193854885,1,,0.12376663898331276,2539.0,1.0,,
550344661,高潜力首购用户,0.5462241911573619,1,,0.09017061325602921,4155.0,0.0,,
550351435,高潜力首购用户,1.6761708919943732,1,,0.16395633355892147,1278.0,1.0,,
550351548,高潜力首购用户,1.4528849821708605,1,,0.14389052182100123,1802.0,1.0,,
550353548,高潜力首购用户,1.3637106516139912,2,,0.1591878813707109,1381.0,1.0,,
550384000,高潜力首购用户,0.5257176543228762,1,,0.09173712620805215,4052.0,0.0,,
550387163,高潜力首购用户,1.6299976803903622,1,,0.16475858729998297,1246.0,1.0,,
550395410,高价值高摩擦用户,2.1091167855702997,0,5.40976929184218,,,,0.2830477410513294,5691.0
550396548,高潜力首购用户,1.0966665920633234,1,,0.1397692324713739,1934.0,1.0,,
550399707,高潜力首购用户,1.1785584669009277,1,,0.11658084640600909,2821.0,0.0,,
550406527,高潜力首购用户,0.08621347680288342,1,,0.0860477120135545,4372.0,0.0,,
550409184,高潜力首购用户,0.5704769196142799,1,,0.10081169372817579,3591.0,0.0,,
550412841,高潜力首购用户,1.2816695231942952,1,,0.14267255395171843,1837.0,1.0,,
550464887,高潜力首购用户,2.0980264226674765,1,,0.20503333831563494,555.0,1.0,,
550487410,高潜力首购用户,1.9074663995009864,1,,0.19135669602097655,739.0,1.0,,
550494845,高潜力首购用户,-0.00663491177132676,1,,0.07218648886072371,5150.0,0.0,,
550495046,高潜力首购用户,0.9055605549791194,1,,0.12905100917943702,2348.0,1.0,,
550517117,高潜力首购用户,1.3208307749011157,1,,0.1471642736063597,1705.0,1.0,,
550541343,高潜力首购用户,1.937493048588119,1,,0.17819467399330696,966.0,1.0,,
550547343,高潜力首购用户,1.1864921317998351,1,,0.13633397828241128,2067.0,1.0,,
550587686,高潜力首购用户,1.4058183645813125,1,,0.153278911116549,1538.0,1.0,,
550623594,高潜力首购用户,0.3510010484599206,1,,0.08348575956971696,4504.0,0.0,,
550645481,高潜力首购用户,-0.030225202317634852,1,,0.06551431775564551,5391.0,0.0,,
550649025,高潜力首购用户,0.28455632247499396,1,,0.08269895235249075,4550.0,0.0,,
550655958,高潜力首购用户,1.180185533716074,1,,0.1369584065232225,2045.0,1.0,,
550662025,高潜力首购用户,0.09788126079766302,1,,0.07902705936951293,4750.0,0.0,,
550668209,高潜力首购用户,1.1933564017727039,1,,0.13006795860568218,2308.0,1.0,,
550679594,高潜力首购用户,0.5029977588210129,1,,0.0993492887414779,3661.0,0.0,,
550680481,高潜力首购用户,0.27565962890567036,2,,0.09244925194328363,4024.0,0.0,,
550698092,高价值高摩擦用户,2.7785193022932986,0,8.455349702082499,,,,0.5137889466418677,906.0
550708117,高价值高摩擦用户,0.7921329364603212,0,6.612421786710655,,,,0.35366254040237494,3204.0
550721071,高潜力首购用户,0.17562851223135315,1,,0.0752653566820458,4963.0,0.0,,
550727209,高潜力首购用户,1.0774320581274535,1,,0.13084773019856188,2278.0,1.0,,
550745933,高潜力首购用户,1.2558098440352838,2,,0.1657358836622646,1220.0,1.0,,
550754615,高潜力首购用户,0.2674308160053073,1,,0.07314043279192363,5095.0,0.0,,
550774251,高潜力首购用户,0.8528444493316041,1,,0.11941848442472366,2700.0,1.0,,
550777481,高潜力首购用户,0.8368955486163078,1,,0.10801352549286368,3206.0,0.0,,
550787163,高价值高摩擦用户,0.4931684362051403,0,5.409057670871745,,,,0.261441180872483,6788.0
550825682,高潜力首购用户,-0.0009287821380426498,1,,0.06851088338112755,5316.0,0.0,,
550827343,高潜力首购用户,0.01810674323976802,1,,0.08057247684239872,4654.0,0.0,,
550830594,高价值高摩擦用户,1.272577034777567,0,8.382410730818146,,,,0.5043608626218691,973.0
550831251,高潜力首购用户,1.8756392494697434,3,,0.22322491363264946,394.0,1.0,,
550835092,高潜力首购用户,1.5085875461671545,3,,0.18303360051656614,879.0,1.0,,
550846004,高潜力首购用户,1.598476802230597,1,,0.16897041064278043,1149.0,1.0,,
550861251,高潜力首购用户,0.723647754170421,1,,0.09988759259648898,3634.0,0.0,,
550893046,高价值高摩擦用户,0.4392737592383873,0,9.888801234579457,,,,0.5533427117874592,664.0
550906004,高潜力首购用户,1.4662606932107194,1,,0.16059820037538988,1351.0,1.0,,
550956364,高价值高摩擦用户,0.8520087432927613,0,6.898561058039146,,,,0.3506457796640503,3290.0
550959686,高价值高摩擦用户,0.06157671697846834,0,7.963475724136433,,,,0.3872546747237854,2430.0
550989000,高潜力首购用户,0.7865505295637193,1,,0.11022754280750743,3104.0,0.0,,
550989410,高价值高摩擦用户,-0.27844965209870187,0,5.873187639516929,,,,0.505131834535345,968.0
551007410,高潜力首购用户,1.3007493788895728,1,,0.15419083275365975,1509.0,1.0,,
551020092,高价值高摩擦用户,0.817584574769672,1,5.399055967595162,,,,0.40003403634984386,2177.0
551028958,高潜力首购用户,0.4825547908438596,1,,0.09396574585467399,3963.0,0.0,,
551041845,高潜力首购用户,1.4946181781537158,1,,0.15121614154841795,1585.0,1.0,,
551046046,高潜力首购用户,0.8795550823829629,1,,0.11100841673452665,3072.0,0.0,,
551050230,高潜力首购用户,1.0651799613103263,1,,0.12157731800917908,2617.0,1.0,,
551086912,高价值高摩擦用户,1.319667786787461,1,6.190197571042046,,,,0.31483803769493557,4376.0
551096435,高价值高摩擦用户,0.9562030871009798,2,5.413782566582457,,,,0.32759433514514025,3936.0
551113389,高潜力首购用户,0.6059895436846406,1,,0.09145721204298787,4072.0,0.0,,
551126682,高价值高摩擦用户,1.3897232718338361,0,8.106782875900933,,,,0.4813713247130117,1156.0
551131707,高潜力首购用户,1.1760010722561474,2,,0.13761762105598455,2019.0,1.0,,
551132841,高潜力首购用户,2.1363276746948237,1,,0.18976508752431676,759.0,1.0,,
551152251,高潜力首购用户,2.4444288111674894,1,,0.25609399638124775,188.0,1.0,,
551163410,高潜力首购用户,0.02382826976011632,1,,0.0704066559107519,5243.0,0.0,,
551194251,高潜力首购用户,2.634941902157997,2,,0.2835751647666759,107.0,1.0,,
551203184,高潜力首购用户,0.46887946246014817,1,,0.10131347677332558,3561.0,0.0,,
551205866,高潜力首购用户,1.3955190776085538,3,,0.16017482617321696,1362.0,1.0,,
551218912,高价值高摩擦用户,2.306905082029907,1,8.156530306199643,,,,0.5232820073233391,832.0
551230523,高价值高摩擦用户,1.089404333430559,0,5.543834213202766,,,,0.1807368873329866,13083.0
551241209,高潜力首购用户,0.7887182718066734,1,,0.10828479241517033,3192.0,0.0,,
551274523,高潜力首购用户,0.2701832661935651,1,,0.08326284454608175,4516.0,0.0,,
551283753,高潜力首购用户,0.51394039038877,1,,0.09620019313018001,3838.0,0.0,,
551287163,高潜力首购用户,0.652448122969132,1,,0.11598745660333543,2847.0,0.0,,
551297297,高价值高摩擦用户,1.8342034245379744,0,6.24505970587802,,,,0.3867454428670471,2440.0
551301205,高潜力首购用户,0.4709190694447658,1,,0.08753760982326107,4288.0,0.0,,
551330046,高潜力首购用户,1.2605317979130837,1,,0.14470867850047325,1774.0,1.0,,
551331569,高潜力首购用户,0.5448448234880118,1,,0.10059664853012654,3604.0,0.0,,
551331661,高潜力首购用户,0.13038564134055314,1,,0.07934749295960665,4731.0,0.0,,
551344707,高潜力首购用户,1.1177888129986207,1,,0.12729185871774654,2414.0,1.0,,
551347251,高价值高摩擦用户,2.133389223000057,0,8.988718162833894,,,,0.6150614291045733,409.0
551390230,高价值高摩擦用户,1.6765536482424725,0,8.709872036948836,,,,0.5864813502941606,532.0
551391707,高潜力首购用户,0.7128553202698574,1,,0.10632771250463471,3279.0,0.0,,
551392410,高潜力首购用户,2.590066715737403,3,,0.2916506925762343,90.0,1.0,,
551416092,高潜力首购用户,0.4493455667494855,1,,0.09053620156921768,4132.0,0.0,,
551427343,高潜力首购用户,0.9817701580267171,1,,0.1224591653983371,2576.0,1.0,,
551457866,高潜力首购用户,1.2223455821158364,2,,0.14468899887267575,1775.0,1.0,,
551467410,高潜力首购用户,1.5419636704944857,3,,0.20574444066325775,549.0,1.0,,
551497435,高潜力首购用户,0.2588207216197584,1,,0.08221715438459844,4579.0,0.0,,
551499845,高潜力首购用户,1.4139625810800351,1,,0.15637162591441683,1457.0,1.0,,
551505820,高潜力首购用户,0.5704003068176441,1,,0.09301155475766147,4004.0,0.0,,
551507092,高潜力首购用户,0.9902211034067019,1,,0.12301285186033419,2561.0,1.0,,
551511004,高价值高摩擦用户,0.6905778921287468,0,6.610399903967974,,,,0.3908069993339536,2350.0
551511092,高潜力首购用户,0.4943816582881794,1,,0.09105876519095017,4093.0,0.0,,
551530163,高潜力首购用户,1.0866025583593186,2,,0.14231682536444978,1857.0,1.0,,
551538368,高潜力首购用户,1.5323405982515161,1,,0.1637558552260321,1286.0,1.0,,
551539209,高潜力首购用户,1.097282802472325,2,,0.13807789261484507,2000.0,1.0,,
551544845,高潜力首购用户,0.08333680209528009,1,,0.07099982073146231,5213.0,0.0,,
551565435,高价值高摩擦用户,3.0900444302040824,4,9.877044076259912,,,,0.7174601490866592,173.0
551578481,高潜力首购用户,2.1456669055321815,1,,0.21442080761398258,460.0,1.0,,
551609117,高潜力首购用户,0.4737472942839825,1,,0.0921470393024018,4035.0,0.0,,
551613682,高潜力首购用户,0.6598288896616126,1,,0.10257244360759578,3490.0,0.0,,
551644343,高潜力首购用户,0.7807657622154611,2,,0.11595368967461527,2851.0,0.0,,
551649887,高潜力首购用户,1.2403768347103339,1,,0.12385193228171065,2533.0,1.0,,
551652209,高价值高摩擦用户,1.4523036776587919,0,6.144495552714897,,,,0.3664500967315453,2887.0
551654343,高潜力首购用户,1.5198305015536662,1,,0.1593874241232894,1374.0,1.0,,
551658548,高潜力首购用户,1.7786868338235788,4,,0.23773610847483634,291.0,1.0,,
551663845,高价值高摩擦用户,0.9909859977604727,0,8.238080298447226,,,,0.31249306726011694,4461.0
551696548,高价值高摩擦用户,0.4047016570456005,0,5.715132108912982,,,,0.24434969743682378,7891.0
551701820,高潜力首购用户,0.37245876564591346,1,,0.08314678223595257,4523.0,0.0,,
551702297,高潜力首购用户,1.3738881438805581,1,,0.14163307186341673,1881.0,1.0,,
551717707,高潜力首购用户,0.7081711250395898,1,,0.09663403768889856,3813.0,0.0,,
551720912,高潜力首购用户,0.8636819224585431,1,,0.10161734912399095,3546.0,0.0,,
551726753,高潜力首购用户,2.240988429839001,1,,0.2373062460468003,295.0,1.0,,
551729230,高潜力首购用户,0.8898222362430882,1,,0.11265608128735664,3001.0,0.0,,
551776845,高潜力首购用户,1.9864576534328755,2,,0.2328834342419674,325.0,1.0,,
551799933,高潜力首购用户,1.340090228630842,1,,0.1379253979129875,2005.0,1.0,,
551804389,高价值高摩擦用户,1.2914191905349697,0,5.7034574218322565,,,,0.3327023800791413,3772.0
551818389,高潜力首购用户,0.05232415298147127,1,,0.07712381849624242,4857.0,0.0,,
551831364,高潜力首购用户,0.48327904792119974,1,,0.09723013156738544,3775.0,0.0,,
551833682,高潜力首购用户,1.100510905253454,1,,0.12859268667856122,2366.0,1.0,,
551843389,高潜力首购用户,1.4301243824035466,1,,0.159056077402623,1386.0,1.0,,
551849527,高潜力首购用户,1.8896963699440221,1,,0.17856019350139546,957.0,1.0,,
551863000,高价值高摩擦用户,0.8348436482452605,1,6.314773604895203,,,,0.3738711677950228,2724.0
551881184,高潜力首购用户,0.09375884295992641,1,,0.07245196503417262,5138.0,0.0,,
551923297,高潜力首购用户,1.2190522137918645,2,,0.15658639636071306,1451.0,1.0,,
551935163,高潜力首购用户,0.5150774514647094,1,,0.08770835580563813,4280.0,0.0,,
551936297,高潜力首购用户,0.4645535661384943,1,,0.09212373735104683,4038.0,0.0,,
551937389,高潜力首购用户,1.862053135592798,1,,0.17761705768253322,978.0,1.0,,
551950615,高潜力首购用户,0.9969580023564767,3,,0.15327030109074863,1539.0,1.0,,
551969389,高潜力首购用户,2.3498929373160853,1,,0.24387691600737896,250.0,1.0,,
551973615,高潜力首购用户,1.5795315675387702,3,,0.19994419371979236,608.0,1.0,,
551984912,高价值高摩擦用户,2.264523725715176,2,5.9370347601186975,,,,0.32020482313952653,4190.0
552004163,高潜力首购用户,0.12213618241502788,1,,0.07486860180765534,4989.0,0.0,,
552008774,高潜力首购用户,0.1930669878276614,1,,0.08029315840607959,4671.0,0.0,,
552008866,高潜力首购用户,0.929994146724292,1,,0.11462744509051424,2909.0,0.0,,
552022092,高潜力首购用户,1.3411780084456693,1,,0.15296205337346594,1546.0,1.0,,
552023841,高潜力首购用户,0.4959710212362464,1,,0.08999468388374401,4165.0,0.0,,
552025569,高潜力首购用户,2.1533281563249886,1,,0.2105028923544792,498.0,1.0,,
552026753,高潜力首购用户,0.08006002608342383,1,,0.07500235588342373,4978.0,0.0,,
552027163,高潜力首购用户,1.3659005125237187,1,,0.14985631751413853,1622.0,1.0,,
552031389,高价值高摩擦用户,1.350213390873879,0,6.171327528525266,,,,0.347261516968917,3377.0
552032205,高潜力首购用户,2.2679441615827076,1,,0.23234004058710053,329.0,1.0,,
552042753,高价值高摩擦用户,1.0453582503873782,0,5.4720605675671194,,,,0.4245925257554364,1799.0
552043912,高价值高摩擦用户,2.486013556015713,0,6.545424620043612,,,,0.4407949528508907,1604.0
552044523,高价值高摩擦用户,2.1495927845499003,1,6.452569886777081,,,,0.30187927947853177,4883.0
552051527,高潜力首购用户,1.7373868076750483,1,,0.17475865298674623,1038.0,1.0,,
552052661,高价值高摩擦用户,-0.14338975130351886,0,6.161987607909893,,,,0.27194301333786425,6193.0
552054251,高潜力首购用户,1.115242571267282,1,,0.12694925331240192,2420.0,1.0,,
552060163,高价值高摩擦用户,0.8533455976407315,0,9.323769052283518,,,,0.5042421530195199,974.0
552063548,高潜力首购用户,0.6019093618579798,1,,0.09628535106610582,3833.0,0.0,,
552079230,高潜力首购用户,-0.007944611373179955,1,,0.0720801925974554,5154.0,0.0,,
552090205,高潜力首购用户,1.1630826804791141,3,,0.16624251006557814,1209.0,1.0,,
552104004,高潜力首购用户,1.124299344582275,1,,0.1308372601660163,2280.0,1.0,,
552111046,高潜力首购用户,0.5808322187627523,1,,0.09878523447690307,3693.0,0.0,,
552113251,高价值高摩擦用户,1.528461894119091,0,6.835858194347796,,,,0.42623959716962806,1774.0
552117046,高潜力首购用户,0.9490312974123393,1,,0.12048726783585591,2656.0,1.0,,
552165297,高潜力首购用户,1.5356002256339005,1,,0.15572151895766587,1472.0,1.0,,
552168820,高价值高摩擦用户,1.6629374184932686,0,5.6648857090262545,,,,0.4535496898110682,1440.0
552170368,高潜力首购用户,1.856615165874022,2,,0.2114487930036228,490.0,1.0,,
552177841,高潜力首购用户,0.4751008087715937,1,,0.09981324752730329,3636.0,0.0,,
552182251,高潜力首购用户,0.08556374612804539,1,,0.07178696669973261,5168.0,0.0,,
552200046,高潜力首购用户,0.005686968807187724,1,,0.07319364146366183,5091.0,0.0,,
552251205,高潜力首购用户,1.6637962096386394,1,,0.16953580419448058,1134.0,1.0,,
552254117,高潜力首购用户,1.3807008905460287,1,,0.1420123865412586,1866.0,1.0,,
552255435,高价值高摩擦用户,1.932885249502392,0,5.7028300212163945,,,,0.48485710433419055,1129.0
552270389,高潜力首购用户,-0.029211145770407215,2,,0.06903024405214928,5292.0,0.0,,
552277841,高潜力首购用户,1.041261790143355,1,,0.10997464386796732,3116.0,0.0,,
552278527,高潜力首购用户,1.1424431793708563,1,,0.13235163728924276,2221.0,1.0,,
552286686,高潜力首购用户,1.4805849999538891,1,,0.15650825817542696,1453.0,1.0,,
552299502,高潜力首购用户,0.8278366176295265,2,,0.13224236280221427,2226.0,1.0,,
552304251,高潜力首购用户,0.4192756062586125,1,,0.08667162440678719,4348.0,0.0,,
552315025,高价值高摩擦用户,-0.3819548856391573,0,5.671018207062228,,,,0.3019153152026542,4879.0
552347297,高潜力首购用户,2.4390579613213386,1,,0.2502823422361485,215.0,1.0,,
552348912,高价值高摩擦用户,1.2662597442942622,0,6.650201425911212,,,,0.3103788052388606,4549.0
552349841,高潜力首购用户,0.3863767812069809,1,,0.08739280107375676,4300.0,0.0,,
552352594,高价值高摩擦用户,1.3133119927984716,0,5.732020016067439,,,,0.310700456127364,4539.0
552354845,高潜力首购用户,0.8331786897879595,1,,0.10597030352376302,3298.0,0.0,,
552393527,高潜力首购用户,0.1447957463147134,1,,0.07347640324439661,5070.0,0.0,,
552400025,高价值高摩擦用户,-0.3712198240066895,0,5.846612170428501,,,,0.19109181508615394,12182.0
552405481,高价值高摩擦用户,1.14433000013254,0,6.004982762908891,,,,0.40611183238732323,2070.0
552414435,高价值高摩擦用户,2.1759593489377154,0,6.356574854784476,,,,0.37110436307702305,2794.0
552418481,高潜力首购用户,1.2330425863308037,1,,0.13782850530122323,2008.0,1.0,,
552431004,高价值高摩擦用户,0.06253352015080144,0,5.482442296287086,,,,0.25352867955434377,7277.0
552439025,高潜力首购用户,1.903711240927186,2,,0.22116602591515963,406.0,1.0,,
552439728,高价值高摩擦用户,1.154858295486396,0,6.010842247534219,,,,0.2652766814156776,6572.0
552462799,高价值高摩擦用户,0.03255757613473158,0,8.632418291676869,,,,0.4585098067476905,1397.0
552465297,高潜力首购用户,1.1043630337708559,2,,0.14320370087287368,1824.0,1.0,,
552495410,高潜力首购用户,1.5908335157587083,1,,0.16965842194811045,1133.0,1.0,,
552500548,高潜力首购用户,0.6292138982965931,1,,0.09536213129560497,3890.0,0.0,,
552503845,高潜力首购用户,1.8826873638704533,3,,0.23699949510469512,299.0,1.0,,
552521138,高价值高摩擦用户,2.165293850585364,0,5.545141932485382,,,,0.3275325975103183,3939.0
552523569,高潜力首购用户,1.906405885824423,1,,0.18207456555339863,892.0,1.0,,
552552163,高价值高摩擦用户,0.958788494995186,0,5.448081295781815,,,,0.161506499657242,14708.0
552552774,高潜力首购用户,1.546614163893711,1,,0.16463945104531943,1253.0,1.0,,
552571841,高潜力首购用户,1.4923542789502389,1,,0.13757212677003,2021.0,1.0,,
552580297,高价值高摩擦用户,1.039499189319215,2,6.231194775776583,,,,0.40319438501932203,2123.0
552587184,高价值高摩擦用户,0.12324225731748256,0,6.027241838483503,,,,0.388586402681265,2410.0
552589435,高潜力首购用户,0.6061416804849507,1,,0.10291447253787245,3473.0,0.0,,
552594000,高潜力首购用户,0.5731478671247162,3,,0.10932209973592447,3146.0,0.0,,
552600117,高价值高摩擦用户,1.4093027671611182,0,6.056353007009841,,,,0.38480483807245697,2484.0
552602841,高潜力首购用户,0.9671704121343389,2,,0.12673564601779003,2427.0,1.0,,
552615004,高潜力首购用户,1.3458477019889443,1,,0.13766914979826686,2017.0,1.0,,
552644820,高潜力首购用户,0.07161908661881418,1,,0.06834840015640249,5321.0,0.0,,
552645845,高价值高摩擦用户,1.3530183991320623,0,5.601371852148168,,,,0.2602707318293155,6871.0
552650117,高价值高摩擦用户,1.60991108197727,0,5.463566939443343,,,,0.40984690485780945,2009.0
552662297,高潜力首购用户,0.6846097339838381,1,,0.1058431604011594,3307.0,0.0,,
552671209,高潜力首购用户,1.3968326088771945,1,,0.14296542905532741,1832.0,1.0,,
552672958,高潜力首购用户,1.9754142199402331,1,,0.19458648341201565,686.0,1.0,,
552677912,高潜力首购用户,0.654853704577155,1,,0.10849724494376282,3182.0,0.0,,
552680138,高潜力首购用户,0.5322525141515336,1,,0.0991619812041196,3674.0,0.0,,
552692209,高潜力首购用户,0.024635677494763256,1,,0.0704707631475348,5239.0,0.0,,
552703707,高潜力首购用户,1.1692993984581235,1,,0.12336980466374198,2551.0,1.0,,
552703979,高潜力首购用户,1.3096447584438375,1,,0.14544976517352576,1756.0,1.0,,
552706343,高价值高摩擦用户,1.868428638568559,0,8.415038440888976,,,,0.6074355086775525,450.0
552716774,高价值高摩擦用户,1.038787560497761,0,7.4544016116628935,,,,0.42487553787658433,1794.0
552740435,高潜力首购用户,0.2669026576518071,1,,0.07643658312437485,4895.0,0.0,,
552745615,高潜力首购用户,1.0286005418954716,1,,0.12062473822190439,2649.0,1.0,,
552747276,高潜力首购用户,1.728633414275383,1,,0.18146348212886457,906.0,1.0,,
552757979,高价值高摩擦用户,2.243957851164717,0,5.342295973720247,,,,0.40862254556865807,2028.0
552764799,高价值高摩擦用户,1.9940639867659045,0,8.388185551177163,,,,0.6021763484779951,472.0
552767887,高潜力首购用户,1.4202767789282555,3,,0.19177922270695155,728.0,1.0,,
552769933,高价值高摩擦用户,1.1860280099460623,0,6.086320078120661,,,,0.35012648476659225,3301.0
552770184,高潜力首购用户,1.5551075553356373,2,,0.1866029726551405,816.0,1.0,,
552781251,高潜力首购用户,0.3206010017332356,1,,0.08321832181969409,4519.0,0.0,,
552787682,高潜力首购用户,-0.015433543530407707,1,,0.07147515320403094,5187.0,0.0,,
552787866,高潜力首购用户,0.9541754160702105,1,,0.1289598550543505,2350.0,1.0,,
552793071,高潜力首购用户,0.9434932989316667,2,,0.1385026208827452,1982.0,1.0,,
552795661,高潜力首购用户,1.430394458101637,1,,0.15297163371555283,1545.0,1.0,,
552813661,高潜力首购用户,1.1589629052082022,1,,0.13496534744512995,2118.0,1.0,,
552838004,高潜力首购用户,0.4034983720636016,1,,0.09227837876495858,4032.0,0.0,,
552844682,高潜力首购用户,1.751928338965099,3,,0.21713175964033468,440.0,1.0,,
552855389,高潜力首购用户,0.5950338171850252,1,,0.10623849222408561,3286.0,0.0,,
552882322,高潜力首购用户,0.6898397605189585,1,,0.10370471675500466,3423.0,0.0,,
552912820,高潜力首购用户,0.6380670435903917,1,,0.10340944406721812,3444.0,0.0,,
552916640,高潜力首购用户,0.5977468730012448,1,,0.0981188348107013,3726.0,0.0,,
552924933,高潜力首购用户,0.7903535487947506,1,,0.118606201524913,2739.0,0.0,,
552930979,高潜力首购用户,1.7540591294336167,1,,0.18345119206134647,867.0,1.0,,
552963410,高潜力首购用户,1.6229780917955046,2,,0.1763726346715621,1007.0,1.0,,
552965682,高潜力首购用户,1.5760286528650844,1,,0.17117491236718055,1099.0,1.0,,
552967799,高潜力首购用户,1.3421000909381597,1,,0.1307733009560043,2282.0,1.0,,
552979841,高潜力首购用户,1.8026413689084986,1,,0.17527916736109944,1028.0,1.0,,
552988343,高价值高摩擦用户,-0.38071031058185295,0,6.970279272320496,,,,0.3478264253454326,3362.0
552996117,高潜力首购用户,1.0534369540107875,1,,0.11392740843412318,2940.0,0.0,,
553001502,高价值高摩擦用户,1.6345934481280076,0,5.734034517826722,,,,0.4013311119415576,2152.0
553009845,高价值高摩擦用户,1.471423205845299,0,6.012435609165381,,,,0.3922756468938058,2315.0
553021774,高价值高摩擦用户,2.449894421941994,0,6.643854835195153,,,,0.3734905842960751,2735.0
553040979,高价值高摩擦用户,0.26925777005231083,0,5.607615678060453,,,,0.29124090456159857,5336.0
553041753,高潜力首购用户,0.8499331082791097,1,,0.10760965565541042,3223.0,0.0,,
553060569,高潜力首购用户,2.3687870491768557,1,,0.24333102709825394,253.0,1.0,,
553074117,高潜力首购用户,0.4970878427554817,1,,0.09547688077711575,3881.0,0.0,,
553102004,高潜力首购用户,0.4768589112314383,1,,0.08811464137947309,4254.0,0.0,,
553112230,高潜力首购用户,0.7411699632921344,1,,0.09536407187234121,3889.0,0.0,,
553120753,高潜力首购用户,2.349719980829754,2,,0.26691645106294765,152.0,1.0,,
553126209,高潜力首购用户,0.9281580528112793,2,,0.1241949421553407,2526.0,1.0,,
553132456,高潜力首购用户,0.03029513004120991,1,,0.07326418614143757,5087.0,0.0,,
553134481,高潜力首购用户,0.8563413119261014,1,,0.11240646174263202,3010.0,0.0,,
553135615,高价值高摩擦用户,1.011375656540555,0,5.514346783421161,,,,0.3587687454922502,3072.0
553146640,高潜力首购用户,0.6995487277681294,1,,0.11353650021529668,2952.0,0.0,,
553153912,高潜力首购用户,0.4449600687864022,1,,0.08171007589972888,4599.0,0.0,,
553180092,高潜力首购用户,0.025437338506448772,1,,0.07053446746894118,5237.0,0.0,,
553208753,高潜力首购用户,0.19211398475576916,1,,0.07377836219576056,5057.0,0.0,,
553288025,高潜力首购用户,0.21164049641895644,1,,0.08266509863156869,4553.0,0.0,,
553289799,高价值高摩擦用户,0.8863815134249488,0,5.65191006524549,,,,0.3736686068382863,2729.0
553291209,高潜力首购用户,3.1330447077830974,1,,0.3454872115625617,34.0,1.0,,
553291481,高潜力首购用户,0.5432236808946777,1,,0.09580947856665353,3857.0,0.0,,
553312912,高潜力首购用户,1.0138452513742007,1,,0.12450328361387779,2514.0,1.0,,
553319887,高潜力首购用户,0.7905855368388145,1,,0.10411291251267878,3406.0,0.0,,
553331527,高潜力首购用户,1.335279296772919,1,,0.15381606196089184,1516.0,1.0,,
553336866,高潜力首购用户,0.8759421017420901,1,,0.1127684839933695,2996.0,0.0,,
553346322,高潜力首购用户,1.427330681509497,2,,0.1657446581730403,1219.0,1.0,,
553366071,高潜力首购用户,2.339268528077669,2,,0.28055037116572584,116.0,1.0,,
553388979,高潜力首购用户,0.4641224855755821,1,,0.10352537114372405,3434.0,0.0,,
553398163,高潜力首购用户,0.6626343355653805,1,,0.10941322267397888,3140.0,0.0,,
553412958,高潜力首购用户,0.6131541155331152,1,,0.09978459243288515,3641.0,0.0,,
553414276,高潜力首购用户,2.4353842621281316,2,,0.2731536250226531,137.0,1.0,,
553418297,高价值高摩擦用户,1.649532508547993,0,7.833303824747208,,,,0.5989483972032235,489.0
553429661,高潜力首购用户,2.039708556069582,1,,0.1962378160219594,652.0,1.0,,
553432368,高价值高摩擦用户,0.6131430245638758,0,6.895135068989655,,,,0.3721658259293679,2770.0
553455594,高潜力首购用户,0.6917074023864056,1,,0.1114172145851856,3053.0,0.0,,
553476615,高潜力首购用户,1.6623160246339168,1,,0.17086906833918322,1108.0,1.0,,
553499163,高潜力首购用户,1.18724515726488,1,,0.13315923811655958,2187.0,1.0,,
553510205,高价值高摩擦用户,1.1220706309877568,0,5.358306492362008,,,,0.25725126652011004,7053.0
553514205,高潜力首购用户,1.9472441463730676,1,,0.19535408180501315,666.0,1.0,,
553520912,高潜力首购用户,1.316391654244796,1,,0.13832471063493257,1990.0,1.0,,
553521887,高潜力首购用户,0.011236807031681473,1,,0.07916149613066843,4743.0,0.0,,
553525548,高潜力首购用户,0.44288313924054723,1,,0.09635745314783543,3830.0,0.0,,
553530117,高潜力首购用户,0.28851668304487976,1,,0.08497557314609912,4427.0,0.0,,
553533933,高潜力首购用户,0.1667783685335249,1,,0.07863235737239783,4775.0,0.0,,
553547774,高潜力首购用户,2.328762619811626,1,,0.2196433437730698,418.0,1.0,,
553554163,高价值高摩擦用户,1.697126415774268,0,6.759686933763403,,,,0.33042554960707854,3845.0
553557594,高潜力首购用户,0.27172702318842895,1,,0.07349438718961504,5068.0,0.0,,
553584728,高价值高摩擦用户,0.8106327154723122,0,5.78586924565431,,,,0.3524975161255736,3234.0
553605297,高潜力首购用户,0.6555438962678928,1,,0.10449790012365186,3388.0,0.0,,
553633548,高潜力首购用户,0.4155369480045674,1,,0.08119546430513871,4623.0,0.0,,
553639184,高价值高摩擦用户,0.5063622230379324,0,5.952109687026368,,,,0.35451425731885167,3175.0
553639368,高潜力首购用户,0.7287123856267903,2,,0.11310547948981753,2977.0,0.0,,
553642230,高潜力首购用户,0.853725518935405,1,,0.11682753993990505,2810.0,0.0,,
553650912,高潜力首购用户,1.3234801115724855,1,,0.13634382584749408,2066.0,1.0,,
553653707,高潜力首购用户,0.2437702985815936,1,,0.0790236827412129,4752.0,0.0,,
553658456,高潜力首购用户,0.24540749561211253,1,,0.0902095030723126,4151.0,0.0,,
553677523,高潜力首购用户,0.42279567076144664,1,,0.08701011414460792,4325.0,0.0,,
553683364,高潜力首购用户,1.4685145884470276,1,,0.15450242836334724,1500.0,1.0,,
553705979,高价值高摩擦用户,1.2211521913221512,0,6.492603405284429,,,,0.35368262336635403,3202.0
553718933,高价值高摩擦用户,0.31724652765884487,0,6.4041700468716405,,,,0.19533243121688837,11823.0
553723456,高潜力首购用户,1.112863064885758,2,,0.1523371095989777,1554.0,1.0,,
553725866,高价值高摩擦用户,0.3939231505716189,0,6.516679010366882,,,,0.33178957995493014,3801.0
553728209,高潜力首购用户,2.5948241591662016,1,,0.2613697500765759,175.0,1.0,,
553740092,高潜力首购用户,0.09415138752450276,1,,0.07537545659428833,4957.0,0.0,,
553747138,高潜力首购用户,-0.03252146991243229,1,,0.06287063372749048,5406.0,0.0,,
553750569,高潜力首购用户,0.8376674460083574,1,,0.1164553835920196,2827.0,0.0,,
553777276,高潜力首购用户,0.7863552842149462,1,,0.11406580600515469,2934.0,0.0,,
553777368,高潜力首购用户,2.0638069007771436,1,,0.19461378371409752,685.0,1.0,,
553782000,高潜力首购用户,0.8735747976579934,1,,0.1210109303216243,2635.0,1.0,,
553785661,高潜力首购用户,0.2244569622500694,1,,0.07733593580851039,4842.0,0.0,,
553792799,高潜力首购用户,0.5510105449925062,1,,0.09321668142722454,3991.0,0.0,,
553794368,高潜力首购用户,1.3790849328758261,1,,0.1593037006256152,1378.0,1.0,,
553809845,高潜力首购用户,0.49469130773499254,1,,0.09522620297407496,3900.0,0.0,,
553817753,高潜力首购用户,0.40084806398046036,1,,0.09200953208298344,4042.0,0.0,,
553820866,高潜力首购用户,0.5501048209593883,1,,0.10850315230122766,3181.0,0.0,,
553832845,高价值高摩擦用户,2.44984187975821,0,10.64308501902718,,,,0.7131424998620313,180.0
553840640,高潜力首购用户,2.5104685956879336,1,,0.24887325696045642,221.0,1.0,,
553860343,高潜力首购用户,0.6898191411100777,1,,0.10189336067608375,3533.0,0.0,,
553860728,高潜力首购用户,1.3336634967189755,1,,0.1324612472601101,2214.0,1.0,,
553891364,高潜力首购用户,1.5966198862656746,1,,0.1677690830430762,1178.0,1.0,,
553910117,高潜力首购用户,1.5164692250741705,1,,0.15374449018439912,1518.0,1.0,,
553926686,高潜力首购用户,2.334718677052933,1,,0.24045076521308226,276.0,1.0,,
553973481,高价值高摩擦用户,0.21071156004694558,1,5.408882750845919,,,,0.2094167153486129,10614.0
553973887,高潜力首购用户,0.14467627731935753,1,,0.07195004074273414,5160.0,0.0,,
553986071,高潜力首购用户,2.548890445433254,2,,0.28862477649168783,97.0,1.0,,
554023163,高价值高摩擦用户,3.6418483240094144,4,5.37735957388799,,,,0.28611201720162627,5558.0
554023527,高潜力首购用户,0.16486174230259534,1,,0.07360169193292211,5065.0,0.0,,
554025322,高潜力首购用户,0.08812561514358068,1,,0.07568372413601256,4942.0,0.0,,
554025548,高价值高摩擦用户,0.4763572584025962,0,6.051806776114143,,,,0.24214875734994376,8046.0
554029640,高潜力首购用户,1.6329743488286497,1,,0.1545414273028144,1498.0,1.0,,
554035251,高潜力首购用户,0.589984002442235,1,,0.09780939532554007,3745.0,0.0,,
554035364,高潜力首购用户,0.4149936368912917,1,,0.0872190772379807,4314.0,0.0,,
554049753,高潜力首购用户,0.4599075766266327,1,,0.0872043127042073,4315.0,0.0,,
554057958,高价值高摩擦用户,1.4781748247588855,1,8.634279095243794,,,,0.4632373211619577,1345.0
554058569,高潜力首购用户,2.1211557473754024,1,,0.2169887746553919,443.0,1.0,,
554071527,高潜力首购用户,0.6758051642251108,1,,0.10952235196000484,3135.0,0.0,,
554080184,高潜力首购用户,1.25156221655857,1,,0.12956214137639496,2327.0,1.0,,
554129138,高潜力首购用户,1.3012447100573972,1,,0.13924796159677347,1953.0,1.0,,
554129728,高潜力首购用户,1.1080394696077522,2,,0.13946237858172625,1946.0,1.0,,
554135092,高潜力首购用户,1.3454606109576595,1,,0.13951297597912923,1944.0,1.0,,
554138799,高价值高摩擦用户,0.5417983758855107,0,6.4282829628741425,,,,0.19658941622360432,11709.0
554155410,高价值高摩擦用户,2.543628301049537,0,6.083348409238676,,,,0.4524754272172666,1455.0
554176686,高价值高摩擦用户,1.7946574471628203,0,5.9366364083941185,,,,0.3422953983310591,3513.0
554181686,高潜力首购用户,1.2106809670063783,1,,0.12862411636074716,2365.0,1.0,,
554197251,高价值高摩擦用户,0.08110088776572888,0,5.977543091766938,,,,0.3566507954091269,3119.0
554200343,高潜力首购用户,1.3970582596963965,1,,0.14043652064646459,1913.0,1.0,,
554206933,高潜力首购用户,1.6724117637542157,1,,0.16413415706030263,1268.0,1.0,,
554209410,高潜力首购用户,1.6740282007058462,1,,0.15981702763574265,1368.0,1.0,,
554219548,高潜力首购用户,0.16928958922322754,1,,0.07892655728644615,4757.0,0.0,,
554231527,高潜力首购用户,0.8182598014515549,1,,0.10157803122197469,3550.0,0.0,,
554250138,高潜力首购用户,1.1580344787530243,1,,0.13590916265178127,2084.0,1.0,,
554261410,高潜力首购用户,3.085568805477402,8,,0.42749706505418616,5.0,1.0,,
554279912,高潜力首购用户,0.17895315168185075,2,,0.09453962957437129,3929.0,0.0,,
554291887,高潜力首购用户,1.072636473355126,1,,0.12461739449069555,2510.0,1.0,,
554299389,高潜力首购用户,0.9549634086567237,1,,0.11661193568091455,2820.0,0.0,,
554339117,高价值高摩擦用户,2.0884700929542954,2,7.611955435441164,,,,0.44227506218034585,1584.0
554363025,高潜力首购用户,0.7617206815816865,1,,0.10730898438739823,3237.0,0.0,,
554367004,高潜力首购用户,0.6268937708422267,1,,0.1087855102896935,3168.0,0.0,,
554380933,高潜力首购用户,0.26906387231254136,1,,0.0796641799957868,4713.0,0.0,,
554387569,高潜力首购用户,0.6708637633304285,1,,0.10059753005958608,3603.0,0.0,,
554392548,高潜力首购用户,0.5817479384137131,1,,0.09888413557439173,3686.0,0.0,,
554396594,高潜力首购用户,0.8719172234815163,1,,0.10347015150117084,3437.0,0.0,,
554404615,高潜力首购用户,1.4650967279549396,1,,0.14333861662590963,1819.0,1.0,,
554408774,高潜力首购用户,1.9566823809097096,4,,0.25739773327384763,182.0,1.0,,
554430707,高潜力首购用户,1.0693982533712652,2,,0.14685760922030275,1715.0,1.0,,
554441297,高潜力首购用户,1.0878972729822705,1,,0.12060768953908295,2650.0,1.0,,
554443389,高价值高摩擦用户,1.1423365496338078,0,6.424836608469154,,,,0.3826323014450635,2527.0
554443866,高价值高摩擦用户,1.5127571564793028,0,6.1587359158555595,,,,0.31817913895688826,4262.0
554452887,高价值高摩擦用户,0.36642222714768363,0,5.575873342700809,,,,0.3300096079968574,3859.0
554454523,高潜力首购用户,0.3813556979773201,1,,0.08402591139115424,4472.0,0.0,,
554464958,高潜力首购用户,1.637974650557594,1,,0.15739405329625378,1426.0,1.0,,
554503799,高潜力首购用户,1.187753476996458,1,,0.13076193480884116,2283.0,1.0,,
554505640,高价值高摩擦用户,0.1799706192753285,0,6.2010668278555245,,,,0.32069738962502536,4182.0
554507682,高潜力首购用户,2.0955660589734655,1,,0.2014787494900386,591.0,1.0,,
554510251,高潜力首购用户,1.5832099132094912,1,,0.17515561073291785,1031.0,1.0,,
554519389,高潜力首购用户,1.7577937326436401,1,,0.18543259830009853,836.0,1.0,,
554527979,高潜力首购用户,0.24405004349640858,1,,0.08087569255501711,4638.0,0.0,,
554550887,高价值高摩擦用户,1.144774230307296,1,6.0009126302151286,,,,0.18968930591923192,12303.0
554551958,高价值高摩擦用户,1.7037921775008982,0,5.335526843778009,,,,0.29546135173638943,5161.0
554567820,高潜力首购用户,1.0998178493435586,1,,0.12198417526312509,2605.0,1.0,,
554574686,高潜力首购用户,0.4490486177863808,1,,0.09589916142452458,3853.0,0.0,,
554579368,高潜力首购用户,1.7778192634585803,2,,0.19285767478435567,709.0,1.0,,
554584205,高价值高摩擦用户,1.5608868907225435,0,9.474274312947582,,,,0.5864829448825276,531.0
554589523,高潜力首购用户,0.5733874008286123,1,,0.09553575430514163,3877.0,0.0,,
554597209,高潜力首购用户,1.1654712230670166,1,,0.13385467792007827,2162.0,1.0,,
554604000,高潜力首购用户,2.209263920682704,1,,0.2326493518464967,328.0,1.0,,
554606000,高潜力首购用户,1.4870226533378341,1,,0.15914509677231797,1383.0,1.0,,
554640640,高潜力首购用户,0.8223142097115618,1,,0.10620094927835255,3287.0,0.0,,
554652297,高潜力首购用户,2.004248342533152,1,,0.2018230013319684,588.0,1.0,,
554713297,高潜力首购用户,0.40803423436963043,1,,0.08951017790353274,4188.0,0.0,,
554751799,高潜力首购用户,1.2855431978118772,1,,0.14324807846181073,1823.0,1.0,,
554760502,高价值高摩擦用户,2.6692321446832534,0,8.570533532031414,,,,0.6133700806524842,414.0
554765753,高潜力首购用户,0.12077498139303607,1,,0.07003858713613155,5255.0,0.0,,
554768343,高价值高摩擦用户,1.8698136216007704,0,6.547734744792309,,,,0.4628701176116293,1349.0
554768841,高潜力首购用户,0.40510551007515655,1,,0.09663296766264265,3814.0,0.0,,
554790548,高潜力首购用户,1.746410546114131,2,,0.18735511026484433,801.0,1.0,,
554837184,高价值高摩擦用户,0.7000756363653586,0,7.001612655727222,,,,0.28761205507784376,5488.0
554855707,高价值高摩擦用户,1.561191522155103,0,5.884547264761904,,,,0.5211641623363337,850.0
554877389,高潜力首购用户,0.27001917504925216,1,,0.07865681143646502,4773.0,0.0,,
554887845,高潜力首购用户,2.875291392370135,1,,0.2955740526202228,82.0,1.0,,
554893774,高价值高摩擦用户,0.856428838219534,1,6.005915509514826,,,,0.3424420917403413,3510.0
554894845,高潜力首购用户,1.4598589461973521,1,,0.15174457294314353,1571.0,1.0,,
554902117,高潜力首购用户,0.47621139584375066,1,,0.0888725663132389,4214.0,0.0,,
554903184,高潜力首购用户,0.9241331609946007,1,,0.12225220385405036,2588.0,1.0,,
554913410,高潜力首购用户,2.322030929843826,1,,0.2236528469183414,389.0,1.0,,
554923481,高潜力首购用户,0.8995439519932839,1,,0.11555376551540979,2874.0,0.0,,
554924728,高潜力首购用户,1.1934442799383262,1,,0.11421475811916423,2925.0,0.0,,
554933527,高潜力首购用户,0.5712285503760072,1,,0.09907103562211704,3677.0,0.0,,
554940276,高价值高摩擦用户,2.9033215417740075,0,7.316185683220574,,,,0.4645672605514249,1329.0
554949594,高潜力首购用户,1.9029349887438538,1,,0.18974252609447081,760.0,1.0,,
554950368,高潜力首购用户,1.7069171501628082,2,,0.18833586127768198,788.0,1.0,,
554951276,高价值高摩擦用户,0.3304169588067967,0,5.231897075992446,,,,0.24875015649935947,7584.0
554952000,高价值高摩擦用户,1.982274305295033,0,9.283941608618292,,,,0.698425911322009,199.0
554954707,高潜力首购用户,0.20024374084442817,1,,0.07273953496127226,5121.0,0.0,,
554958686,高潜力首购用户,1.0098497967631255,1,,0.13236073330450732,2219.0,1.0,,
554961753,高价值高摩擦用户,2.2297685044758273,0,8.014366601020665,,,,0.5743591958387835,581.0
554964887,高价值高摩擦用户,1.0749417677092588,0,5.784030289498952,,,,0.3229732736602218,4083.0
555004184,高潜力首购用户,1.192911288295883,1,,0.1238922376220118,2531.0,1.0,,
555034799,高潜力首购用户,1.1949809457994067,1,,0.1270136131092325,2418.0,1.0,,
555037527,高潜力首购用户,0.5164646332299727,1,,0.09752545647235777,3756.0,0.0,,
555039163,高潜力首购用户,0.5360266355625573,1,,0.08916125593769923,4199.0,0.0,,
555110322,高潜力首购用户,0.09827767407437739,1,,0.07282107436086234,5117.0,0.0,,
555117004,高价值高摩擦用户,2.199415728551583,0,6.853165870113594,,,,0.42144323685699453,1844.0
555124276,高潜力首购用户,1.2507766940524545,2,,0.15328840472940475,1537.0,1.0,,
555125523,高潜力首购用户,0.6432705302293634,1,,0.09304454924444626,4002.0,0.0,,
555126117,高潜力首购用户,1.3038586233943859,1,,0.1474630439785889,1696.0,1.0,,
555142523,高潜力首购用户,0.09810363144960073,1,,0.0765831840297889,4886.0,0.0,,
555146979,高潜力首购用户,0.33441945397819445,1,,0.07969728613351248,4705.0,0.0,,
555150071,高潜力首购用户,0.42628582857969954,1,,0.08831539368807151,4240.0,0.0,,
555154004,高潜力首购用户,2.321109514341224,1,,0.23194090472585518,331.0,1.0,,
555161502,高潜力首购用户,0.9832013037653075,1,,0.1124241919966246,3009.0,0.0,,
555178184,高潜力首购用户,1.0941177220092717,1,,0.11794310653032755,2765.0,0.0,,
555178364,高潜力首购用户,1.5011905923366264,1,,0.1646445406627968,1252.0,1.0,,
555179594,高潜力首购用户,0.6171458729890263,1,,0.09747922244368697,3759.0,0.0,,
555181569,高潜力首购用户,1.1479719248855296,1,,0.11955802463285067,2696.0,1.0,,
555181866,高潜力首购用户,0.6194357872544707,1,,0.1079118095743383,3211.0,0.0,,
555184548,高价值高摩擦用户,1.1346487336819644,0,6.122538495605264,,,,0.30882889826250937,4603.0
555192845,高价值高摩擦用户,1.033818806360245,0,7.370506107641221,,,,0.43710205502519234,1648.0
555192979,高潜力首购用户,1.4804374184995945,1,,0.14040887297094112,1916.0,1.0,,
555214682,高潜力首购用户,1.7693520691413394,2,,0.21594279257568122,447.0,1.0,,
555215025,高价值高摩擦用户,-0.436404629503353,0,5.444531102045054,,,,0.22812841794912053,9099.0
555233389,高潜力首购用户,0.953618145497184,1,,0.11351339826534171,2956.0,0.0,,
555247322,高潜力首购用户,1.021466732765325,1,,0.1242068050758849,2525.0,1.0,,
555266389,高潜力首购用户,0.9269372053793102,1,,0.12325111767149656,2554.0,1.0,,
555267866,高潜力首购用户,1.4354746081173353,1,,0.14222525575879785,1861.0,1.0,,
555274774,高潜力首购用户,1.933471978899804,1,,0.20389168344316874,566.0,1.0,,
555278615,高潜力首购用户,1.9944538495891138,2,,0.23020641668270633,339.0,1.0,,
555279004,高潜力首购用户,1.3781112434211764,2,,0.16862370824218678,1160.0,1.0,,
555307389,高潜力首购用户,1.4634233983280682,1,,0.15535288704070338,1484.0,1.0,,
555320117,高潜力首购用户,0.5028651550815432,1,,0.09608361604418375,3842.0,0.0,,
555323979,高潜力首购用户,0.9049850331171836,1,,0.1082541314042888,3194.0,0.0,,
555335640,高潜力首购用户,0.7134429437815871,1,,0.09430508394906195,3940.0,0.0,,
555343569,高价值高摩擦用户,0.757867705137289,1,6.260740766320362,,,,0.38510222994676263,2476.0
555352138,高价值高摩擦用户,1.5072604835464485,0,6.771470712094018,,,,0.48138116177516294,1155.0
555353820,高潜力首购用户,1.0594418780270194,2,,0.1338643263514052,2161.0,1.0,,
555354933,高潜力首购用户,1.401897089121304,1,,0.15169318216907568,1573.0,1.0,,
555376410,高潜力首购用户,0.023673691357274967,1,,0.0580459049301318,5408.0,0.0,,
555378092,高潜力首购用户,1.0069936721488821,1,,0.11921130522055999,2710.0,0.0,,
555427845,高潜力首购用户,-0.023530903842555666,1,,0.06678234690353582,5362.0,0.0,,
555445686,高潜力首购用户,1.666958025003182,1,,0.15788254567168972,1415.0,1.0,,
555469820,高潜力首购用户,1.9879623459438491,1,,0.18986366509811387,757.0,1.0,,
555470594,高潜力首购用户,0.213703007906247,1,,0.08285495473159991,4538.0,0.0,,
555473820,高潜力首购用户,1.4383827889394596,3,,0.19754918683042044,637.0,1.0,,
555475000,高潜力首购用户,1.866034159642875,1,,0.2123738421096273,483.0,1.0,,
555479138,高潜力首购用户,0.7678761497398116,1,,0.11824641567583438,2757.0,0.0,,
555479456,高潜力首购用户,0.6296898105136971,1,,0.09387345409518999,3967.0,0.0,,
555485209,高潜力首购用户,1.3237038158507752,1,,0.14632566490232948,1728.0,1.0,,
555489640,高潜力首购用户,1.0424379558046417,1,,0.1300084221248045,2309.0,1.0,,
555494502,高潜力首购用户,2.0056899541861815,1,,0.21245316655585417,480.0,1.0,,
555511728,高价值高摩擦用户,1.6984414500778289,0,7.1724970035119675,,,,0.5025539107763101,988.0
555530661,高潜力首购用户,2.049665397128051,2,,0.23619231521367623,305.0,1.0,,
555533184,高潜力首购用户,0.2410061623971431,1,,0.07878008282271699,4763.0,0.0,,
555534046,高潜力首购用户,0.7938003171308355,1,,0.10888128521094996,3161.0,0.0,,
555555364,高价值高摩擦用户,1.4190122461841985,0,5.578360964995058,,,,0.3476727188787137,3364.0
555555502,高价值高摩擦用户,1.354540488466449,0,5.6333376567478695,,,,0.30157710136082017,4892.0
555556958,高潜力首购用户,1.0039475405202414,1,,0.13288582435872057,2196.0,1.0,,
555574728,高潜力首购用户,1.7426725403807695,1,,0.17785292298916325,972.0,1.0,,
555581958,高潜力首购用户,1.071692616742444,2,,0.13971850646577655,1937.0,1.0,,
555583481,高价值高摩擦用户,1.1405265662259063,0,5.706877679563503,,,,0.20714130133307013,10799.0
555584933,高潜力首购用户,1.9960031203282167,1,,0.19513312654004966,674.0,1.0,,
555585343,高潜力首购用户,1.7779288790834418,1,,0.1903203913012755,750.0,1.0,,
555585958,高潜力首购用户,0.9873609021334175,1,,0.11977743895964618,2683.0,1.0,,
555592707,高价值高摩擦用户,1.2479085634205216,0,6.006518522423974,,,,0.3706181226816313,2811.0
555594046,高潜力首购用户,1.83609486854339,1,,0.1800937913229076,931.0,1.0,,
555597071,高价值高摩擦用户,1.8339370534377217,0,6.355300042993823,,,,0.3386853106604308,3614.0
555598594,高潜力首购用户,1.2891711073848444,1,,0.1376446237875658,2018.0,1.0,,
555600682,高价值高摩擦用户,2.234840224252462,0,7.282323720610398,,,,0.5176903093975223,875.0
555604502,高价值高摩擦用户,0.969314525835263,0,5.76367011096958,,,,0.32821501235095935,3914.0
555608887,高价值高摩擦用户,0.40452493481692003,0,5.496526824504838,,,,0.27301557171495766,6141.0
555609707,高潜力首购用户,0.9191201254713522,1,,0.10389353448797302,3417.0,0.0,,
555614686,高潜力首购用户,1.5712457743350834,1,,0.15837988917164594,1402.0,1.0,,
555618456,高潜力首购用户,1.7649256367822268,2,,0.21054560518603943,497.0,1.0,,
555632841,高价值高摩擦用户,1.9501176114995218,0,7.3612886790510625,,,,0.39284311487590146,2304.0
555637322,高潜力首购用户,1.2604851183513712,1,,0.12617964755761646,2451.0,1.0,,
555638774,高潜力首购用户,1.038133778556257,1,,0.11924465624901422,2709.0,0.0,,
555660502,高潜力首购用户,2.951653689162639,3,,0.3708669473362154,19.0,1.0,,
555664138,高价值高摩擦用户,1.9337134135587186,0,5.569083898675064,,,,0.27196832981053276,6192.0
555665481,高潜力首购用户,0.10149355976620318,1,,0.07682555145671874,4872.0,0.0,,
555671004,高潜力首购用户,0.3736068966381649,1,,0.0823870259860332,4569.0,0.0,,
555671092,高潜力首购用户,0.2230056435935276,1,,0.07637940979396975,4900.0,0.0,,
555671845,高潜力首购用户,1.6270599441783844,1,,0.16826334498555667,1165.0,1.0,,
555686527,高潜力首购用户,0.6717036028996318,1,,0.09963323937317412,3652.0,0.0,,
555692209,高潜力首购用户,1.3894717336130542,1,,0.13744265453108884,2029.0,1.0,,
555693343,高价值高摩擦用户,1.50074446923158,0,7.2645867106760225,,,,0.2609364416896996,6821.0
555699912,高潜力首购用户,0.5488804289604241,1,,0.09124636289634042,4079.0,0.0,,
555700548,高价值高摩擦用户,0.9891958034200856,0,5.464064828720938,,,,0.2447890483574603,7861.0
555700979,高潜力首购用户,1.0021790779500548,1,,0.12264063247726559,2569.0,1.0,,
555702841,高潜力首购用户,1.9009385879236056,1,,0.18485034111911436,849.0,1.0,,
555704025,高价值高摩擦用户,1.3826174031207625,0,6.629197170576818,,,,0.4083623984786894,2032.0
555709456,高潜力首购用户,1.1489257616198776,1,,0.12550270050110018,2476.0,1.0,,
555720000,高潜力首购用户,1.1924761049395654,1,,0.1256999798543072,2470.0,1.0,,
555722251,高潜力首购用户,1.7252370575356333,1,,0.16212150343445134,1319.0,1.0,,
555722845,高价值高摩擦用户,0.8260441958748402,0,8.914147518688399,,,,0.5610480267676975,639.0
555723184,高潜力首购用户,1.3399857028147721,2,,0.16532445694518533,1233.0,1.0,,
555724071,高潜力首购用户,2.380118087328165,1,,0.23597932450522358,308.0,1.0,,
555726117,高潜力首购用户,0.9745265815243979,2,,0.12772617354572371,2398.0,1.0,,
555730205,高潜力首购用户,2.100788641025026,1,,0.22326168826812032,393.0,1.0,,
555733774,高价值高摩擦用户,1.5280226058932247,0,6.323730146024605,,,,0.2686517220131955,6398.0
555744184,高潜力首购用户,1.6190770856221555,1,,0.16119766482726997,1337.0,1.0,,
555761548,高潜力首购用户,1.4200043278432286,2,,0.1883010776826563,790.0,1.0,,
555762912,高潜力首购用户,1.008502056642152,1,,0.11552221090532581,2877.0,0.0,,
555772502,高潜力首购用户,0.40161563121730315,1,,0.08887787486952362,4213.0,0.0,,
555784000,高潜力首购用户,0.7753327813187266,1,,0.10507803220172662,3348.0,0.0,,
555784276,高潜力首购用户,0.29375558181789546,1,,0.07876723284680141,4765.0,0.0,,
555792410,高潜力首购用户,1.0907505609778612,1,,0.12289389684653135,2562.0,1.0,,
555805184,高潜力首购用户,0.03754378845959722,1,,0.0715030022051359,5186.0,0.0,,
555809117,高潜力首购用户,1.9909078224619285,1,,0.19015917916526298,753.0,1.0,,
555823410,高潜力首购用户,1.3134574840360285,1,,0.1384020271146611,1986.0,1.0,,
555843845,高潜力首购用户,0.19630271687969125,1,,0.08126561775652154,4617.0,0.0,,
555848661,高价值高摩擦用户,1.2634337469850576,1,5.530189032598123,,,,0.26948135288477104,6343.0
555855958,高价值高摩擦用户,0.6930016102775708,0,5.287126409293231,,,,0.34452731150268345,3448.0
555857728,高潜力首购用户,0.7354073132736215,1,,0.08909113114242033,4202.0,0.0,,
555860569,高潜力首购用户,1.2885305632727335,1,,0.13869421411513128,1973.0,1.0,,
555873774,高潜力首购用户,0.9621874176960068,1,,0.11213612705615864,3015.0,0.0,,
555883364,高潜力首购用户,0.34178927474715465,2,,0.10210334275620743,3521.0,0.0,,
555889799,高价值高摩擦用户,1.0800127624671128,0,5.865854081898069,,,,0.3872763959819874,2429.0
555893000,高潜力首购用户,0.6739663432966275,1,,0.09703432506510133,3793.0,0.0,,
555897117,高潜力首购用户,0.8406305266077746,1,,0.11682559920505055,2811.0,0.0,,
555903276,高潜力首购用户,0.6916522000753123,2,,0.12222738435476439,2592.0,1.0,,
555905866,高价值高摩擦用户,0.798765655400267,0,5.834240399012179,,,,0.4242586225953409,1801.0
555922527,高潜力首购用户,0.8854693371468704,1,,0.09977700652600104,3642.0,0.0,,
555927092,高潜力首购用户,1.0595299998223622,1,,0.11867624411624095,2734.0,0.0,,
555944569,高潜力首购用户,0.8286934048616041,1,,0.12247237953001208,2574.0,1.0,,
555948025,高价值高摩擦用户,0.7690702204383841,0,8.47504531830731,,,,0.3841031988833462,2498.0
555951799,高价值高摩擦用户,0.3659209472484333,0,5.5408242329886885,,,,0.2696463437224191,6328.0
555956456,高价值高摩擦用户,1.5191315923563178,0,6.809613092830729,,,,0.4427363986989408,1577.0
555995435,高潜力首购用户,0.9336412118045679,1,,0.12090429244189381,2637.0,1.0,,
556002322,高潜力首购用户,0.8842454499060234,1,,0.11582696704284076,2857.0,0.0,,
556006774,高价值高摩擦用户,2.5651511382791914,0,6.546410625371416,,,,0.4730161638636365,1241.0
556015753,高潜力首购用户,2.2588838961538134,2,,0.23271716516159185,327.0,1.0,,
556033092,高潜力首购用户,0.8124745868252279,1,,0.11723456264286149,2796.0,0.0,,
556035933,高潜力首购用户,1.3594014609017453,1,,0.14652229153371354,1722.0,1.0,,
556038481,高潜力首购用户,0.7611069580699116,1,,0.10232132413655799,3505.0,0.0,,
556040820,高潜力首购用户,1.7248347777008173,1,,0.17192292595063174,1088.0,1.0,,
556053887,高潜力首购用户,2.2162190107406086,3,,0.2549490130299543,197.0,1.0,,
556058092,高价值高摩擦用户,1.5586310607194138,0,7.170711675796969,,,,0.47315295655153977,1239.0
556060707,高潜力首购用户,3.4786324722752373,2,,0.3995316548371045,14.0,1.0,,
556065163,高潜力首购用户,0.4031745351302971,1,,0.08845597566128982,4235.0,0.0,,
556066502,高潜力首购用户,0.18743164839590024,1,,0.06773744242812119,5339.0,0.0,,
556068866,高潜力首购用户,1.3409512648116237,1,,0.15122291138770733,1584.0,1.0,,
556073523,高潜力首购用户,1.1253600989666654,1,,0.1292880857217008,2337.0,1.0,,
556084661,高潜力首购用户,0.8190542377608714,1,,0.11415302846116593,2928.0,0.0,,
556086071,高潜力首购用户,0.9168052723729039,1,,0.11024280894084479,3102.0,0.0,,
556088912,高潜力首购用户,0.868339695336001,2,,0.13238193701768078,2218.0,1.0,,
556092297,高潜力首购用户,0.619231296612425,1,,0.10131085710039456,3563.0,0.0,,
556095686,高潜力首购用户,0.10503153280486771,1,,0.0733759772537044,5077.0,0.0,,
556096799,高潜力首购用户,1.6110466881267171,1,,0.1585419420719177,1397.0,1.0,,
556098205,高价值高摩擦用户,1.8881493598971144,0,5.837990561348564,,,,0.30371844591384606,4798.0
556102841,高潜力首购用户,2.0626103995883014,2,,0.2372638139020291,296.0,1.0,,
556120046,高潜力首购用户,0.18534938778155818,1,,0.07960477667867141,4716.0,0.0,,
556152615,高价值高摩擦用户,0.018045093827336618,0,6.34212728724853,,,,0.2896917027103874,5392.0
556176594,高潜力首购用户,0.21765576244873044,1,,0.07972247916394345,4704.0,0.0,,
556188343,高潜力首购用户,0.877673083921,1,,0.11119632659941041,3064.0,0.0,,
556217410,高潜力首购用户,0.8549590992347369,1,,0.11968840013194475,2688.0,1.0,,
556221661,高潜力首购用户,0.6099009854778515,1,,0.11080125073064763,3079.0,0.0,,
556225368,高价值高摩擦用户,1.9938339487040464,0,8.061960729344175,,,,0.5494151395947747,681.0
556226163,高潜力首购用户,1.9311765751140657,1,,0.2040371245689853,565.0,1.0,,
556228841,高潜力首购用户,0.21000979518075238,2,,0.0931534531866308,3995.0,0.0,,
556240046,高潜力首购用户,0.23489698010764484,1,,0.07824412263237034,4789.0,0.0,,
556242594,高潜力首购用户,0.40448322803797215,1,,0.082000841456776,4589.0,0.0,,
556246138,高潜力首购用户,0.9134072977112261,1,,0.1218955138728363,2607.0,1.0,,
556247502,高潜力首购用户,2.157605139895269,1,,0.22512505743401834,375.0,1.0,,
556250615,高价值高摩擦用户,1.464958581533943,0,7.313309272028807,,,,0.36416078550592196,2937.0
556251527,高价值高摩擦用户,0.8331727411118958,0,5.599193591038345,,,,0.31073242456898964,4535.0
556252251,高潜力首购用户,0.4290484571078835,1,,0.0835661398617459,4499.0,0.0,,
556253163,高价值高摩擦用户,0.7863302057434168,0,6.472447455605666,,,,0.3999498651888307,2180.0
556253523,高潜力首购用户,0.4607165665260233,1,,0.07411832898883722,5043.0,0.0,,
556255435,高潜力首购用户,0.9545880457234052,1,,0.12471972564885393,2505.0,1.0,,
556257774,高价值高摩擦用户,1.6963796188067077,0,6.091810726252929,,,,0.4644883902011782,1334.0
556262845,高潜力首购用户,0.6575271511150406,1,,0.09810170564313302,3729.0,0.0,,
556266117,高潜力首购用户,0.31460837871907926,1,,0.07795297779123997,4809.0,0.0,,
556274025,高价值高摩擦用户,0.2930280635523149,0,5.444706369690692,,,,0.2053387045117997,10945.0
556283184,高价值高摩擦用户,2.0954065020783705,2,5.5643862987136785,,,,0.2776090378406636,5925.0
556286322,高潜力首购用户,1.255201246710323,2,,0.1585367314161674,1398.0,1.0,,
556312594,高潜力首购用户,0.2496271600692712,1,,0.07688335993714944,4869.0,0.0,,
556322004,高价值高摩擦用户,0.5769023451431111,0,7.90133292481603,,,,0.4686165786676411,1288.0
556335004,高价值高摩擦用户,-0.18907432736349636,0,5.345273337297426,,,,0.15066114500235378,15495.0
556341000,高价值高摩擦用户,0.02635311829004809,0,5.833977056314028,,,,0.2661371805514387,6521.0
556346548,高潜力首购用户,1.2237801170627784,1,,0.12801276477669749,2385.0,1.0,,
556356707,高潜力首购用户,0.3493864393907486,1,,0.0908933947680598,4105.0,0.0,,
556362004,高潜力首购用户,1.6812922256929592,1,,0.1582023985067408,1406.0,1.0,,
556365230,高价值高摩擦用户,1.3025064895222485,0,5.307049584065128,,,,0.23794679088739396,8347.0
556373000,高潜力首购用户,0.5321268289757447,1,,0.09920987367000184,3667.0,0.0,,
556373343,高潜力首购用户,0.7164340266159718,1,,0.10071510616014005,3595.0,0.0,,
556391887,高潜力首购用户,0.9898191523327426,1,,0.10915321537382909,3151.0,0.0,,
556395046,高价值高摩擦用户,0.7271367082240477,0,5.722541319593111,,,,0.3743283134572285,2716.0
556405640,高潜力首购用户,0.0727309082362994,1,,0.07890364157030659,4758.0,0.0,,
556429251,高潜力首购用户,0.6909385236551563,1,,0.09482516307812355,3919.0,0.0,,
556430799,高潜力首购用户,0.3832366616187564,1,,0.08414855754324281,4465.0,0.0,,
556433481,高潜力首购用户,0.15624372524815677,1,,0.07330580887479227,5083.0,0.0,,
556434163,高潜力首购用户,2.0548456510786948,1,,0.23323943889018103,320.0,1.0,,
556449092,高潜力首购用户,0.42536535400459613,1,,0.08725796987080355,4309.0,0.0,,
556453364,高潜力首购用户,1.6929287864453677,2,,0.19510381806615554,676.0,1.0,,
556457410,高价值高摩擦用户,2.3479261826340423,0,6.693512903489891,,,,0.3465141365697867,3398.0
556461841,高潜力首购用户,1.1240396512916997,1,,0.12910794116617808,2346.0,1.0,,
556465251,高潜力首购用户,0.06472994334373583,1,,0.07820138609422239,4791.0,0.0,,
556475230,高价值高摩擦用户,0.7095591500626234,0,5.248792841892845,,,,0.294949019720617,5186.0
556483502,高潜力首购用户,2.047010540221971,1,,0.18891675667877011,776.0,1.0,,
556489912,高价值高摩擦用户,0.4828749812471949,0,5.2545084595022615,,,,0.30767628351886867,4654.0
556509774,高潜力首购用户,0.3683180056255277,1,,0.07883275997237676,4761.0,0.0,,
556531297,高潜力首购用户,0.39874093129223526,1,,0.08155371730828398,4607.0,0.0,,
556541615,高价值高摩擦用户,-0.3945193652562533,0,5.303754937081699,,,,0.16775562367299818,14229.0
556566322,高潜力首购用户,1.3503263439705326,2,,0.14941915836577227,1636.0,1.0,,
556566799,高潜力首购用户,0.17976326981794244,1,,0.07207750045772704,5155.0,0.0,,
556570523,高潜力首购用户,0.06828556048811145,1,,0.07321838090883702,5090.0,0.0,,
556573230,高潜力首购用户,1.3515584530890126,1,,0.16110159668550453,1341.0,1.0,,
556575343,高潜力首购用户,1.4752828087376606,1,,0.14307130839342413,1828.0,1.0,,
556579707,高潜力首购用户,0.17512499083931446,1,,0.07944250661885692,4726.0,0.0,,
556584774,高潜力首购用户,0.7533919820292083,1,,0.10317763231774847,3462.0,0.0,,
556584866,高潜力首购用户,-0.04080058155433427,1,,0.06762176116061722,5343.0,0.0,,
556585297,高潜力首购用户,0.04799914740985375,1,,0.07675135794498844,4874.0,0.0,,
556587251,高潜力首购用户,0.41472758324599496,2,,0.10098511783791637,3581.0,0.0,,
556593163,高价值高摩擦用户,0.6425592787748331,0,5.271562629239218,,,,0.34763151383960955,3366.0
556594707,高潜力首购用户,0.3902880386675658,1,,0.0877718110307965,4276.0,0.0,,
556605297,高价值高摩擦用户,0.41667725439425557,0,5.788572868569317,,,,0.25714850068734957,7063.0
556607502,高潜力首购用户,0.30530531898938135,1,,0.08294638755997312,4532.0,0.0,,
556611205,高潜力首购用户,0.9417621491304149,1,,0.11115263185125543,3066.0,0.0,,
556613456,高价值高摩擦用户,0.2780103580535388,0,5.745086486320858,,,,0.2919941472763675,5314.0
556616092,高潜力首购用户,0.0030539626989143733,1,,0.06546076408758862,5392.0,0.0,,
556622205,高潜力首购用户,0.1857530156456151,1,,0.08031559145370568,4670.0,0.0,,
556625753,高潜力首购用户,0.9241202427758916,1,,0.12518816039815017,2489.0,1.0,,
556627845,高价值高摩擦用户,-0.3014368606872883,0,5.343079018986243,,,,0.21423715345024147,10183.0
556630276,高潜力首购用户,0.12523581195583042,1,,0.07889249882700693,4759.0,0.0,,
556630594,高潜力首购用户,1.624665696223347,2,,0.18973848123571488,761.0,1.0,,
556637184,高潜力首购用户,0.6574776765250688,1,,0.09623478699443712,3835.0,0.0,,
556639887,高潜力首购用户,0.03794344183491198,1,,0.07589174870396659,4926.0,0.0,,
556643368,高潜力首购用户,1.020158287502899,2,,0.14246402749979828,1851.0,1.0,,
556663163,高潜力首购用户,-0.05545432388994235,1,,0.06366603860512135,5401.0,0.0,,
556666866,高潜力首购用户,0.8283529272671344,1,,0.10402477509093178,3411.0,0.0,,
556668527,高潜力首购用户,0.860509130586456,1,,0.11767896233308496,2777.0,0.0,,
556670640,高潜力首购用户,0.5634016826291252,1,,0.10265097583512349,3487.0,0.0,,
556687276,高价值高摩擦用户,1.2736908649131646,0,9.778300675967149,,,,0.656169655231163,290.0
556688364,高潜力首购用户,0.574994298007236,2,,0.10131724326876006,3560.0,0.0,,
556689799,高价值高摩擦用户,0.6943883564070146,0,5.374032776240259,,,,0.15194368744692832,15406.0
556707251,高潜力首购用户,0.8299140839869782,1,,0.11604682819504002,2844.0,0.0,,
556710092,高价值高摩擦用户,1.3157149267031283,0,7.861356952839003,,,,0.5232340539779526,833.0
556715251,高潜力首购用户,0.15425428121631565,1,,0.07501179130525182,4977.0,0.0,,
556716000,高价值高摩擦用户,0.6365054896858758,0,6.484813336822638,,,,0.3209121393426819,4173.0
556718322,高潜力首购用户,0.09843437105898341,1,,0.06829450697944027,5324.0,0.0,,
556726184,高潜力首购用户,1.0006627446581984,2,,0.1382476241169727,1993.0,1.0,,
556730322,高潜力首购用户,0.2890805627388361,1,,0.07575687437329703,4937.0,0.0,,
556732000,高潜力首购用户,0.122138276990501,1,,0.07479894292855117,4996.0,0.0,,
556735841,高价值高摩擦用户,0.9684293246847044,0,5.990099329908637,,,,0.280806792904025,5786.0
556737456,高潜力首购用户,0.3218989283619329,1,,0.0844898744952824,4444.0,0.0,,
556737979,高潜力首购用户,1.5367385774086941,1,,0.1669699811166796,1191.0,1.0,,
556740000,高潜力首购用户,0.5560538986042518,1,,0.09882189490853217,3690.0,0.0,,
556753866,高潜力首购用户,1.2655012708233186,1,,0.12844304059171574,2368.0,1.0,,
556755276,高潜力首购用户,1.7285697000298121,1,,0.17749625193446836,981.0,1.0,,
556757205,高潜力首购用户,0.5359114515498576,1,,0.09277229019247717,4017.0,0.0,,
556758820,高潜力首购用户,1.1190874748056214,1,,0.12262256097314263,2570.0,1.0,,
556759979,高潜力首购用户,0.2587087206116154,1,,0.07766859217040384,4823.0,0.0,,
556763205,高价值高摩擦用户,2.0457488802803856,0,6.899115203654887,,,,0.3974884031350781,2220.0
556764138,高价值高摩擦用户,0.5898122916848949,0,6.299463820322658,,,,0.41293667135955436,1954.0
556764594,高潜力首购用户,2.3687483918142855,1,,0.2284990103321564,353.0,1.0,,
556765163,高价值高摩擦用户,1.2038302320847027,1,5.217158150394148,,,,0.2548921577398358,7189.0
556766753,高潜力首购用户,-0.036190919451532744,1,,0.06797504375273293,5335.0,0.0,,
556771000,高潜力首购用户,0.45523825306738924,1,,0.08603066534046012,4376.0,0.0,,
556771527,高潜力首购用户,1.2367637825646145,2,,0.1449261428015867,1769.0,1.0,,
556772205,高潜力首购用户,0.6860688187610334,2,,0.11625653488960754,2834.0,0.0,,
556776481,高潜力首购用户,0.55780508322853,1,,0.093105861182775,3997.0,0.0,,
556783322,高潜力首购用户,0.09498846535470362,1,,0.07017510986069114,5252.0,0.0,,
556783389,高潜力首购用户,0.16463120857900068,1,,0.07434243702977594,5024.0,0.0,,
556787527,高潜力首购用户,1.3834394612340377,1,,0.1502051572253997,1611.0,1.0,,
556789753,高潜力首购用户,1.4365616549177582,1,,0.14737604871044427,1699.0,1.0,,
556795933,高潜力首购用户,1.2949356394952252,1,,0.14625668092874503,1729.0,1.0,,
556801046,高潜力首购用户,0.6904032847462981,1,,0.10370424375240647,3424.0,0.0,,
556824368,高潜力首购用户,0.7455705809199905,1,,0.11204511775910067,3022.0,0.0,,
556824481,高潜力首购用户,0.8630666345132386,1,,0.11551088321130103,2879.0,0.0,,
556827163,高潜力首购用户,0.8111954864971963,2,,0.12771270537295348,2399.0,1.0,,
556832502,高潜力首购用户,0.8133779965613289,2,,0.1250392067407953,2494.0,1.0,,
556843435,高潜力首购用户,0.808213771562416,1,,0.1077547731945672,3217.0,0.0,,
556846682,高潜力首购用户,1.1077707879889058,2,,0.14943941072342262,1633.0,1.0,,
556849799,高潜力首购用户,0.23692916107112047,1,,0.08145408733846699,4610.0,0.0,,
556864686,高价值高摩擦用户,0.9856801857343798,0,6.666396839247023,,,,0.2093390417153545,10623.0
556870774,高价值高摩擦用户,1.6922589868422981,0,5.558380909461191,,,,0.3026348972717055,4835.0
556878799,高潜力首购用户,-0.011287079100063116,1,,0.0718095693038583,5166.0,0.0,,
556884527,高价值高摩擦用户,2.165802954417537,0,5.88818519765398,,,,0.35981967022036615,3048.0
556889979,高潜力首购用户,1.2729345308176292,1,,0.13653155252132038,2057.0,1.0,,
556893435,高价值高摩擦用户,-0.0027183258172066523,0,6.7578505722396685,,,,0.25872086447055515,6969.0
556897343,高价值高摩擦用户,0.790791791388688,0,6.39158204888955,,,,0.33905788997039515,3598.0
556900887,高潜力首购用户,0.7029305458430063,1,,0.10158491781689857,3549.0,0.0,,
556903481,高潜力首购用户,0.1534418998198445,1,,0.07419336262152085,5039.0,0.0,,
556905548,高潜力首购用户,0.8616422109671502,1,,0.1149471650754698,2896.0,0.0,,
556906205,高潜力首购用户,0.6740631347861913,1,,0.11077097849838391,3082.0,0.0,,
556908209,高潜力首购用户,1.653301963973087,1,,0.16504124093928105,1240.0,1.0,,
556911297,高潜力首购用户,0.09245890556676568,1,,0.08065989057117401,4647.0,0.0,,
556914205,高潜力首购用户,0.3555166401155691,1,,0.08946532401792727,4190.0,0.0,,
556917527,高价值高摩擦用户,1.9670105440888506,0,6.571617986260952,,,,0.4684044107640925,1292.0
556922092,高潜力首购用户,0.29671812825468163,1,,0.09007814943986396,4158.0,0.0,,
556939276,高潜力首购用户,0.4729340229426175,1,,0.08773297049058809,4278.0,0.0,,
556943025,高价值高摩擦用户,0.4964700811368277,0,5.638895822752708,,,,0.26164270272953416,6777.0
556946251,高潜力首购用户,1.5804945909041355,2,,0.18964458605669796,764.0,1.0,,
556952092,高潜力首购用户,0.03532749088681868,1,,0.08131731537177657,4613.0,0.0,,
556953887,高价值高摩擦用户,1.5870966524408037,1,6.95542259076649,,,,0.4766872543098262,1208.0
556955410,高潜力首购用户,1.076578938333743,1,,0.12016806505179356,2673.0,1.0,,
556960753,高潜力首购用户,0.6522161285094091,1,,0.10128518901077616,3564.0,0.0,,
556961251,高价值高摩擦用户,0.9981710968357599,0,6.246698185825306,,,,0.37479332810009847,2708.0
556963841,高潜力首购用户,1.2842159120550412,1,,0.11861283367490862,2738.0,0.0,,
556964686,高潜力首购用户,0.15244279908309857,1,,0.07333172503251639,5082.0,0.0,,
556980092,高潜力首购用户,0.22646473193187144,1,,0.07750984019069138,4830.0,0.0,,
556981251,高价值高摩擦用户,0.24880371964435177,1,5.4208623793059125,,,,0.27380920519410307,6107.0
556982046,高潜力首购用户,1.0059504252205653,1,,0.10741434115260992,3232.0,0.0,,
556984000,高潜力首购用户,-0.03254761236232636,1,,0.06534211457420198,5395.0,0.0,,
556984548,高价值高摩擦用户,0.6411175389821523,0,5.97280071558213,,,,0.2700358663068522,6311.0
556988615,高潜力首购用户,0.13147923416640583,1,,0.08204362419397346,4587.0,0.0,,
556989728,高潜力首购用户,0.6711404092423865,2,,0.10810052171413458,3201.0,0.0,,
556990523,高潜力首购用户,1.1710759610527441,1,,0.13966632796137246,1939.0,1.0,,
556993799,高潜力首购用户,1.1376392882607997,1,,0.12145819525556294,2621.0,1.0,,
556995410,高价值高摩擦用户,0.022946655080680018,0,6.587133950320531,,,,0.33360494342070784,3746.0
557000456,高潜力首购用户,1.5313338896371602,1,,0.15802530349431604,1411.0,1.0,,
557002774,高价值高摩擦用户,0.5117411169272889,0,6.550292723371443,,,,0.35197691340249354,3254.0
557008728,高价值高摩擦用户,0.9910801698125349,1,5.62041758798536,,,,0.26789423285415126,6432.0
557022343,高潜力首购用户,0.07795216998233219,1,,0.07124107883727904,5195.0,0.0,,
557023456,高潜力首购用户,0.7882424142223182,1,,0.11544660310483656,2884.0,0.0,,
557026979,高潜力首购用户,0.2313246697696142,1,,0.08449327947845942,4443.0,0.0,,
557027071,高价值高摩擦用户,2.2490280088291352,0,8.08811958285572,,,,0.560592229885664,642.0
557028707,高潜力首购用户,0.6633007041239266,1,,0.10253999670009434,3492.0,0.0,,
557034569,高潜力首购用户,0.0002559541357860147,1,,0.07446366109382435,5013.0,0.0,,
557041912,高潜力首购用户,0.695153177050905,1,,0.10610525474094475,3290.0,0.0,,
557047569,高潜力首购用户,0.29388650404591943,1,,0.06897572758780947,5293.0,0.0,,
557048410,高价值高摩擦用户,1.3792389686405861,0,6.741133827992253,,,,0.34363650490345415,3476.0
557054682,高价值高摩擦用户,0.8146282451105188,0,6.021817208916902,,,,0.3051481645820426,4745.0
557063163,高潜力首购用户,0.23347622371463508,1,,0.07550483830627701,4951.0,0.0,,
557067071,高潜力首购用户,0.6418777287166705,1,,0.11546781546068997,2882.0,0.0,,
557067251,高潜力首购用户,1.016926589612055,1,,0.12272717845093942,2566.0,1.0,,
557068410,高价值高摩擦用户,0.13847603676728387,0,7.664825166104774,,,,0.5240530706689958,828.0
557072887,高潜力首购用户,-0.017028237409862108,1,,0.06946207556362641,5278.0,0.0,,
557076615,高潜力首购用户,0.43998011552074406,1,,0.08537865314301162,4408.0,0.0,,
557077912,高潜力首购用户,1.472347067153276,1,,0.15394593831822825,1513.0,1.0,,
557080364,高潜力首购用户,0.6016034402102814,1,,0.09853344842512489,3702.0,0.0,,
557085481,高价值高摩擦用户,0.9647612599265759,0,6.17430039470867,,,,0.27963673542453976,5837.0
557088523,高价值高摩擦用户,0.4370938334730077,0,5.885548321516433,,,,0.3392437552673755,3592.0
557097686,高潜力首购用户,1.1132602904413156,1,,0.11552185723087133,2878.0,0.0,,
557104071,高价值高摩擦用户,1.828934335168599,0,9.271997603324982,,,,0.5970715748445962,496.0
557105912,高潜力首购用户,0.7243761983991962,1,,0.10159074668946326,3548.0,0.0,,
557112502,高价值高摩擦用户,3.453088778079156,0,11.58452922693259,,,,0.8241162595568036,57.0
557116728,高潜力首购用户,1.1249064977590686,3,,0.1578452662975743,1416.0,1.0,,
557133502,高潜力首购用户,0.6785670280033466,1,,0.1074132700269941,3233.0,0.0,,
557140025,高潜力首购用户,3.9384979180110804,2,,0.4672413559685554,3.0,1.0,,
557141912,高价值高摩擦用户,1.5488161904784643,0,5.828380752221434,,,,0.3375423550686017,3641.0
557146799,高潜力首购用户,0.7130279377697882,1,,0.10634760412354177,3278.0,0.0,,
557156251,高价值高摩擦用户,1.8836340964531193,0,5.425124378197458,,,,0.3023640859713994,4849.0
557157046,高潜力首购用户,-0.04530049678725875,1,,0.06727853279198664,5350.0,0.0,,
557168527,高潜力首购用户,0.6523650661949986,1,,0.09082882581639462,4112.0,0.0,,
557204481,高潜力首购用户,-0.02887591454944397,1,,0.07040087530740069,5244.0,0.0,,
557221410,高价值高摩擦用户,0.11689859287691289,0,5.331486149814511,,,,0.297698191263991,5051.0
557223389,高潜力首购用户,1.017265230082265,2,,0.13371109160459516,2166.0,1.0,,
557224820,高潜力首购用户,0.06014643875373978,1,,0.07780166703431725,4816.0,0.0,,
557227527,高价值高摩擦用户,1.3185155220407714,0,7.962222597840542,,,,0.5046160860846322,972.0
557230569,高潜力首购用户,-0.02491822960659144,1,,0.06884619769723879,5300.0,0.0,,
557233640,高潜力首购用户,1.866834552342868,2,,0.21774130567928468,434.0,1.0,,
557238343,高潜力首购用户,-0.02776329904232988,1,,0.0686253600775773,5310.0,0.0,,
557239912,高潜力首购用户,0.40437442404376656,1,,0.0758304542805505,4930.0,0.0,,
557240205,高潜力首购用户,0.011920254663139654,1,,0.07544436053295757,4954.0,0.0,,
557241092,高潜力首购用户,1.6633292344925643,2,,0.19089592259877586,743.0,1.0,,
557241866,高潜力首购用户,0.2406486862372408,1,,0.075913374887717,4925.0,0.0,,
557242322,高潜力首购用户,0.9140189478156072,1,,0.09918483435101459,3671.0,0.0,,
557246682,高潜力首购用户,-0.03423203709194389,1,,0.06812568914730437,5328.0,0.0,,
557247753,高潜力首购用户,0.7108383427622146,1,,0.10889118382601974,3160.0,0.0,,
557250845,高潜力首购用户,0.3372599390169943,1,,0.08594189955545153,4380.0,0.0,,
557252435,高潜力首购用户,0.841929557657297,1,,0.11055475106587828,3091.0,0.0,,
557255523,高价值高摩擦用户,1.1552186831062468,0,5.994089943889701,,,,0.2537802658240539,7262.0
557255753,高潜力首购用户,0.5782863334249099,1,,0.10320135900264625,3461.0,0.0,,
557266979,高潜力首购用户,1.7748155926540343,1,,0.17367364334069693,1057.0,1.0,,
557268364,高潜力首购用户,0.798944311384368,1,,0.11213471383294564,3016.0,0.0,,
557271686,高价值高摩擦用户,3.5228756980235225,0,12.304683055397746,,,,0.8709602211721371,28.0
557281092,高潜力首购用户,1.1012224815085043,1,,0.14093512004517705,1898.0,1.0,,
557283184,高潜力首购用户,0.4600471918584749,1,,0.08729812532930004,4307.0,0.0,,
557283209,高潜力首购用户,1.7979953558914739,1,,0.1911484047689516,741.0,1.0,,
557283343,高潜力首购用户,2.1635274873393464,1,,0.2299868233315257,342.0,1.0,,
557287912,高潜力首购用户,-0.026980216652815914,1,,0.06868607831599262,5306.0,0.0,,
557298481,高潜力首购用户,0.00212984486611216,1,,0.07290157167187086,5110.0,0.0,,
557301092,高潜力首购用户,1.7376505151728276,1,,0.17686183988422005,1000.0,1.0,,
557301569,高潜力首购用户,1.221332847379687,2,,0.13853740225827896,1978.0,1.0,,
557302322,高潜力首购用户,1.036519573249094,1,,0.12027398760768486,2668.0,1.0,,
557306322,高潜力首购用户,0.2974669246240255,1,,0.07281518452017331,5119.0,0.0,,
557319276,高价值高摩擦用户,1.2307161545733813,0,6.34994286399181,,,,0.47122883204263877,1258.0
557323979,高价值高摩擦用户,0.9292382446040882,0,5.54720988288498,,,,0.31843001769330265,4255.0
557324297,高潜力首购用户,1.420553378167786,1,,0.15055860456248213,1599.0,1.0,,
557331117,高价值高摩擦用户,1.9400849882691276,3,7.571806895443725,,,,0.5048558495303525,970.0
557333389,高潜力首购用户,3.1337438592082485,5,,0.4128948231237772,9.0,1.0,,
557340251,高潜力首购用户,0.6817900706760436,1,,0.11138711020828347,3056.0,0.0,,
557348799,高潜力首购用户,1.2254650362248911,1,,0.13328805153113463,2181.0,1.0,,
557353615,高潜力首购用户,0.27719207290764947,1,,0.08202404076776296,4588.0,0.0,,
557360322,高价值高摩擦用户,0.9743183128480247,0,6.937156879778954,,,,0.4842695065846332,1134.0
557362866,高价值高摩擦用户,2.1446695605126,1,5.318565527377984,,,,0.350165113471334,3300.0
557378615,高价值高摩擦用户,2.1082191109609063,0,6.344866834049567,,,,0.31230109522066013,4468.0
557381841,高潜力首购用户,0.07813290332914391,1,,0.07730161238588736,4844.0,0.0,,
557388979,高潜力首购用户,1.0815354304661264,1,,0.11962954790030868,2692.0,1.0,,
557390435,高潜力首购用户,-0.013051169534546289,1,,0.06977444708620281,5264.0,0.0,,
557393230,高潜力首购用户,0.6532496719376041,3,,0.1173606866806272,2788.0,0.0,,
557397527,高潜力首购用户,0.36284108868187426,2,,0.09972579960527596,3645.0,0.0,,
557421184,高潜力首购用户,-0.06461823705601481,1,,0.06582337587673584,5386.0,0.0,,
557427138,高潜力首购用户,2.3569417374780257,1,,0.2344215608876065,318.0,1.0,,
557427481,高潜力首购用户,0.2736904914269781,2,,0.0938301210790667,3969.0,0.0,,
557440615,高潜力首购用户,2.8404517200405515,1,,0.28180526606094436,112.0,1.0,,
557463000,高价值高摩擦用户,2.6915398452508903,0,5.9997178943441325,,,,0.4105389849655708,1993.0
557468912,高潜力首购用户,1.7403916998344517,1,,0.17151235337613893,1092.0,1.0,,
557553117,高潜力首购用户,1.713272067636269,1,,0.16458857437989924,1255.0,1.0,,
557555389,高价值高摩擦用户,-0.4212378344742283,0,5.210974116312755,,,,0.24269002850088986,8009.0
557558686,高潜力首购用户,0.42954835747337716,1,,0.08247205690013872,4564.0,0.0,,
557566933,高潜力首购用户,0.12473478055187055,1,,0.06838580897109924,5320.0,0.0,,
557567661,高潜力首购用户,0.541817257031017,1,,0.09917969704429476,3672.0,0.0,,
557572251,高潜力首购用户,0.6412339393510327,1,,0.0984523521000617,3708.0,0.0,,
557573958,高潜力首购用户,0.6126329137673796,1,,0.09887360080034598,3688.0,0.0,,
557584569,高潜力首购用户,1.6776006621415254,1,,0.158726887177161,1393.0,1.0,,
557602163,高价值高摩擦用户,0.48053329197411226,0,6.66362122120953,,,,0.21314379509388173,10283.0
557612251,高潜力首购用户,0.10484165733545132,2,,0.08300163401163614,4530.0,0.0,,
557616209,高潜力首购用户,2.289219686113423,1,,0.23320520278174275,321.0,1.0,,
557618389,高潜力首购用户,0.24187699416404249,2,,0.09110510063390566,4091.0,0.0,,
557626615,高潜力首购用户,-0.0056415755996243695,1,,0.06810337309566313,5330.0,0.0,,
557629958,高价值高摩擦用户,0.5429705594742993,0,7.784712491340612,,,,0.4258904315676591,1782.0
557645707,高潜力首购用户,2.3448367119986577,1,,0.22381226516195737,388.0,1.0,,
557651163,高价值高摩擦用户,1.5994069002567226,0,6.408223967010642,,,,0.48189435710682316,1150.0
557651841,高潜力首购用户,1.6460375685889803,1,,0.17584253099952346,1018.0,1.0,,
557651866,高价值高摩擦用户,1.83285063606644,0,5.939453890214306,,,,0.26028549756415026,6870.0
557654845,高价值高摩擦用户,1.6039876612235886,0,5.867260943648676,,,,0.24604474252784958,7774.0
557655523,高潜力首购用户,0.30840569955453373,1,,0.08686971526200202,4332.0,0.0,,
557672887,高潜力首购用户,0.297565627035364,1,,0.08111187672775902,4628.0,0.0,,
557680435,高潜力首购用户,0.7227561962435566,1,,0.09979043097477788,3640.0,0.0,,
557684481,高价值高摩擦用户,0.2054045873359023,0,5.527462870057881,,,,0.3520276722156729,3251.0
557687640,高潜力首购用户,1.4515282616920622,1,,0.1560017173006228,1465.0,1.0,,
557694230,高潜力首购用户,2.09644442287593,2,,0.21073710493058748,495.0,1.0,,
557696230,高潜力首购用户,1.605371324701414,2,,0.17469830078263307,1041.0,1.0,,
557697958,高价值高摩擦用户,1.317457934310738,0,6.12496781433699,,,,0.41304413956456426,1953.0
557699368,高潜力首购用户,0.685670451835685,1,,0.10333968817140014,3449.0,0.0,,
557707389,高潜力首购用户,1.5374444172107775,2,,0.1689876084909375,1147.0,1.0,,
557712364,高潜力首购用户,1.883822851443263,1,,0.18256481948710107,885.0,1.0,,
557722523,高潜力首购用户,0.4905121627807316,1,,0.09737589026115047,3764.0,0.0,,
557723092,高潜力首购用户,0.9511868534452271,1,,0.12646405931801827,2440.0,1.0,,
557727866,高价值高摩擦用户,1.6054275861214204,0,5.72850951993927,,,,0.38962998848685915,2383.0
557732912,高潜力首购用户,3.2954335068757854,3,,0.3833290256507674,16.0,1.0,,
557739117,高潜力首购用户,1.0537699749586817,1,,0.12237400532936343,2580.0,1.0,,
557747523,高潜力首购用户,0.3591835449577814,1,,0.08685807471493807,4335.0,0.0,,
557752297,高潜力首购用户,0.0368240869906654,1,,0.07144508340941175,5190.0,0.0,,
557758481,高潜力首购用户,1.2200162127092802,1,,0.12659063167169046,2432.0,1.0,,
557764276,高潜力首购用户,1.1770801660889854,1,,0.12468761835461857,2508.0,1.0,,
557778887,高价值高摩擦用户,2.2334903968427566,0,8.453485045421779,,,,0.5737143665049544,588.0
557779912,高价值高摩擦用户,2.876140896534093,0,8.91369827815289,,,,0.5547015944364484,658.0
557785799,高潜力首购用户,1.8759276883302782,1,,0.19547403099952748,664.0,1.0,,
557796025,高潜力首购用户,0.856706461774647,1,,0.1022140814708262,3514.0,0.0,,
557814230,高价值高摩擦用户,0.4731818438289723,0,6.5012396192377935,,,,0.2494368622568384,7546.0
557819389,高潜力首购用户,1.0914801159088194,1,,0.14214887748781588,1862.0,1.0,,
557832640,高潜力首购用户,0.907584273757085,1,,0.1293270824437371,2334.0,1.0,,
557837368,高价值高摩擦用户,0.8226396724899508,0,7.482372269835613,,,,0.368906778615937,2840.0
557841707,高价值高摩擦用户,0.9297153704506845,0,6.79447728039054,,,,0.3445161660604147,3450.0
557884046,高潜力首购用户,2.0495958403115595,2,,0.2298438063027958,345.0,1.0,,
557886728,高潜力首购用户,0.2958230276763227,1,,0.08998922381744223,4166.0,0.0,,
557910640,高潜力首购用户,0.6895659963539159,1,,0.10235798591467594,3499.0,0.0,,
557921958,高价值高摩擦用户,0.2498505193466216,0,7.277795937263226,,,,0.1920392583171228,12101.0
557924799,高潜力首购用户,1.94626234714271,1,,0.19140342534778124,738.0,1.0,,
557929435,高价值高摩擦用户,3.295764997866185,0,9.904122351008937,,,,0.7400432988255855,136.0
557935435,高潜力首购用户,1.4201473407990195,2,,0.17552840733362382,1022.0,1.0,,
557937728,高潜力首购用户,0.7139413111313249,1,,0.10235662983852271,3500.0,0.0,,
557947682,高潜力首购用户,0.2888002667109373,1,,0.07840516451539167,4784.0,0.0,,
557949502,高价值高摩擦用户,0.7882119168357383,0,5.412724339341695,,,,0.24063216388164288,8147.0
557951297,高潜力首购用户,2.2616354414379196,2,,0.25124820591799824,212.0,1.0,,
557951364,高潜力首购用户,0.12516533214151504,1,,0.07038613971170447,5245.0,0.0,,
557951707,高价值高摩擦用户,-0.06433909180344244,0,5.86908502628056,,,,0.23884555576924713,8274.0
557957456,高价值高摩擦用户,0.7488589986691351,0,6.514959573974636,,,,0.2331128934994946,8724.0
557958845,高潜力首购用户,0.7149760518661402,1,,0.10937900466354913,3144.0,0.0,,
557959845,高潜力首购用户,0.12281110224001107,1,,0.07872901744494948,4768.0,0.0,,
557963435,高潜力首购用户,1.2194471738864048,1,,0.13668793830871984,2050.0,1.0,,
557964276,高潜力首购用户,0.7382170411340027,1,,0.10460916687014421,3382.0,0.0,,
557966343,高潜力首购用户,1.3195405479791784,1,,0.1533597438335446,1533.0,1.0,,
557968435,高潜力首购用户,1.1040942483166625,1,,0.12326629184401446,2553.0,1.0,,
557976071,高价值高摩擦用户,-0.007287857928386594,0,5.7872280815473385,,,,0.2643661296679579,6616.0
557982297,高价值高摩擦用户,1.2223254798954029,0,5.359604870214022,,,,0.41986318233162895,1861.0
557985163,高潜力首购用户,1.8928526249656923,1,,0.1849414379023515,848.0,1.0,,
557994368,高潜力首购用户,1.0722494446982531,1,,0.14286878838717498,1835.0,1.0,,
557995071,高潜力首购用户,0.2073742239237181,1,,0.07798885509344067,4806.0,0.0,,
558006205,高潜力首购用户,0.6230583770068164,2,,0.11454079434870036,2912.0,0.0,,
558015887,高价值高摩擦用户,0.012480961507063149,0,5.696084168590572,,,,0.2710471505941745,6241.0
558023046,高价值高摩擦用户,1.1392466331721856,0,6.63413389017869,,,,0.3056584189071518,4729.0
558036548,高潜力首购用户,0.7861117180025105,1,,0.11116757684695962,3065.0,0.0,,
558036979,高价值高摩擦用户,0.19546552564038008,0,5.528652141776307,,,,0.16884384400526992,14128.0
558046138,高潜力首购用户,0.7393276234109525,1,,0.1117924592910527,3034.0,0.0,,
558046523,高潜力首购用户,0.6369581693924543,2,,0.10807931119741483,3203.0,0.0,,
558047686,高潜力首购用户,0.4775703256495311,1,,0.10008263537733486,3626.0,0.0,,
558060569,高潜力首购用户,2.3437042434898463,3,,0.2531028509289046,205.0,1.0,,
558064435,高潜力首购用户,1.9363917232507895,1,,0.19645477356921656,649.0,1.0,,
558067686,高价值高摩擦用户,2.045631098239666,0,6.315504916588738,,,,0.37357813082956776,2732.0
558068569,高潜力首购用户,1.3186406301413205,1,,0.11623837263914046,2836.0,0.0,,
558070615,高价值高摩擦用户,0.1534418998198445,0,6.461955557564196,,,,0.39204994498081314,2321.0
558078774,高价值高摩擦用户,1.2030164002903152,0,6.075393922662171,,,,0.3168828508849095,4306.0
558081343,高潜力首购用户,0.6886309196969965,1,,0.11104840703290018,3070.0,0.0,,
558084661,高潜力首购用户,0.18534938778155818,2,,0.08990449554320282,4170.0,0.0,,
558085866,高潜力首购用户,1.5873604529755496,1,,0.15001713335034814,1617.0,1.0,,
558096138,高潜力首购用户,1.201897013790257,1,,0.14546096205467546,1755.0,1.0,,
558103092,高价值高摩擦用户,-0.07818790070163902,0,5.903288856204257,,,,0.28694253467755443,5520.0
558108364,高潜力首购用户,0.647133037420024,2,,0.11684731995576854,2809.0,0.0,,
558120502,高潜力首购用户,0.18848726191538767,1,,0.07428041415907598,5032.0,0.0,,
558122979,高潜力首购用户,1.1310625480373364,1,,0.12491833718280956,2499.0,1.0,,
558123707,高潜力首购用户,2.0554528613372827,1,,0.21021676443285672,502.0,1.0,,
558125368,高潜力首购用户,1.76002915541451,1,,0.17875381163307388,955.0,1.0,,
558137025,高潜力首购用户,0.6505348564854813,1,,0.09715850550379515,3783.0,0.0,,
558141456,高潜力首购用户,0.4850676825289262,1,,0.08417056109938048,4464.0,0.0,,
558152004,高潜力首购用户,0.07712790561949982,1,,0.06877499698038952,5302.0,0.0,,
558159912,高潜力首购用户,1.8965968203028805,2,,0.17223162347511803,1079.0,1.0,,
558162799,高价值高摩擦用户,1.5972359263934208,0,6.334389136741248,,,,0.4163413343435253,1913.0
558167456,高潜力首购用户,0.22782426965915292,2,,0.08676280864284724,4344.0,0.0,,
558212774,高潜力首购用户,0.5016406467704176,1,,0.08583247446315295,4383.0,0.0,,
558213046,高价值高摩擦用户,1.7525446516900178,1,5.84920949952711,,,,0.3158993797056578,4335.0
558262594,高潜力首购用户,0.741328871003751,2,,0.10977159247275721,3125.0,0.0,,
558263753,高潜力首购用户,2.1548391862497254,3,,0.2564652916441425,185.0,1.0,,
558264117,高潜力首购用户,1.2125599058422334,1,,0.13401013113621066,2155.0,1.0,,
558267046,高潜力首购用户,2.094503264884063,2,,0.2467983800922431,230.0,1.0,,
558270092,高价值高摩擦用户,1.7100990575414279,0,5.906988589587895,,,,0.35749954313900795,3100.0
558282322,高潜力首购用户,1.5013958506895735,1,,0.1449446702678383,1767.0,1.0,,
558282594,高潜力首购用户,0.7671506844493959,1,,0.08738107808606581,4302.0,0.0,,
558288569,高潜力首购用户,0.4936220939559201,1,,0.09418311164113329,3951.0,0.0,,
558293615,高价值高摩擦用户,1.045101656700315,0,5.646903433552762,,,,0.4106661812883753,1990.0
558295728,高价值高摩擦用户,0.9678928244695083,0,6.228313745478303,,,,0.2252164645790308,9330.0
558296209,高潜力首购用户,0.4050393871237101,1,,0.08921464929008491,4197.0,0.0,,
558307841,高潜力首购用户,0.4572583664893286,1,,0.09449548475463825,3930.0,0.0,,
558309364,高潜力首购用户,1.736808410749371,1,,0.18404941157979637,863.0,1.0,,
558310799,高潜力首购用户,0.4413750061859605,1,,0.08748080761151518,4293.0,0.0,,
558311481,高潜力首购用户,0.7065582864488964,1,,0.1034894055376586,3436.0,0.0,,
558315209,高潜力首购用户,1.0815192854987243,1,,0.1257971912449044,2464.0,1.0,,
558315343,高价值高摩擦用户,0.7448375637093463,0,5.581074833008298,,,,0.2606465423766731,6844.0
558324523,高价值高摩擦用户,0.7170681740306074,0,7.84586798826626,,,,0.26960032326267624,6336.0
558335343,高潜力首购用户,0.35129135151038837,1,,0.0839809923420411,4475.0,0.0,,
558348046,高价值高摩擦用户,0.3137043202091844,0,5.837427447786736,,,,0.20644344209344317,10851.0
558355410,高潜力首购用户,0.7276392752730425,1,,0.09578572864026767,3861.0,0.0,,
558365774,高价值高摩擦用户,2.207426787617626,2,8.690401122776954,,,,0.5735189723788677,590.0
558367364,高潜力首购用户,0.9292428673146321,1,,0.11314999625263367,2974.0,0.0,,
558368661,高潜力首购用户,0.5376389639296448,1,,0.1031717697475645,3463.0,0.0,,
558370820,高价值高摩擦用户,0.47318056191794033,0,6.132580644664781,,,,0.2543797020235138,7221.0
558370979,高潜力首购用户,0.6027039905544692,1,,0.10253024999239461,3494.0,0.0,,
558373548,高潜力首购用户,0.36677227840267795,1,,0.08496079306215149,4428.0,0.0,,
558379276,高潜力首购用户,1.0901654518785244,1,,0.11642714451631524,2828.0,0.0,,
558395163,高价值高摩擦用户,1.3882435688057242,0,6.734462405898034,,,,0.37541558591890956,2684.0
558405502,高潜力首购用户,0.17294110381827701,1,,0.08325251115518988,4517.0,0.0,,
558406209,高潜力首购用户,2.076940709365966,1,,0.20790301149642837,526.0,1.0,,
558409933,高潜力首购用户,1.691187246317262,1,,0.17718331798470757,990.0,1.0,,
558410866,高潜力首购用户,1.8288307200804692,1,,0.19133123362965587,740.0,1.0,,
558412322,高价值高摩擦用户,0.32958958388436643,0,5.87668259579498,,,,0.1990694129577938,11510.0
558419456,高价值高摩擦用户,0.13024013921015376,0,7.020780346773435,,,,0.42843907337018927,1750.0
558425410,高潜力首购用户,2.6180305862967668,1,,0.28189452511163093,111.0,1.0,,
558434682,高潜力首购用户,1.946057764981833,1,,0.1825347130946189,886.0,1.0,,
558434753,高潜力首购用户,1.459707419497357,2,,0.1591597876451822,1382.0,1.0,,
558434912,高潜力首购用户,0.02780864496895151,1,,0.07072321595569157,5231.0,0.0,,
558445686,高价值高摩擦用户,0.6702435908353946,0,7.481229693039992,,,,0.38657951367395565,2442.0
558452845,高潜力首购用户,0.8672253285956933,3,,0.1409812869344547,1897.0,1.0,,
558453092,高潜力首购用户,0.14087257178777293,1,,0.07574171128396773,4938.0,0.0,,
558459205,高价值高摩擦用户,2.6316635717311594,0,10.631740440734871,,,,0.7459865970516545,128.0
558477774,高价值高摩擦用户,0.875495476554109,0,7.171205107857468,,,,0.46240191423876725,1355.0
558494000,高潜力首购用户,0.9713756555674751,3,,0.1607152694580826,1346.0,1.0,,
558505661,高潜力首购用户,0.37773726996082807,1,,0.0992788783273434,3664.0,0.0,,
558511410,高潜力首购用户,2.321749499581523,1,,0.21625023334631321,445.0,1.0,,
558512569,高价值高摩擦用户,2.0741265016685175,0,7.0411416610931425,,,,0.48953270588140996,1091.0
558514820,高潜力首购用户,1.807692298348585,2,,0.21012624826697301,503.0,1.0,,
558514887,高潜力首购用户,1.2714607231817026,1,,0.14840291688439816,1670.0,1.0,,
558524435,高潜力首购用户,1.617046141359954,1,,0.1659241231263179,1215.0,1.0,,
558525368,高潜力首购用户,1.075811859121966,1,,0.12384835635844291,2534.0,1.0,,
558526184,高潜力首购用户,-0.040847273003344266,1,,0.0711005940811161,5202.0,0.0,,
558530594,高价值高摩擦用户,0.9218685286886684,0,6.617453778823129,,,,0.34312890453698563,3491.0
558549209,高潜力首购用户,1.2724261846370093,2,,0.14594826142919856,1739.0,1.0,,
558556230,高价值高摩擦用户,-0.013211796955145438,0,5.23102457971012,,,,0.19308469066225278,11999.0
558557276,高潜力首购用户,1.481334071653053,1,,0.1554610659731151,1479.0,1.0,,
558557410,高价值高摩擦用户,1.669677639533564,0,6.96979066990159,,,,0.523696880037662,830.0
558563000,高价值高摩擦用户,0.6913081291653235,0,6.809784061756165,,,,0.39417359213141867,2282.0
558569661,高价值高摩擦用户,1.8399254748225922,0,6.575424454861473,,,,0.3751851839156362,2693.0
558582297,高潜力首购用户,0.5195426792706156,1,,0.0939787833314326,3962.0,0.0,,
558635251,高潜力首购用户,0.9817329204854176,1,,0.12475311361090786,2504.0,1.0,,
558641184,高潜力首购用户,2.787963182158874,1,,0.3098524658096815,63.0,1.0,,
558652682,高价值高摩擦用户,0.41477140694872916,1,5.612822817589134,,,,0.1851007681905769,12725.0
558653799,高潜力首购用户,0.34630989395353606,1,,0.08680791064316089,4338.0,0.0,,
558655523,高价值高摩擦用户,1.0530907907789637,0,5.498069458404876,,,,0.2728996970630381,6145.0
558656046,高潜力首购用户,1.3049556606087387,1,,0.14570524063874846,1747.0,1.0,,
558660322,高潜力首购用户,2.8674949982154705,1,,0.29310135692264855,85.0,1.0,,
558665481,高潜力首购用户,0.8211595868467686,1,,0.1144114464843509,2916.0,0.0,,
558666820,高潜力首购用户,0.660017294469449,1,,0.09836919731777628,3712.0,0.0,,
558668322,高潜力首购用户,0.17230035733255059,1,,0.07577952186438765,4936.0,0.0,,
558668753,高潜力首购用户,1.1550108245673192,1,,0.1341115188049463,2151.0,1.0,,
558695845,高潜力首购用户,0.4641621310321682,1,,0.0920265060436681,4039.0,0.0,,
558696774,高价值高摩擦用户,1.9709478945691223,0,6.21808775168644,,,,0.4179994291376013,1884.0
558703389,高潜力首购用户,0.3577224758334417,1,,0.09310692642462583,3996.0,0.0,,
558703686,高价值高摩擦用户,0.5490364317509854,0,6.834582254244222,,,,0.4273885558015199,1763.0
558723979,高价值高摩擦用户,0.13653651991336754,0,5.93770505626162,,,,0.4156552275892595,1924.0
558729000,高潜力首购用户,0.7445675832201394,1,,0.10628647816623249,3284.0,0.0,,
558733322,高潜力首购用户,0.21714226307900283,1,,0.08743572561748557,4296.0,0.0,,
558734117,高潜力首购用户,0.4799032288953415,1,,0.0884117145340021,4237.0,0.0,,
558741753,高潜力首购用户,0.04799914740985375,1,,0.07675135794498844,4874.0,0.0,,
558768364,高价值高摩擦用户,0.4310143601075702,0,5.777511587172885,,,,0.24031027800150123,8175.0
558775025,高潜力首购用户,0.8659111952710136,1,,0.1135694885570976,2949.0,0.0,,
558781774,高潜力首购用户,1.1001889238425093,2,,0.14158378397813398,1882.0,1.0,,
558793728,高价值高摩擦用户,2.608025910992852,0,9.458736873171441,,,,0.626701280502867,373.0
558795661,高潜力首购用户,1.7456297240218663,1,,0.17182262423611147,1089.0,1.0,,
558816548,高潜力首购用户,1.7856747848552776,1,,0.194839408132865,679.0,1.0,,
558818979,高潜力首购用户,0.2080021826145881,1,,0.07768530121551553,4820.0,0.0,,
558821912,高潜力首购用户,1.3412725352376855,1,,0.13997541641439448,1927.0,1.0,,
558826368,高价值高摩擦用户,0.9490287691204724,0,5.778395081365247,,,,0.3021146673459139,4867.0
558835866,高潜力首购用户,1.7383104607800763,1,,0.16727731081289976,1183.0,1.0,,
558848163,高潜力首购用户,0.3599436196654469,1,,0.08812746622742042,4252.0,0.0,,
558848753,高潜力首购用户,1.9053414322727604,1,,0.17905828144789082,949.0,1.0,,
558851728,高潜力首购用户,1.6645978614604686,1,,0.17067835506188067,1113.0,1.0,,
558852138,高潜力首购用户,0.9315196151924615,1,,0.11957599865898423,2695.0,1.0,,
558868297,高潜力首购用户,1.2819328906723975,1,,0.14505922696882737,1765.0,1.0,,
558872184,高潜力首购用户,0.7886635907487936,1,,0.10543165737619482,3327.0,0.0,,
558880368,高潜力首购用户,0.43274032285785485,1,,0.0879728631556667,4262.0,0.0,,
558881138,高价值高摩擦用户,1.7977793990804127,0,8.275094878266323,,,,0.43116970208763805,1714.0
558884799,高潜力首购用户,1.2307712285625316,1,,0.1436022164826606,1815.0,1.0,,
558888481,高潜力首购用户,1.565706058750315,3,,0.1974908953395744,638.0,1.0,,
558890209,高价值高摩擦用户,1.6064303458170635,0,9.671164498204625,,,,0.4472912922452612,1523.0
558896046,高价值高摩擦用户,0.4266731372717034,0,5.266833735739256,,,,0.2830579913329575,5690.0
558900004,高潜力首购用户,-0.06547273689053172,1,,0.06294565976726109,5405.0,0.0,,
558900389,高潜力首购用户,0.19859043841755475,1,,0.08189897597790396,4593.0,0.0,,
558901527,高潜力首购用户,1.706065057500614,1,,0.1820952935442718,891.0,1.0,,
558909527,高潜力首购用户,0.32637446611388116,1,,0.08122902693233885,4621.0,0.0,,
558946163,高价值高摩擦用户,2.330986724125311,0,5.224910003611207,,,,0.3732334357878962,2741.0
558952841,高潜力首购用户,0.7326889538414804,1,,0.10251447041825612,3496.0,0.0,,
558956958,高价值高摩擦用户,0.33185646759846466,0,5.595522135676248,,,,0.2868398380057405,5523.0
558990912,高潜力首购用户,0.4994960937600972,1,,0.09034536691335414,4146.0,0.0,,
558997569,高潜力首购用户,0.3682364875280884,1,,0.0877327216853251,4279.0,0.0,,
558999866,高潜力首购用户,0.42271641829074574,1,,0.09424904473532342,3942.0,0.0,,
559009682,高潜力首购用户,0.24574625711288292,2,,0.10170429778647824,3544.0,0.0,,
559014205,高潜力首购用户,0.810274469870544,1,,0.10482306504138586,3369.0,0.0,,
559018820,高潜力首购用户,1.146690200566551,1,,0.13514155948152878,2113.0,1.0,,
559027322,高潜力首购用户,0.4357544028819524,1,,0.09169370586649651,4058.0,0.0,,
559031163,高潜力首购用户,0.19743366188788505,1,,0.0779418388861153,4810.0,0.0,,
559033364,高潜力首购用户,0.9851931978935228,2,,0.1332634263091136,2183.0,1.0,,
559035527,高潜力首购用户,0.552160695670616,1,,0.0970262999230734,3794.0,0.0,,
559037481,高价值高摩擦用户,0.7738444266874014,1,6.400213147539207,,,,0.179134488733927,13216.0
559044820,高潜力首购用户,0.6986960199879048,1,,0.09887345769866251,3689.0,0.0,,
559045410,高潜力首购用户,0.4580080540356594,1,,0.08629512661401374,4364.0,0.0,,
559050799,高潜力首购用户,1.168171274755505,1,,0.13256398925865331,2209.0,1.0,,
559052481,高潜力首购用户,0.7131361066228271,1,,0.10402402190907993,3412.0,0.0,,
559054548,高价值高摩擦用户,0.17689022044958824,0,6.153437613363808,,,,0.21487458450820623,10134.0
559054640,高潜力首购用户,0.33783181473862545,1,,0.08974222773586939,4178.0,0.0,,
559055297,高潜力首购用户,1.0594625890910627,1,,0.13065920064213818,2289.0,1.0,,
559068753,高潜力首购用户,1.5047986329498446,3,,0.20211940287736274,583.0,1.0,,
559069615,高潜力首购用户,0.7652918246181161,2,,0.11404403813818284,2937.0,0.0,,
559070251,高价值高摩擦用户,0.81059979488219,1,5.2292887801376,,,,0.27415753036942236,6089.0
559071569,高潜力首购用户,0.3366564084883889,1,,0.08211702225301208,4581.0,0.0,,
559084343,高潜力首购用户,1.3261543058279683,1,,0.1457913522004046,1743.0,1.0,,
559097297,高潜力首购用户,0.19657338339377728,1,,0.07669810832521874,4879.0,0.0,,
559097799,高潜力首购用户,1.5942270191546086,1,,0.15160227150925712,1577.0,1.0,,
559100845,高潜力首购用户,0.05900047152050784,1,,0.07566296434219072,4944.0,0.0,,
559114979,高潜力首购用户,0.9284838554049551,3,,0.1322039434907769,2229.0,1.0,,
559124527,高潜力首购用户,1.5186479669331767,1,,0.15149856355613397,1579.0,1.0,,
559128841,高潜力首购用户,2.691525838099556,1,,0.2770637933243002,126.0,1.0,,
559130661,高潜力首购用户,0.030662815183386278,1,,0.06753890537995033,5345.0,0.0,,
559144251,高潜力首购用户,0.11057501562770915,1,,0.06963157331846503,5267.0,0.0,,
559145799,高潜力首购用户,0.9676003376676734,1,,0.11889446921555816,2727.0,0.0,,
559148364,高价值高摩擦用户,0.9904283872596853,0,5.7579594643377945,,,,0.2988629403705032,4999.0
559152117,高潜力首购用户,0.17507614719277254,1,,0.0793644439157868,4730.0,0.0,,
559152845,高潜力首购用户,0.49186630146687654,1,,0.09814799554602241,3724.0,0.0,,
559153686,高潜力首购用户,0.8210940602279707,1,,0.11003885661805345,3115.0,0.0,,
559160523,高潜力首购用户,0.3276406495673329,1,,0.08187669848411028,4594.0,0.0,,
559166276,高潜力首购用户,0.8995753949782453,1,,0.11774436549746282,2773.0,0.0,,
559181410,高价值高摩擦用户,2.0286229106122633,1,7.98357221662039,,,,0.4401404305665913,1611.0
559181707,高潜力首购用户,0.8212929480344314,1,,0.10527490878305217,3335.0,0.0,,
559189569,高潜力首购用户,0.4615737448504716,1,,0.0890774016540295,4204.0,0.0,,
559194502,高潜力首购用户,1.8560433450341252,7,,0.2510070597507699,213.0,1.0,,
559194661,高潜力首购用户,0.5889930504632322,1,,0.09281825359417133,4016.0,0.0,,
559200025,高价值高摩擦用户,2.296590682574942,0,9.804201021961704,,,,0.7144571513820791,177.0
559203661,高潜力首购用户,0.483222849248081,1,,0.08948122289934123,4189.0,0.0,,
559232933,高潜力首购用户,1.5107879447653556,1,,0.1537288828902988,1519.0,1.0,,
559239799,高潜力首购用户,1.5227313467133472,1,,0.1564182216166499,1456.0,1.0,,
559241958,高潜力首购用户,1.1499410415499203,2,,0.1534685529206039,1530.0,1.0,,
559246728,高价值高摩擦用户,0.8603414708115299,1,6.036103248726363,,,,0.40912215563219223,2020.0
559264163,高潜力首购用户,1.5711424102187614,1,,0.15108531901872752,1587.0,1.0,,
559292820,高潜力首购用户,0.45924439143589285,1,,0.08572553500667937,4387.0,0.0,,
559313322,高潜力首购用户,0.3635539574960884,2,,0.0998034362892289,3637.0,0.0,,
559314640,高价值高摩擦用户,1.088321576026439,0,5.986697433224066,,,,0.366598848568356,2884.0
559321594,高潜力首购用户,0.22068707417540248,1,,0.07264099649701315,5127.0,0.0,,
559331548,高潜力首购用户,1.5527805223274411,3,,0.19443526685298232,688.0,1.0,,
559332343,高价值高摩擦用户,1.865856815489866,2,6.261570953052358,,,,0.4811582797673967,1157.0
559332887,高潜力首购用户,0.03261754008590142,1,,0.07345562640652852,5073.0,0.0,,
559344682,高潜力首购用户,0.38912885625776256,2,,0.0988892214331136,3685.0,0.0,,
559345364,高潜力首购用户,2.4603154734062143,1,,0.23302603818164322,323.0,1.0,,
559354071,高潜力首购用户,0.5647707608511666,1,,0.1055231624563673,3322.0,0.0,,
559359071,高潜力首购用户,0.7405054677118931,1,,0.11148162261855338,3049.0,0.0,,
559361707,高潜力首购用户,1.9603349317308296,1,,0.19632915498813755,651.0,1.0,,
559371251,高潜力首购用户,1.239188590755009,1,,0.1365610816393717,2054.0,1.0,,
559374184,高价值高摩擦用户,0.6383546948066579,0,5.447672894519445,,,,0.31388250006625706,4400.0
559377841,高潜力首购用户,0.10997097498737125,1,,0.0706528159410443,5232.0,0.0,,
559379958,高潜力首购用户,1.798208264734645,2,,0.21279515107485147,474.0,1.0,,
559380092,高潜力首购用户,0.5793622298728129,1,,0.10720495025422085,3242.0,0.0,,
559382435,高潜力首购用户,0.3164030165746958,1,,0.08283077055791013,4541.0,0.0,,
559386230,高价值高摩擦用户,0.9490208604045476,0,6.235901987961567,,,,0.31736822246297747,4293.0
559391753,高潜力首购用户,1.3229811632207527,2,,0.1456259814971968,1749.0,1.0,,
559399046,高潜力首购用户,0.015418925505859405,1,,0.06974216123764805,5266.0,0.0,,
559401138,高潜力首购用户,0.20168006643264355,1,,0.08106782551005016,4630.0,0.0,,
559402912,高潜力首购用户,1.2331285093088706,1,,0.14408686240934024,1795.0,1.0,,
559419389,高潜力首购用户,1.3281421698694855,3,,0.1793274801299571,944.0,1.0,,
559427774,高潜力首购用户,0.640652719662107,1,,0.10402939401114943,3410.0,0.0,,
559428004,高价值高摩擦用户,1.479269208137553,0,5.3114600338594515,,,,0.28761288867353413,5487.0
559437615,高价值高摩擦用户,2.651206322506669,1,6.1332642668762105,,,,0.44562741876580747,1540.0
559441707,高潜力首购用户,0.5169315040642113,1,,0.09056181329912359,4129.0,0.0,,
559444661,高价值高摩擦用户,1.1976654770178303,0,6.214833955267555,,,,0.3472665959612659,3376.0
559447615,高潜力首购用户,1.209513190626802,1,,0.13844115829779116,1985.0,1.0,,
559451820,高潜力首购用户,1.5101422025807036,1,,0.1762582144007504,1008.0,1.0,,
559463004,高潜力首购用户,0.8048554031462508,1,,0.10849242635137342,3184.0,0.0,,
559474523,高潜力首购用户,1.8602996643801053,1,,0.18694068606086514,812.0,1.0,,
559478569,高价值高摩擦用户,1.3050263769278294,0,6.888222215350408,,,,0.4193388535015225,1868.0
559493276,高潜力首购用户,1.2388868132564423,3,,0.15735222836417978,1429.0,1.0,,
559504548,高潜力首购用户,1.118102971450207,2,,0.14704338560661878,1710.0,1.0,,
559505502,高潜力首购用户,0.6556330246079259,1,,0.09431734048610964,3939.0,0.0,,
559511728,高潜力首购用户,0.5820754619646967,1,,0.10025124245857504,3621.0,0.0,,
559511979,高潜力首购用户,0.32737720589179115,1,,0.0887119956337959,4224.0,0.0,,
559517364,高潜力首购用户,0.6825070074465062,1,,0.1028811270410048,3475.0,0.0,,
559536322,高价值高摩擦用户,0.6506669712000744,0,5.680612605611946,,,,0.3110317528335827,4523.0
559541435,高潜力首购用户,0.8372385994774524,3,,0.13915759921398405,1956.0,1.0,,
559548025,高潜力首购用户,0.8750564323063693,1,,0.10427417423887461,3399.0,0.0,,
559550117,高潜力首购用户,1.3366310691267351,1,,0.15224903753467076,1555.0,1.0,,
559551071,高潜力首购用户,0.2696363683807452,1,,0.08742244766413336,4298.0,0.0,,
559551251,高价值高摩擦用户,0.07929390414347008,0,5.3181291849784476,,,,0.21133859900123303,10433.0
559551368,高潜力首购用户,0.06438391266708832,1,,0.07817114392089039,4795.0,0.0,,
559553435,高潜力首购用户,0.47511709089633375,1,,0.08334218404109715,4513.0,0.0,,
559574979,高潜力首购用户,0.17408721548080905,1,,0.07669763781905924,4880.0,0.0,,
559597230,高价值高摩擦用户,0.7565189965423333,0,6.225397680965515,,,,0.3390223322395997,3601.0
559604276,高潜力首购用户,3.2974409250162537,1,,0.34777463987020024,31.0,1.0,,
559665774,高潜力首购用户,2.0802893372390625,3,,0.24513339396062322,242.0,1.0,,
559667410,高潜力首购用户,0.6690970099779229,2,,0.11713901248872731,2802.0,0.0,,
559668481,高潜力首购用户,-0.05929600775979552,1,,0.06622134064394448,5375.0,0.0,,
559668523,高潜力首购用户,1.0558842648347395,1,,0.11728742511486125,2793.0,0.0,,
559680548,高潜力首购用户,0.5966196276340108,1,,0.10328991085089553,3455.0,0.0,,
559681548,高潜力首购用户,1.3580808907054902,1,,0.14779242794315633,1688.0,1.0,,
559682230,高潜力首购用户,0.2513589853256794,2,,0.09000637706827519,4163.0,0.0,,
559684933,高价值高摩擦用户,0.8535746360736965,0,6.9984639791075995,,,,0.43349482644149934,1692.0
559687548,高潜力首购用户,0.39370620820553287,3,,0.09803846424524926,3736.0,0.0,,
559690184,高价值高摩擦用户,0.44163542418713736,0,5.71576651863783,,,,0.32092830203448447,4171.0
559694594,高潜力首购用户,2.165349533401363,1,,0.2208099307575368,409.0,1.0,,
559700912,高潜力首购用户,-0.055606875631975604,1,,0.06830883686078598,5323.0,0.0,,
559703251,高潜力首购用户,0.3076642093248078,1,,0.08316423016400679,4522.0,0.0,,
559710594,高潜力首购用户,0.43963081827787454,1,,0.08169107661515602,4600.0,0.0,,
559712025,高潜力首购用户,1.8400628448462388,1,,0.1908851102408975,744.0,1.0,,
559714686,高潜力首购用户,0.6109543702000261,1,,0.09724397491029364,3774.0,0.0,,
559715138,高价值高摩擦用户,0.9396658305688095,0,5.643641288597447,,,,0.37169755841517943,2779.0
559715368,高价值高摩擦用户,1.176982957402146,0,5.337003748937871,,,,0.3318261090129837,3796.0
559716841,高价值高摩擦用户,2.6592075382345106,0,8.751956570287236,,,,0.6034806308878992,468.0
559722707,高价值高摩擦用户,0.6449303463240538,0,6.075379468356193,,,,0.3586344961726635,3074.0
559723071,高价值高摩擦用户,1.6510021789750569,0,6.73138080319392,,,,0.3072105082516953,4668.0
559730184,高潜力首购用户,1.1828255926450446,2,,0.14226654287774193,1860.0,1.0,,
559732753,高潜力首购用户,2.9503130371683377,1,,0.30679820905287686,68.0,1.0,,
559735933,高价值高摩擦用户,1.5704116688121104,0,8.384447775545333,,,,0.5120697157030779,923.0
559743640,高潜力首购用户,0.8497979807547248,1,,0.109530210992156,3134.0,0.0,,
559748205,高潜力首购用户,0.6091453273914139,1,,0.09662902934846421,3815.0,0.0,,
559751979,高潜力首购用户,0.21262127236381434,1,,0.08699928164324801,4328.0,0.0,,
559766979,高潜力首购用户,0.2492405870819628,1,,0.08618905530131447,4366.0,0.0,,
559767820,高价值高摩擦用户,1.4347745474946694,2,5.548700642486879,,,,0.22558210121938913,9296.0
559767845,高潜力首购用户,0.632591103495911,2,,0.10554953168885171,3319.0,0.0,,
559767958,高潜力首购用户,1.3284117816023846,1,,0.13580931366555218,2088.0,1.0,,
559772184,高潜力首购用户,0.9667866193818534,1,,0.12634350017515975,2445.0,1.0,,
559773933,高价值高摩擦用户,0.9433054966894486,0,7.6599257999915435,,,,0.5124283551521831,919.0
559774117,高潜力首购用户,0.11902380491968367,1,,0.07453800127202513,5010.0,0.0,,
559775933,高潜力首购用户,0.3334503559419022,1,,0.08187169243020588,4596.0,0.0,,
559778527,高潜力首购用户,0.8489523975341636,1,,0.12153008092850669,2618.0,1.0,,
559795343,高潜力首购用户,0.11527794769841455,1,,0.07422526873390421,5036.0,0.0,,
559805046,高价值高摩擦用户,1.4398979151115487,0,5.743323649276734,,,,0.25035866917107896,7476.0
559805251,高价值高摩擦用户,0.9901544498405808,0,6.78306752301383,,,,0.2983372181334311,5024.0
559814004,高潜力首购用户,0.6045375297167453,1,,0.10221271327039175,3515.0,0.0,,
559815071,高潜力首购用户,1.8992286191762553,1,,0.18184648389086186,897.0,1.0,,
559821251,高潜力首购用户,3.1196124703441264,21,,0.5062996163914969,1.0,1.0,,
559822163,高潜力首购用户,0.05602797535258317,1,,0.07300546198933075,5104.0,0.0,,
559827841,高价值高摩擦用户,1.2454210221112614,0,8.378030735979536,,,,0.535713613878709,767.0
559834569,高价值高摩擦用户,1.558447912204585,0,8.773660719641933,,,,0.5411449928549468,731.0
559844979,高价值高摩擦用户,2.1268686308212366,0,8.61893454762837,,,,0.6460527505512746,317.0
559849481,高潜力首购用户,1.1131845243685732,1,,0.1173548569993929,2789.0,0.0,,
559874410,高价值高摩擦用户,0.7734326456121776,0,6.0076741258220165,,,,0.292779410415876,5273.0
559876046,高价值高摩擦用户,0.44423049859588254,0,5.939340080324669,,,,0.29701578625633873,5084.0
559876502,高潜力首购用户,1.3096861572850151,1,,0.14011379639933394,1923.0,1.0,,
559877527,高潜力首购用户,1.3517089309397026,1,,0.14818874635609636,1674.0,1.0,,
559879979,高潜力首购用户,0.5263495301776379,1,,0.0899347228095067,4168.0,0.0,,
559883799,高价值高摩擦用户,0.004637176583072504,1,5.673504115349941,,,,0.22201608584548954,9600.0
559890163,高潜力首购用户,0.014700854238579844,1,,0.07497073921947685,4980.0,0.0,,
559909322,高潜力首购用户,0.31731220102075536,1,,0.08041266698629192,4663.0,0.0,,
559924138,高潜力首购用户,0.15417446384131395,1,,0.07272291609921593,5124.0,0.0,,
559931887,高潜力首购用户,0.3108107638163779,1,,0.08710133515814517,4322.0,0.0,,
559934640,高潜力首购用户,1.1535517597445821,1,,0.1323202533961443,2223.0,1.0,,
559945728,高潜力首购用户,0.8701415535455398,2,,0.13034171154737303,2300.0,1.0,,
559967887,高潜力首购用户,0.8563007929758589,1,,0.10701308535307345,3254.0,0.0,,
559972933,高潜力首购用户,0.46538037001248966,2,,0.09488149547594264,3915.0,0.0,,
559973841,高潜力首购用户,1.4697989550158244,1,,0.15746105942487043,1424.0,1.0,,
559977594,高价值高摩擦用户,0.5573225998399537,0,5.378883014387604,,,,0.25149423327843523,7412.0
559984799,高潜力首购用户,0.9503952803467248,1,,0.10598979895869623,3295.0,0.0,,
559985184,高潜力首购用户,1.3206308931589976,3,,0.17218888585079833,1081.0,1.0,,
559986866,高潜力首购用户,1.170255102203899,1,,0.1257420624176516,2468.0,1.0,,
559990728,高潜力首购用户,0.9195636013326185,2,,0.1437956293835582,1808.0,1.0,,
559991276,高潜力首购用户,2.0918278389625833,2,,0.23575319875794762,310.0,1.0,,
559992933,高潜力首购用户,0.38577736100007726,1,,0.08438629969034749,4453.0,0.0,,
559998297,高潜力首购用户,1.3829900713698855,1,,0.14510975383766192,1763.0,1.0,,
559998728,高潜力首购用户,0.14537429669338076,1,,0.07426806079346696,5034.0,0.0,,
560000025,高潜力首购用户,-0.005340266521306605,1,,0.0722917053595778,5146.0,0.0,,
560005163,高价值高摩擦用户,-0.14581627242460735,0,5.817793700088932,,,,0.26198879958067856,6753.0
560009435,高价值高摩擦用户,2.0028023704202824,0,7.190676034332207,,,,0.5416199471122322,728.0
560009640,高潜力首购用户,0.737517602941133,2,,0.1047540612717481,3374.0,0.0,,
560010368,高潜力首购用户,0.02834213166957256,1,,0.07507923889930843,4972.0,0.0,,
560011410,高价值高摩擦用户,0.6835202037539791,0,5.255050980686006,,,,0.3428554307673941,3503.0
560011820,高价值高摩擦用户,1.9622102455836483,0,7.199390117187245,,,,0.3547751594902919,3171.0
560016092,高潜力首购用户,2.1057957472401734,2,,0.23606180457848905,307.0,1.0,,
560024163,高价值高摩擦用户,0.06644432798915405,0,5.322046100122098,,,,0.3015757303159754,4893.0
560031502,高潜力首购用户,0.22248951071704695,1,,0.08789927982160388,4267.0,0.0,,
560036502,高价值高摩擦用户,1.008561921686774,0,5.69700399704273,,,,0.2939185655546933,5231.0
560039205,高潜力首购用户,2.289840721189005,3,,0.26883652136716013,148.0,1.0,,
560042389,高潜力首购用户,0.4878623564301898,1,,0.1034286569276922,3441.0,0.0,,
560042799,高潜力首购用户,1.71779744613903,1,,0.1830444890012455,878.0,1.0,,
560043230,高潜力首购用户,1.137560878866421,2,,0.12984487795728009,2312.0,1.0,,
560046435,高潜力首购用户,1.0014279073826453,1,,0.11086170609327307,3076.0,0.0,,
560050435,高潜力首购用户,-0.007727612311259735,1,,0.06720445087873683,5352.0,0.0,,
560059979,高潜力首购用户,0.412027164610445,1,,0.10221473737092605,3513.0,0.0,,
560060594,高价值高摩擦用户,-0.08506637578490868,0,5.358212310449575,,,,0.2769916683988475,5955.0
560060661,高价值高摩擦用户,1.2155297664515818,2,6.831727722014058,,,,0.3173999101003112,4291.0
560061569,高潜力首购用户,0.04809013333947872,1,,0.0688173477526136,5301.0,0.0,,
560069774,高潜力首购用户,1.8387979653600033,1,,0.2124300940494169,481.0,1.0,,
560079958,高潜力首购用户,0.9552852171518101,1,,0.11665214083855725,2817.0,0.0,,
560089887,高潜力首购用户,0.08287933887254957,1,,0.07980267668675307,4698.0,0.0,,
560096548,高潜力首购用户,0.933069839656924,2,,0.1392380764541602,1954.0,1.0,,
560096615,高潜力首购用户,1.0224311874148857,1,,0.12929267027540997,2336.0,1.0,,
560099682,高潜力首购用户,0.36876133617516293,1,,0.08899052226453226,4207.0,0.0,,
560102527,高价值高摩擦用户,0.7240081317528663,0,5.820231287299448,,,,0.3969211451651933,2234.0
560112661,高价值高摩擦用户,3.0109386006895833,0,6.638118922547179,,,,0.5377994262554696,750.0
560118682,高潜力首购用户,0.7163550937910884,1,,0.10308028189395037,3466.0,0.0,,
560123527,高价值高摩擦用户,1.6866180482503872,0,7.563749939535503,,,,0.4077109725950407,2045.0
560123912,高潜力首购用户,0.22724902359565569,1,,0.07973956705450821,4702.0,0.0,,
560131071,高价值高摩擦用户,0.1631806927819652,0,5.313649230545019,,,,0.2572194083349703,7058.0
560136615,高潜力首购用户,1.2608961638235534,1,,0.12590579460832907,2463.0,1.0,,
560139523,高价值高摩擦用户,0.4982269772718951,0,7.492162502626034,,,,0.3840702629277029,2500.0
560141071,高潜力首购用户,1.020020369088878,1,,0.13190614945838905,2238.0,1.0,,
560142841,高价值高摩擦用户,0.03925060811175387,0,5.467202909162438,,,,0.2024411768062162,11223.0
560146205,高价值高摩擦用户,0.5192850791047415,0,6.019993693221956,,,,0.2987729243654049,5007.0
560155958,高价值高摩擦用户,1.6632741277518344,0,6.113673670606103,,,,0.32251163709654024,4104.0
560156364,高潜力首购用户,1.2006793654780346,1,,0.14256522819907885,1842.0,1.0,,
560160209,高价值高摩擦用户,1.253028034159363,0,7.630249727622671,,,,0.4042415538779407,2105.0
560162594,高潜力首购用户,0.6949814631743755,1,,0.09680537927075811,3806.0,0.0,,
560177594,高潜力首购用户,0.5702709179953717,1,,0.09603187352214819,3846.0,0.0,,
560178728,高潜力首购用户,0.12250886067640347,1,,0.08957266247611319,4185.0,0.0,,
560185820,高潜力首购用户,0.9988941312812868,1,,0.1353249403859063,2108.0,1.0,,
560187389,高潜力首购用户,0.27444572838007164,1,,0.08788883825523505,4269.0,0.0,,
560190456,高潜力首购用户,0.3327315699536943,1,,0.08723996235780168,4313.0,0.0,,
560192071,高价值高摩擦用户,0.8905376372440325,0,6.70322901219999,,,,0.26358588631596636,6661.0
560194640,高潜力首购用户,0.9320529976412323,1,,0.11445246672757606,2915.0,0.0,,
560200728,高潜力首购用户,0.07136366966362954,1,,0.08062869156982944,4649.0,0.0,,
560219297,高价值高摩擦用户,1.5925445273768366,1,10.206397096318677,,,,0.6505385768544453,306.0
560224979,高潜力首购用户,0.8102795490991057,1,,0.11552639288983144,2876.0,0.0,,
560299364,高潜力首购用户,-0.0026164429749602203,1,,0.07422396363569057,5037.0,0.0,,
560302820,高潜力首购用户,0.463717604972292,2,,0.10112658810589048,3578.0,0.0,,
560312368,高潜力首购用户,1.3701015039887967,2,,0.16887133513219882,1151.0,1.0,,
560313209,高潜力首购用户,-0.04037309618217431,1,,0.06552073016856524,5390.0,0.0,,
560321799,高潜力首购用户,2.2238251463985184,2,,0.23946346795153237,280.0,1.0,,
560322979,高潜力首购用户,0.8813201903729079,1,,0.11318667171446672,2971.0,0.0,,
560325615,高价值高摩擦用户,0.5105139601650767,0,5.672746994426892,,,,0.25328629226761673,7296.0
560326594,高价值高摩擦用户,2.1405145812334685,0,9.19349354342826,,,,0.6553827919277415,294.0
560350184,高潜力首购用户,1.0005166123458917,1,,0.12436604399552482,2521.0,1.0,,
560360276,高潜力首购用户,0.25619504111969527,1,,0.07375064834545778,5059.0,0.0,,
560362958,高潜力首购用户,1.9208800869656202,2,,0.18408120878160247,861.0,1.0,,
560366481,高潜力首购用户,1.8842598631471468,1,,0.1654820414724621,1229.0,1.0,,
560371686,高潜力首购用户,1.2451402316678297,1,,0.13094661654957263,2275.0,1.0,,
560374209,高价值高摩擦用户,0.762660678974688,0,6.690932617775921,,,,0.33904017554288374,3600.0
560376841,高潜力首购用户,1.5973235950891729,1,,0.16264070504225633,1314.0,1.0,,
560377523,高潜力首购用户,1.4597074540279926,1,,0.14858173950163156,1663.0,1.0,,
560378866,高潜力首购用户,1.2454011984534155,1,,0.13292417207434146,2194.0,1.0,,
560379686,高潜力首购用户,0.2954600699107161,1,,0.09070691843014103,4121.0,0.0,,
560379841,高价值高摩擦用户,0.45621888042793385,0,7.005701980107591,,,,0.2879311070342749,5471.0
560387682,高潜力首购用户,0.9485433658281505,1,,0.11060979476165228,3089.0,0.0,,
560390025,高价值高摩擦用户,0.840051918908164,2,6.907503818797245,,,,0.2813505235665453,5753.0
560391527,高潜力首购用户,-0.005340266521306605,1,,0.0722917053595778,5146.0,0.0,,
560398322,高潜力首购用户,1.298159202484958,1,,0.14009488596758007,1924.0,1.0,,
560407686,高潜力首购用户,1.3302600996848122,1,,0.14249974045779992,1848.0,1.0,,
560411845,高潜力首购用户,0.8338226528501752,1,,0.11446249491273748,2914.0,0.0,,
560415205,高潜力首购用户,-0.035713746198895814,1,,0.07151282653347292,5185.0,0.0,,
560418799,高潜力首购用户,-0.05945080094161905,1,,0.07313425506119456,5096.0,0.0,,
560422933,高潜力首购用户,0.4342444361353978,2,,0.08983209846262617,4171.0,0.0,,
560433686,高潜力首购用户,0.8710521189331648,1,,0.12068592443018804,2648.0,1.0,,
560435046,高价值高摩擦用户,0.09979302579044043,0,5.556032833029399,,,,0.14815904904326851,15661.0
560435594,高潜力首购用户,0.08485312612629516,1,,0.07172956890572096,5172.0,0.0,,
560438569,高潜力首购用户,-0.00993816601152793,1,,0.07191867120683852,5162.0,0.0,,
560439071,高潜力首购用户,0.5903825233190347,1,,0.1006483148276478,3596.0,0.0,,
560442569,高潜力首购用户,0.13520600486764336,1,,0.07597376020275931,4919.0,0.0,,
560446276,高潜力首购用户,0.007273239903838297,2,,0.07816048642165212,4796.0,0.0,,
560449707,高价值高摩擦用户,1.5258938618244755,5,5.839798278573644,,,,0.227402739565641,9159.0
560458527,高潜力首购用户,0.3963266891152266,2,,0.09640865200898005,3825.0,0.0,,
560461958,高价值高摩擦用户,0.9944723597548745,0,5.76636596095797,,,,0.4070102447191978,2053.0
560468707,高潜力首购用户,0.49688826566715844,1,,0.09084054665264456,4110.0,0.0,,
560480502,高潜力首购用户,0.1903159847908024,1,,0.08072524766822324,4643.0,0.0,,
560489435,高潜力首购用户,0.2993386806679702,1,,0.07051270585047895,5238.0,0.0,,
560490343,高潜力首购用户,-0.026052207673510606,1,,0.07592746731853404,4923.0,0.0,,
560491661,高潜力首购用户,1.133361486566313,1,,0.13889983115733032,1965.0,1.0,,
560491912,高价值高摩擦用户,1.803811113583528,0,8.476262857694168,,,,0.5437829727944661,715.0
560492523,高潜力首购用户,0.424242023826418,1,,0.0880607494397497,4257.0,0.0,,
560493548,高潜力首购用户,1.7031464361125657,1,,0.1621463783939148,1318.0,1.0,,
560501205,高潜力首购用户,0.01992168784431285,1,,0.07437324631064222,5021.0,0.0,,
560513707,高潜力首购用户,0.76130231072614,2,,0.09736320688650828,3765.0,0.0,,
560517979,高潜力首购用户,0.38729022223399223,1,,0.07783102021905232,4815.0,0.0,,
560529117,高潜力首购用户,0.2002895191822994,1,,0.08094229892645678,4633.0,0.0,,
560531774,高潜力首购用户,1.6663919681154526,1,,0.156345899167648,1458.0,1.0,,
560538205,高潜力首购用户,1.5263649239423807,1,,0.1473903046622343,1698.0,1.0,,
560544799,高潜力首购用户,0.18131579935426448,1,,0.07654874741662608,4888.0,0.0,,
560546297,高潜力首购用户,1.1201798898689745,1,,0.1392520893011127,1952.0,1.0,,
560549276,高潜力首购用户,1.4592478886964713,1,,0.16187776754982178,1325.0,1.0,,
560549435,高潜力首购用户,0.7504872579464573,1,,0.11364495829404009,2947.0,0.0,,
560558251,高潜力首购用户,1.4726379741116233,1,,0.16423402358432795,1264.0,1.0,,
560560958,高价值高摩擦用户,0.6869995608883911,0,5.4085568696568735,,,,0.29672390919563596,5102.0
560567799,高潜力首购用户,1.8409439136998313,1,,0.17022892003022527,1121.0,1.0,,
560572523,高潜力首购用户,2.55767212549754,1,,0.24442793582564196,246.0,1.0,,
560573117,高潜力首购用户,0.6684759540892022,1,,0.1068786341245202,3261.0,0.0,,
560582753,高潜力首购用户,0.12781783301997002,1,,0.0791704985079044,4742.0,0.0,,
560591071,高潜力首购用户,0.7298938437312366,1,,0.10229563838070453,3508.0,0.0,,
560599184,高潜力首购用户,0.970087491628039,1,,0.1269209573312579,2421.0,1.0,,
560600364,高潜力首购用户,1.499231472527588,4,,0.19591376591423643,655.0,1.0,,
560608799,高价值高摩擦用户,0.34377566797045184,0,5.5242968926814555,,,,0.180966434364079,13065.0
560619502,高潜力首购用户,0.08544814833119656,1,,0.06872501840474761,5304.0,0.0,,
560637117,高潜力首购用户,0.66343568490406,2,,0.1023396542663679,3504.0,0.0,,
560641389,高价值高摩擦用户,2.4890575507989525,0,9.906241756232664,,,,0.8080548576469645,67.0
560659686,高潜力首购用户,1.57958843993757,1,,0.1713915892720327,1095.0,1.0,,
560667025,高潜力首购用户,1.6024334412633268,1,,0.16304444768489174,1302.0,1.0,,
560669046,高潜力首购用户,0.6478340554446571,1,,0.10124125920178267,3568.0,0.0,,
560675163,高潜力首购用户,1.3630837187933436,1,,0.1438684386980732,1803.0,1.0,,
560680071,高价值高摩擦用户,0.6260290871429542,0,7.904055733370439,,,,0.4331094605891991,1697.0
560685117,高潜力首购用户,0.7718224860593081,1,,0.10432263030701217,3396.0,0.0,,
560695368,高价值高摩擦用户,0.19966408916171582,0,5.433566727064729,,,,0.24666054313453034,7735.0
560697682,高价值高摩擦用户,1.940409269106248,1,6.586208435787443,,,,0.31971894917867716,4205.0
560704615,高潜力首购用户,1.6296122792553625,2,,0.18579673734934993,830.0,1.0,,
560711209,高价值高摩擦用户,1.3752692919095582,1,6.593078780131378,,,,0.41204821425958477,1972.0
560711481,高潜力首购用户,0.09121841446562151,1,,0.0723128515498797,5145.0,0.0,,
560711707,高潜力首购用户,1.6003597057957182,4,,0.20137341285171484,593.0,1.0,,
560723615,高价值高摩擦用户,0.19705759176669124,0,8.048720389855673,,,,0.3910948659625569,2343.0
560727774,高价值高摩擦用户,1.4861264340722322,0,5.7960798560750675,,,,0.35767972301919126,3095.0
560729276,高潜力首购用户,1.8160575440841014,2,,0.1964421486580551,650.0,1.0,,
560734933,高潜力首购用户,0.8858615912490646,1,,0.10324673834373431,3457.0,0.0,,
560736979,高价值高摩擦用户,1.3491481608152487,0,5.439620150202833,,,,0.26936919065611686,6352.0
560738845,高潜力首购用户,1.0285231820837608,2,,0.14605246140520414,1734.0,1.0,,
560739774,高潜力首购用户,1.0642913885098417,1,,0.12974564512141484,2318.0,1.0,,
560743025,高潜力首购用户,0.10858468479631139,1,,0.07743763383370424,4837.0,0.0,,
560750615,高潜力首购用户,1.9148323149925368,2,,0.23161423519522675,333.0,1.0,,
560752389,高潜力首购用户,0.0014959275777767695,1,,0.06865472793766905,5308.0,0.0,,
560761548,高潜力首购用户,0.946961518858541,1,,0.10789867154604889,3212.0,0.0,,
560766774,高潜力首购用户,0.9839332669144287,1,,0.11679398258859437,2812.0,0.0,,
560771230,高价值高摩擦用户,0.04244342096263295,0,6.775708498061805,,,,0.28118266642481526,5762.0
560774389,高潜力首购用户,0.6881351616911352,1,,0.1057754629784813,3310.0,0.0,,
560782548,高潜力首购用户,1.8750187296558796,1,,0.1941021265931157,695.0,1.0,,
560785523,高潜力首购用户,0.1556913606645346,1,,0.07081645730587069,5228.0,0.0,,
560789209,高潜力首购用户,0.5891764528426796,2,,0.11581879002510377,2860.0,0.0,,
560793481,高价值高摩擦用户,-0.45275394600507307,0,5.383554253394209,,,,0.12841109871032524,16649.0
560794297,高潜力首购用户,1.7346426680334315,4,,0.20220542306957576,582.0,1.0,,
560796502,高潜力首购用户,0.4953180750791865,1,,0.08992986195803025,4169.0,0.0,,
560797841,高潜力首购用户,0.16102030609305126,2,,0.08055534334173024,4655.0,0.0,,
560799841,高潜力首购用户,0.41660929019665066,1,,0.08819047507864207,4249.0,0.0,,
560800184,高潜力首购用户,0.1981709696397026,1,,0.08075139530493623,4642.0,0.0,,
560801527,高价值高摩擦用户,0.2816844537621932,0,5.96808332427007,,,,0.1861269929920269,12618.0
560805845,高潜力首购用户,0.6254754345865227,1,,0.09676920636062693,3807.0,0.0,,
560815774,高潜力首购用户,1.7508080770435777,2,,0.19660707092622956,647.0,1.0,,
560817594,高价值高摩擦用户,1.5838971611877317,0,5.464890566373852,,,,0.3389284215896273,3605.0
560823799,高价值高摩擦用户,-0.14631136287740393,0,5.383376317961341,,,,0.20451449891161963,11021.0
560824163,高潜力首购用户,0.8454832106238973,1,,0.1104877762096894,3093.0,0.0,,
560827389,高价值高摩擦用户,1.6449034358047971,2,6.571572500463885,,,,0.2887916317054772,5441.0
560833004,高潜力首购用户,0.1421268081996572,1,,0.07656501523943447,4887.0,0.0,,
560837753,高潜力首购用户,0.25061045502617324,1,,0.0906718743873618,4124.0,0.0,,
560838527,高潜力首购用户,0.33399848680261507,1,,0.08545749407629472,4405.0,0.0,,
560842502,高潜力首购用户,2.0518883011920024,1,,0.18310471103715012,875.0,1.0,,
560845071,高潜力首购用户,0.5499489344374279,1,,0.10006416518238977,3627.0,0.0,,
560865456,高潜力首购用户,0.5451680704449806,1,,0.0926195538525554,4021.0,0.0,,
560865841,高潜力首购用户,3.424661861403011,1,,0.3674610538033279,21.0,1.0,,
560866958,高潜力首购用户,1.62153584535666,1,,0.1459247950567032,1740.0,1.0,,
560872682,高潜力首购用户,0.8222531302285142,1,,0.10823024695741497,3195.0,0.0,,
560883887,高潜力首购用户,0.39843717301544973,1,,0.08558003343251841,4395.0,0.0,,
560885502,高潜力首购用户,1.34387187473457,2,,0.16304643400022048,1301.0,1.0,,
560893774,高价值高摩擦用户,-0.32492586017607206,0,7.055019443960688,,,,0.3810673892258143,2572.0
560901092,高潜力首购用户,0.044498645358647636,1,,0.07206493895974449,5157.0,0.0,,
560902728,高潜力首购用户,0.39250106841124927,2,,0.10279607898429319,3483.0,0.0,,
560914004,高潜力首购用户,0.41099437637060593,1,,0.08677919212250286,4341.0,0.0,,
560914958,高潜力首购用户,1.440237121703131,1,,0.1445990216773785,1778.0,1.0,,
560920322,高潜力首购用户,0.6881856666957901,1,,0.0932646320065062,3989.0,0.0,,
560921502,高潜力首购用户,0.3740812693939181,1,,0.08830163459036271,4242.0,0.0,,
560923799,高潜力首购用户,1.1041170509463267,1,,0.12908349365327326,2347.0,1.0,,
560926117,高潜力首购用户,0.7701398592195215,1,,0.10589718295322252,3304.0,0.0,,
560929410,高潜力首购用户,0.40417204058711426,1,,0.08394590973207926,4478.0,0.0,,
560933251,高价值高摩擦用户,1.8631369541454514,0,5.230172349816355,,,,0.3014777434108042,4899.0
560934686,高潜力首购用户,0.3846939668777188,1,,0.08666561757472362,4349.0,0.0,,
560934753,高潜力首购用户,1.579201423620665,1,,0.14448364151434331,1781.0,1.0,,
560944456,高价值高摩擦用户,0.9335400213230347,0,7.049541258567815,,,,0.48974567525238477,1090.0
560948866,高潜力首购用户,0.8440354874379783,1,,0.11781497893755984,2771.0,0.0,,
560953640,高潜力首购用户,0.4587085003249817,1,,0.09147541308621067,4069.0,0.0,,
560957866,高潜力首购用户,1.0695256288975934,1,,0.12457360469259425,2511.0,1.0,,
560963728,高潜力首购用户,0.4154867067286969,1,,0.08500703473991177,4424.0,0.0,,
560972209,高潜力首购用户,0.031294722841687474,1,,0.06151067582469998,5407.0,0.0,,
560981343,高价值高摩擦用户,0.6403770994620585,0,6.927753965488826,,,,0.3243222626810553,4034.0
561001322,高潜力首购用户,0.556870370443508,1,,0.08805818650736989,4259.0,0.0,,
561019866,高潜力首购用户,1.4371406328830778,2,,0.17419720218375548,1050.0,1.0,,
561045728,高价值高摩擦用户,2.027651216629225,0,5.3618553873520245,,,,0.3704047246154588,2812.0
561047548,高价值高摩擦用户,0.8179450414705514,0,5.926977306706814,,,,0.3651150759644731,2916.0
561048707,高潜力首购用户,1.014036164714301,1,,0.10980584598298837,3124.0,0.0,,
561052569,高潜力首购用户,1.4874792770460832,3,,0.18358870017604398,866.0,1.0,,
561053979,高潜力首购用户,0.657389092533175,1,,0.10230042543770114,3507.0,0.0,,
561056092,高潜力首购用户,0.06857870935622842,1,,0.06982844819754958,5263.0,0.0,,
561066707,高潜力首购用户,1.3880888075662385,1,,0.15885268786884096,1391.0,1.0,,
561076661,高价值高摩擦用户,1.150994025665358,0,7.3334725865163986,,,,0.39657799181884845,2244.0
561078845,高潜力首购用户,1.2931962643109123,1,,0.13937145769051357,1948.0,1.0,,
561079364,高潜力首购用户,1.8421867875361464,1,,0.17889772969642717,952.0,1.0,,
561091799,高潜力首购用户,0.13183273333269863,1,,0.07314695735756126,5094.0,0.0,,
561093435,高潜力首购用户,1.9227446381146513,1,,0.202605000384879,574.0,1.0,,
561099025,高潜力首购用户,0.6865353383186329,1,,0.0930955337378492,3998.0,0.0,,
561106682,高潜力首购用户,0.6283213408631504,2,,0.10506171790066358,3349.0,0.0,,
561108209,高潜力首购用户,-0.0056415755996243695,1,,0.06810337309566313,5330.0,0.0,,
561109205,高潜力首购用户,0.29154918012072134,1,,0.08956571934305926,4186.0,0.0,,
561113230,高价值高摩擦用户,1.167275047983958,0,5.226796577292925,,,,0.2393613618137293,8237.0
561120163,高潜力首购用户,0.23392289056512952,1,,0.08907303801400854,4205.0,0.0,,
561122594,高潜力首购用户,1.092642237716381,2,,0.14904481774908052,1647.0,1.0,,
561127117,高潜力首购用户,0.7116438347631923,2,,0.11494782581882199,2895.0,0.0,,
561132569,高价值高摩擦用户,0.9720878150913553,0,5.583984911200605,,,,0.4017883230806097,2144.0
561136364,高潜力首购用户,0.08103944874767872,1,,0.07508479430303458,4971.0,0.0,,
561137933,高潜力首购用户,0.17226026877367454,1,,0.07421576095215318,5038.0,0.0,,
561139209,高潜力首购用户,0.4066311464745341,1,,0.09823704185536655,3720.0,0.0,,
561140410,高潜力首购用户,0.16184989308684614,1,,0.07820046251524482,4792.0,0.0,,
561142004,高潜力首购用户,0.26363777657344595,1,,0.08391037258368068,4482.0,0.0,,
561143661,高潜力首购用户,0.4888272290860302,1,,0.08807727083850152,4255.0,0.0,,
561144527,高潜力首购用户,0.10227569717489794,1,,0.07694172391849927,4866.0,0.0,,
561144841,高潜力首购用户,0.3960452148307181,1,,0.09170948666803264,4056.0,0.0,,
561145251,高潜力首购用户,2.2265188050319913,1,,0.21723221145108565,438.0,1.0,,
561149322,高价值高摩擦用户,1.4443107033837193,0,7.719980952028106,,,,0.47759248812337124,1199.0
561151481,高潜力首购用户,0.6507331261213837,1,,0.10771369100495622,3220.0,0.0,,
561154682,高潜力首购用户,2.4955113102416098,1,,0.27434358180099866,133.0,1.0,,
561158615,高潜力首购用户,0.7408488915599235,1,,0.10352201433959862,3435.0,0.0,,
561161004,高潜力首购用户,0.2021549786368281,1,,0.085996449633657,4379.0,0.0,,
561165753,高价值高摩擦用户,1.2032505584513267,0,5.857182873092755,,,,0.33053292937167283,3842.0
561166728,高潜力首购用户,0.0485139983105514,1,,0.06658575289494534,5367.0,0.0,,
561169594,高潜力首购用户,1.0767109291462806,2,,0.13913852312363245,1957.0,1.0,,
561170435,高潜力首购用户,0.8213243919622985,1,,0.12926783197164504,2338.0,1.0,,
561176866,高价值高摩擦用户,1.527776697999298,0,6.435153993031461,,,,0.4343144911857724,1683.0
561177251,高价值高摩擦用户,0.5009232073706328,1,5.397755378754093,,,,0.24949196357449513,7542.0
561179686,高潜力首购用户,1.8460847405310812,1,,0.18393391166770773,865.0,1.0,,
561201728,高潜力首购用户,0.5136548810883658,1,,0.09052559369545227,4134.0,0.0,,
561201979,高价值高摩擦用户,0.8133420032644664,0,6.180671436412281,,,,0.38251370533256757,2528.0
561209410,高潜力首购用户,0.4216567914280878,1,,0.09432952091039108,3937.0,0.0,,
561209707,高潜力首购用户,0.5539659230818935,1,,0.0822616322978121,4577.0,0.0,,
561210845,高潜力首购用户,0.16212073607011487,1,,0.0871499545937461,4319.0,0.0,,
561214092,高潜力首购用户,0.9217159328293164,1,,0.12056210772026948,2651.0,1.0,,
561234456,高潜力首购用户,0.8918618236912591,1,,0.0996969130369687,3647.0,0.0,,
561255163,高价值高摩擦用户,0.2568715753020166,0,6.35740311752553,,,,0.3057629000428654,4722.0
561261594,高潜力首购用户,0.5219458489017446,2,,0.09623322596923342,3836.0,0.0,,
561263276,高潜力首购用户,1.581710580137066,3,,0.19571056485614402,659.0,1.0,,
561273933,高潜力首购用户,0.7563276066973708,1,,0.10527695803969013,3334.0,0.0,,
561290615,高潜力首购用户,0.5038591667690175,1,,0.09514254241567903,3904.0,0.0,,
561292071,高潜力首购用户,1.243216335092553,1,,0.12228577043191191,2584.0,1.0,,
561295205,高潜力首购用户,1.4560214925794037,1,,0.1424312345409807,1852.0,1.0,,
561297958,高潜力首购用户,1.65259295190777,1,,0.16349595742664036,1290.0,1.0,,
561306205,高潜力首购用户,0.1650462906572545,1,,0.08247265390155116,4563.0,0.0,,
561315410,高价值高摩擦用户,0.8890051859512367,0,5.316942830671202,,,,0.42993189746169747,1730.0
561317209,高潜力首购用户,1.4964889978370153,2,,0.16938183235956167,1136.0,1.0,,
561342364,高潜力首购用户,1.0593714885410324,1,,0.12937783248087165,2332.0,1.0,,
561360548,高潜力首购用户,1.080014289841052,1,,0.11722148159360733,2797.0,0.0,,
561392753,高潜力首购用户,0.4561083442274234,1,,0.09776291878856568,3748.0,0.0,,
561394682,高潜力首购用户,1.062049833444404,1,,0.12077489574671157,2644.0,1.0,,
561399025,高潜力首购用户,2.065389821292368,1,,0.21687142286926353,444.0,1.0,,
561403887,高潜力首购用户,1.6225673347660055,2,,0.17339232109820657,1063.0,1.0,,
561416686,高潜力首购用户,1.1554330761304152,1,,0.1143609594692507,2918.0,0.0,,
561419774,高潜力首购用户,1.0490082189427448,1,,0.11754109375837227,2782.0,0.0,,
561426958,高潜力首购用户,0.9262946060542551,1,,0.11399751781643576,2939.0,0.0,,
561428548,高价值高摩擦用户,0.8825623119875553,1,5.421582782354598,,,,0.22180981939603,9619.0
561429502,高潜力首购用户,1.8727030114570387,1,,0.18843570606745044,785.0,1.0,,
561433209,高价值高摩擦用户,0.5284003330648418,0,5.6866363158212305,,,,0.3920660225880743,2320.0
561440481,高价值高摩擦用户,0.6199321110696999,0,7.482017567064368,,,,0.38555761114455067,2466.0
561449569,高潜力首购用户,0.3925068799825788,1,,0.09318719112573118,3994.0,0.0,,
561454820,高潜力首购用户,1.6816077829021443,4,,0.22724817552894075,359.0,1.0,,
561456979,高价值高摩擦用户,-0.028551863966952196,0,6.7920525779284,,,,0.2592898833956702,6938.0
561463297,高潜力首购用户,0.46060207464612385,1,,0.0948429959901216,3916.0,0.0,,
561468799,高潜力首购用户,2.2530684400881156,2,,0.2564015646083636,186.0,1.0,,
561474841,高潜力首购用户,1.8692605793913784,1,,0.16666314318170417,1201.0,1.0,,
561480251,高潜力首购用户,0.2127909956628887,1,,0.08277095428697127,4544.0,0.0,,
561487117,高价值高摩擦用户,1.3903947882191918,1,5.23757607125885,,,,0.3292353266695047,3882.0
561489230,高潜力首购用户,0.4982520796668908,1,,0.08401186382659442,4473.0,0.0,,
561491117,高潜力首购用户,0.4520909457405304,1,,0.08814873839731756,4250.0,0.0,,
561494276,高潜力首购用户,0.7727767001895777,1,,0.1086000452136104,3177.0,0.0,,
561498297,高潜力首购用户,0.4158788600758834,1,,0.07792464559216804,4812.0,0.0,,
561500502,高价值高摩擦用户,0.0019888580116871704,0,5.504553068080369,,,,0.23322882341315238,8714.0
561500774,高价值高摩擦用户,0.7413718788815326,0,5.851130850403372,,,,0.3687337694089707,2842.0
561511025,高潜力首购用户,1.3124666801513003,3,,0.1568503411173741,1444.0,1.0,,
561534205,高潜力首购用户,0.573042341740671,1,,0.09632401001139404,3832.0,0.0,,
561537322,高潜力首购用户,1.1614722848067969,1,,0.1212920407218071,2627.0,1.0,,
561539774,高潜力首购用户,0.10997097498737125,1,,0.0706528159410443,5232.0,0.0,,
561541230,高潜力首购用户,1.1369793527503298,1,,0.13212395446263328,2232.0,1.0,,
561557071,高潜力首购用户,1.040231089134242,1,,0.11426672815151788,2923.0,0.0,,
561560368,高价值高摩擦用户,0.9949783632813518,1,5.619168222266293,,,,0.36537756613926375,2911.0
561586481,高潜力首购用户,0.9292173343889529,1,,0.11410441752508244,2932.0,0.0,,
561588979,高潜力首购用户,2.4585157800581334,1,,0.25430982021657017,200.0,1.0,,
561594410,高潜力首购用户,0.6050704067110758,1,,0.0991626370421331,3673.0,0.0,,
561595933,高潜力首购用户,0.5602470271645436,1,,0.09788879545996657,3743.0,0.0,,
561596866,高潜力首购用户,0.05454027091505042,1,,0.0729299996020119,5109.0,0.0,,
561605410,高价值高摩擦用户,3.070585757144979,5,5.685667876382491,,,,0.3547956205608214,3170.0
561605845,高潜力首购用户,-0.06018417144128942,1,,0.06406510007433922,5400.0,0.0,,
561607753,高潜力首购用户,0.4539344681932492,1,,0.10192667916413475,3530.0,0.0,,
561609502,高潜力首购用户,2.728327335057512,3,,0.30831950548203446,65.0,1.0,,
561612523,高潜力首购用户,0.9178414051220277,1,,0.12247221084178246,2575.0,1.0,,
561620071,高价值高摩擦用户,1.3827231914633922,1,5.448322321865448,,,,0.23060263000856857,8904.0
561624209,高潜力首购用户,1.7350162679760617,1,,0.16886329734013414,1152.0,1.0,,
561630297,高潜力首购用户,0.4346000066573847,1,,0.08293678069371072,4533.0,0.0,,
561630682,高潜力首购用户,1.5943771064500745,1,,0.15348433979392162,1528.0,1.0,,
561631979,高潜力首购用户,0.21188646052018223,1,,0.07802345712218443,4802.0,0.0,,
561633502,高潜力首购用户,0.6618483213087146,1,,0.09961271042206964,3653.0,0.0,,
561637845,高潜力首购用户,-0.060690860219858846,1,,0.0661168261999425,5377.0,0.0,,
561641569,高潜力首购用户,0.3100816000177672,1,,0.07672485806037352,4877.0,0.0,,
561649435,高潜力首购用户,0.2434284685873268,1,,0.07899352041232009,4754.0,0.0,,
561664661,高潜力首购用户,0.4577582067086918,1,,0.09143686545677403,4074.0,0.0,,
561671205,高潜力首购用户,0.4969416594948983,1,,0.0870583964957818,4323.0,0.0,,
561673548,高潜力首购用户,0.02270955558568624,2,,0.07565868774733002,4945.0,0.0,,
561687456,高潜力首购用户,0.7233187232678383,1,,0.09895334196899742,3681.0,0.0,,
561692686,高潜力首购用户,2.236841953201353,1,,0.21501085399867262,455.0,1.0,,
561704364,高潜力首购用户,0.1539953795412681,1,,0.07423947695478605,5035.0,0.0,,
561721025,高潜力首购用户,0.15954939945291213,1,,0.07545852776306497,4952.0,0.0,,
561740774,高潜力首购用户,0.40219325710310355,1,,0.09418451262495674,3949.0,0.0,,
561749138,高价值高摩擦用户,1.3735307253654243,0,7.630126254218547,,,,0.3576840179832728,3094.0
561754004,高潜力首购用户,1.6017463552433597,1,,0.16504590662272506,1239.0,1.0,,
561757000,高潜力首购用户,0.3310764617385143,1,,0.08199835793569805,4590.0,0.0,,
561760117,高潜力首购用户,0.5527797687561402,1,,0.08497732802164418,4426.0,0.0,,
561764866,高潜力首购用户,0.23136528627902456,1,,0.07334467784468286,5081.0,0.0,,
561765548,高价值高摩擦用户,1.123698540214681,0,6.084727177567672,,,,0.4060715672745627,2071.0
561775435,高潜力首购用户,0.13189122808045936,1,,0.07569206022783138,4941.0,0.0,,
561778866,高潜力首购用户,0.00859921669539776,1,,0.06845624850530563,5317.0,0.0,,
561786481,高价值高摩擦用户,0.619802916245798,0,7.920228537328325,,,,0.2954253604624347,5163.0
561789004,高潜力首购用户,1.0562840110607565,1,,0.12413101390764263,2528.0,1.0,,
561789799,高潜力首购用户,0.5455250950471144,1,,0.1006089976228425,3600.0,0.0,,
561789845,高潜力首购用户,0.5930536463352986,1,,0.11342042963980763,2964.0,0.0,,
561796686,高潜力首购用户,0.4813938945148794,1,,0.08557155196929157,4396.0,0.0,,
561798205,高潜力首购用户,0.12449973113070345,1,,0.07181840887725177,5165.0,0.0,,
561814594,高潜力首购用户,1.1846658409756448,1,,0.1402079604761379,1921.0,1.0,,
561817686,高潜力首购用户,0.9336662177192734,1,,0.12210702751184782,2600.0,1.0,,
561818841,高价值高摩擦用户,0.5398472427017995,0,5.487780031493357,,,,0.3697301451605964,2825.0
561823958,高潜力首购用户,-0.05262962132025262,1,,0.06853896327651679,5313.0,0.0,,
561825933,高潜力首购用户,0.5684417868257652,1,,0.10321531911633869,3460.0,0.0,,
561834502,高潜力首购用户,0.1900431042887524,1,,0.08002279405207581,4684.0,0.0,,
561840025,高潜力首购用户,0.6404895802912823,1,,0.10088553437003364,3588.0,0.0,,
561843435,高潜力首购用户,0.35326117173113003,1,,0.09128239370661372,4075.0,0.0,,
561846728,高潜力首购用户,0.4678852896632801,1,,0.0914527991386176,4073.0,0.0,,
561848025,高潜力首购用户,0.4581036454783787,1,,0.09458322665202132,3928.0,0.0,,
561848071,高潜力首购用户,0.894960968629913,2,,0.12733457218593358,2412.0,1.0,,
561850912,高价值高摩擦用户,2.515696850408153,1,5.425478512164716,,,,0.2812306094274227,5760.0
561860682,高潜力首购用户,0.9078352808292012,1,,0.12376962368341167,2538.0,1.0,,
561861820,高价值高摩擦用户,1.0106487396260233,0,5.552474971391415,,,,0.30199469437993065,4876.0
561864184,高潜力首购用户,0.3270343353175505,1,,0.08867838948766442,4228.0,0.0,,
561869230,高潜力首购用户,0.22756063757951375,1,,0.0806081369582452,4652.0,0.0,,
561870887,高潜力首购用户,0.69040352460067,1,,0.0973544002308481,3768.0,0.0,,
561875209,高潜力首购用户,0.18128718579887845,1,,0.07497136563517062,4979.0,0.0,,
561890753,高潜力首购用户,1.5483951000803782,1,,0.17519295028501242,1030.0,1.0,,
561891841,高潜力首购用户,0.08392762998504089,1,,0.07532837869425939,4960.0,0.0,,
561900502,高潜力首购用户,0.7102555062913707,1,,0.10882262318180708,3164.0,0.0,,
561902456,高潜力首购用户,-0.01100117144893383,1,,0.06993596748544917,5259.0,0.0,,
561908343,高潜力首购用户,1.7689203104797537,1,,0.17722633087585363,989.0,1.0,,
561916841,高价值高摩擦用户,0.8667109578955685,0,7.777466734206239,,,,0.39046327736252384,2362.0
561924548,高潜力首购用户,0.9945794877950203,1,,0.11913111772962677,2713.0,0.0,,
561929548,高价值高摩擦用户,0.39577862796861063,0,5.8836241071263355,,,,0.34358767156724396,3478.0
561934887,高价值高摩擦用户,-0.09722186852842953,0,5.222871576838413,,,,0.24566930199801207,7798.0
561944640,高价值高摩擦用户,1.3563346793630346,1,5.791069881922038,,,,0.34850855585442864,3345.0
561959230,高潜力首购用户,0.8322085468680278,1,,0.10585890093489196,3305.0,0.0,,
561962548,高潜力首购用户,0.0798994588099516,1,,0.07953772750811565,4719.0,0.0,,
561967640,高潜力首购用户,0.29888677875650016,1,,0.10265026867971322,3488.0,0.0,,
561978456,高潜力首购用户,-0.04320448385166161,1,,0.06455730960580551,5397.0,0.0,,
561980364,高潜力首购用户,1.3799529367238101,1,,0.13737774937779187,2031.0,1.0,,
561990322,高潜力首购用户,0.5460531312946194,1,,0.08852579611161845,4233.0,0.0,,
562000410,高潜力首购用户,0.18117957073886426,1,,0.08396518873317613,4477.0,0.0,,
562017046,高潜力首购用户,1.0223961609097632,1,,0.12530301004557481,2484.0,1.0,,
562034230,高价值高摩擦用户,1.1670266270748664,0,6.1723997266582975,,,,0.29767979271401984,5054.0
562042046,高潜力首购用户,1.095755387729699,2,,0.13716478490703546,2039.0,1.0,,
562077297,高价值高摩擦用户,1.3503355934746033,0,8.7950400563879,,,,0.5813930628574548,553.0
562079251,高潜力首购用户,1.451463002106159,1,,0.14467899299008924,1776.0,1.0,,
562094410,高潜力首购用户,1.0774628465884437,1,,0.11863483080643648,2736.0,0.0,,
562102866,高潜力首购用户,0.4475158576647109,1,,0.09348944151388902,3982.0,0.0,,
562109389,高潜力首购用户,0.8849841576536526,1,,0.10540395716599389,3328.0,0.0,,
562111343,高价值高摩擦用户,0.4253497513613936,0,5.2858904715399095,,,,0.35139250354283946,3273.0
562112276,高潜力首购用户,0.7936758711342189,1,,0.11158800456657783,3042.0,0.0,,
562116205,高潜力首购用户,0.8185414440322324,1,,0.11799806823632274,2762.0,0.0,,
562116435,高潜力首购用户,0.08295743606522354,1,,0.08167700413280982,4601.0,0.0,,
562118410,高潜力首购用户,0.26337005738690367,2,,0.0881951716166314,4248.0,0.0,,
562126184,高潜力首购用户,1.0786465061579378,1,,0.13115256431984654,2263.0,1.0,,
562131184,高潜力首购用户,0.5114577635787042,2,,0.10321584411015124,3459.0,0.0,,
562139184,高潜力首购用户,0.19484655845849722,1,,0.07690347964649641,4867.0,0.0,,
562151276,高潜力首购用户,1.0636883468987006,2,,0.15145148799166505,1580.0,1.0,,
562157753,高潜力首购用户,0.7211498930805447,1,,0.09670041241185963,3811.0,0.0,,
562162071,高潜力首购用户,1.1514839014637879,1,,0.12649139447482188,2438.0,1.0,,
562167933,高潜力首购用户,0.5762941361142558,3,,0.10969414564417687,3130.0,0.0,,
562168933,高潜力首购用户,1.5452879560458317,2,,0.174826056516465,1036.0,1.0,,
562172046,高潜力首购用户,0.2730033979853727,1,,0.06960196773276842,5270.0,0.0,,
562175661,高潜力首购用户,0.16077952609828464,1,,0.09342996683302889,3984.0,0.0,,
562184000,高潜力首购用户,0.7071570741963913,1,,0.09979137165966194,3639.0,0.0,,
562188251,高潜力首购用户,0.28028114707659485,1,,0.08050216840394585,4657.0,0.0,,
562190887,高潜力首购用户,0.37470814875391945,1,,0.08957688030186474,4184.0,0.0,,
562198866,高潜力首购用户,0.5651429021817728,1,,0.10284563153561269,3477.0,0.0,,
562200343,高潜力首购用户,1.413925664207336,1,,0.1581163828388993,1408.0,1.0,,
562204548,高潜力首购用户,0.13964689616801831,1,,0.07628156412105733,4906.0,0.0,,
562207251,高潜力首购用户,1.2665928118722707,1,,0.14691992703134804,1713.0,1.0,,
562213933,高潜力首购用户,1.0898235568421613,1,,0.11765875318167904,2779.0,0.0,,
562216912,高潜力首购用户,0.5810466744696843,1,,0.09201005597894875,4041.0,0.0,,
562217686,高潜力首购用户,-0.027574894234493514,2,,0.07435868673649176,5023.0,0.0,,
562219456,高潜力首购用户,0.9361438045739225,1,,0.11018835156666998,3107.0,0.0,,
562223887,高潜力首购用户,1.1212704190438532,1,,0.1235811872916821,2547.0,1.0,,
562227343,高价值高摩擦用户,0.598057094733253,1,6.135131896920395,,,,0.397629619443795,2216.0
562228753,高潜力首购用户,0.0090063248649536,1,,0.07153061480635726,5184.0,0.0,,
562233117,高潜力首购用户,0.7971164656665705,2,,0.11845527513945417,2748.0,0.0,,
562240004,高潜力首购用户,0.4761695706053448,1,,0.09878872405073387,3692.0,0.0,,
562241548,高潜力首购用户,2.2254424685901517,1,,0.24023563698419473,277.0,1.0,,
562245686,高潜力首购用户,0.6870307411331292,1,,0.11085700089181431,3077.0,0.0,,
562253958,高价值高摩擦用户,1.4532462075104284,0,5.768258493840566,,,,0.36930054795148737,2836.0
562258728,高价值高摩擦用户,1.387637799348334,0,9.383009661824842,,,,0.58884834597104,524.0
562259707,高潜力首购用户,0.6818847983608444,1,,0.09510284301521962,3906.0,0.0,,
562260548,高潜力首购用户,1.393936010552623,1,,0.14571574974237714,1746.0,1.0,,
562262322,高潜力首购用户,0.48268840982704236,1,,0.08942843571234844,4191.0,0.0,,
562271548,高价值高摩擦用户,-0.11976437861967378,0,5.315543147213106,,,,0.15072103004079426,15489.0
562278297,高潜力首购用户,0.08621347680288342,1,,0.0860477120135545,4372.0,0.0,,
562285841,高价值高摩擦用户,1.0376607896690822,0,5.282972968381594,,,,0.3987726302279451,2198.0
562292343,高潜力首购用户,1.501232336118712,1,,0.14425005431164695,1790.0,1.0,,
562293640,高潜力首购用户,2.7593114676654893,6,,0.37727140286864386,18.0,1.0,,
562299456,高潜力首购用户,1.5638152015614246,2,,0.17025705153756018,1120.0,1.0,,
562299640,高潜力首购用户,0.50894373054704,1,,0.08822210674198433,4246.0,0.0,,
562303774,高潜力首购用户,0.46291560994202813,1,,0.08676550945936291,4343.0,0.0,,
562313958,高潜力首购用户,0.08139192858308193,1,,0.07430418442458132,5030.0,0.0,,
562317004,高潜力首购用户,0.3698743785350201,1,,0.09089377811344765,4104.0,0.0,,
562317456,高潜力首购用户,1.596463332614286,1,,0.16567302144554336,1222.0,1.0,,
562325435,高潜力首购用户,1.2103932818783865,1,,0.11869161744640916,2733.0,0.0,,
562331640,高价值高摩擦用户,0.8757711196429204,0,5.938122371570486,,,,0.36232541063033974,2976.0
562338368,高价值高摩擦用户,0.8973656068857774,1,5.523203398860083,,,,0.23898500981256887,8265.0
562348912,高价值高摩擦用户,0.7204959284882534,0,6.441663986556318,,,,0.37670762098130894,2658.0
562356004,高价值高摩擦用户,0.9509904677919444,0,5.733910694037057,,,,0.22214827103252488,9583.0
562360364,高价值高摩擦用户,0.05543791498762903,0,5.458130555495753,,,,0.1672303720180589,14265.0
562365456,高潜力首购用户,0.036361367392988266,1,,0.07063450122660876,5235.0,0.0,,
562369912,高价值高摩擦用户,0.23398259145538794,0,5.734440995609994,,,,0.3789122136914334,2612.0
562376845,高潜力首购用户,0.5888231554249617,1,,0.0974165377320142,3762.0,0.0,,
562390138,高潜力首购用户,1.1168358478702494,1,,0.11979562233451803,2681.0,1.0,,
562397933,高价值高摩擦用户,0.6959239314126814,0,5.544104425819073,,,,0.23817313744314486,8328.0
562405230,高潜力首购用户,1.156246284610508,2,,0.13163209174580134,2243.0,1.0,,
562425092,高潜力首购用户,1.5265855148291656,1,,0.14509857961985936,1764.0,1.0,,
562426205,高潜力首购用户,1.3640155581604603,1,,0.14332847728041048,1820.0,1.0,,
562441527,高潜力首购用户,1.2654188084260107,1,,0.13983828244054433,1931.0,1.0,,
562448594,高价值高摩擦用户,1.110541287953813,0,7.837878983510132,,,,0.5025035340436913,990.0
562454000,高价值高摩擦用户,-0.061808417825508645,0,5.763199951053391,,,,0.35341473064716356,3215.0
562456092,高潜力首购用户,0.20328603779330554,1,,0.07845338745010959,4779.0,0.0,,
562456481,高潜力首购用户,1.3572313214649616,1,,0.13356413549939147,2172.0,1.0,,
562458322,高潜力首购用户,0.1830354189650184,1,,0.07669628161646519,4882.0,0.0,,
562464661,高价值高摩擦用户,1.0649403804030255,0,6.539574394857202,,,,0.5035467504177564,982.0
562473092,高潜力首购用户,0.5411876952361454,1,,0.09221471058825839,4034.0,0.0,,
562479866,高潜力首购用户,0.5026076976279411,1,,0.09065593925649326,4125.0,0.0,,
562480251,高价值高摩擦用户,0.32882301621303966,0,7.703181030884685,,,,0.28638805709542003,5547.0
562483025,高潜力首购用户,0.24886834103917474,3,,0.0943189908601982,3938.0,0.0,,
562485389,高潜力首购用户,1.1542816909501363,1,,0.13978885053147963,1933.0,1.0,,
562486368,高潜力首购用户,0.9590391916221975,1,,0.12313403403279793,2558.0,1.0,,
562498753,高潜力首购用户,0.09777494350975195,1,,0.0756822637405169,4943.0,0.0,,
562502933,高潜力首购用户,0.0492049998438816,1,,0.0666378504371684,5366.0,0.0,,
562506276,高潜力首购用户,0.31901003211096024,1,,0.07459867254630513,5007.0,0.0,,
562508322,高价值高摩擦用户,1.3502940709710465,0,6.195767728008323,,,,0.3891229811777499,2395.0
562508887,高潜力首购用户,0.4983532730937479,1,,0.0855202015985136,4401.0,0.0,,
562515138,高价值高摩擦用户,2.3198220891776646,4,7.490604078222685,,,,0.46533709441521515,1320.0
562517753,高潜力首购用户,0.16389794537409996,2,,0.08081417460736369,4640.0,0.0,,
562528682,高潜力首购用户,0.25604618994337647,1,,0.08011388126146615,4678.0,0.0,,
562548640,高价值高摩擦用户,0.9529201288766566,0,8.13624421691231,,,,0.46696346182172466,1301.0
562588364,高潜力首购用户,0.07523031494423678,1,,0.06862777197179082,5309.0,0.0,,
562613000,高潜力首购用户,2.078235395139181,2,,0.2312794039743322,334.0,1.0,,
562614481,高潜力首购用户,2.0285751546166773,2,,0.2120630597194892,487.0,1.0,,
562632958,高价值高摩擦用户,1.504181967408958,0,6.954772443745193,,,,0.3622906995992738,2979.0
562634774,高潜力首购用户,2.816290824154976,1,,0.29270964917820474,87.0,1.0,,
562640640,高价值高摩擦用户,1.8408604813702738,0,6.011708253585025,,,,0.3127117557060516,4451.0
562643000,高潜力首购用户,0.6333593119153003,1,,0.1028813545939131,3474.0,0.0,,
562663209,高潜力首购用户,0.694809523534493,1,,0.10024463552296504,3622.0,0.0,,
562664004,高潜力首购用户,0.06610353227784223,1,,0.07832153980037772,4786.0,0.0,,
562674456,高潜力首购用户,0.3552100436767936,1,,0.08387712106553653,4486.0,0.0,,
562675728,高价值高摩擦用户,0.23091583919790845,0,6.86554951499437,,,,0.23727266377416692,8399.0
562677523,高潜力首购用户,1.2269654563244157,1,,0.14928042818418527,1638.0,1.0,,
562690728,高潜力首购用户,1.3627843328879283,1,,0.1482307918219779,1673.0,1.0,,
562692209,高价值高摩擦用户,0.5625170110214263,0,5.769148778087453,,,,0.24922863460481584,7559.0
562704527,高价值高摩擦用户,0.7087850820569637,0,5.587173749227587,,,,0.3329268574887395,3767.0
562705205,高潜力首购用户,0.22494453011506022,1,,0.08037334561010494,4666.0,0.0,,
562729753,高潜力首购用户,-0.05935542020629769,3,,0.07829002091444419,4787.0,0.0,,
562730410,高潜力首购用户,0.5522298517773978,1,,0.0911693639173505,4085.0,0.0,,
562743092,高潜力首购用户,1.6129302636955376,1,,0.14569476058290468,1748.0,1.0,,
562759502,高价值高摩擦用户,-0.23072364128129683,0,5.543101427410209,,,,0.23247196644412926,8768.0
562781092,高潜力首购用户,1.7955300458349583,1,,0.16810323933107052,1170.0,1.0,,
562805707,高潜力首购用户,1.439126364027291,1,,0.16043936988300586,1355.0,1.0,,
562808594,高潜力首购用户,0.7327699928195752,1,,0.10727289120248315,3239.0,0.0,,
562811753,高潜力首购用户,1.2176939627257564,1,,0.12563743221414714,2471.0,1.0,,
562812209,高价值高摩擦用户,0.13870119341864015,0,5.991339539294831,,,,0.39782158504914733,2212.0
562815004,高价值高摩擦用户,-0.583842059340721,0,5.299806257599456,,,,0.22687228574015292,9206.0
562815661,高价值高摩擦用户,-0.23634243868884883,0,5.445866302740733,,,,0.23373018894159164,8673.0
562820640,高价值高摩擦用户,0.5294475514718803,0,5.961803989689555,,,,0.41878792283339406,1877.0
562824686,高潜力首购用户,0.3122400481458633,1,,0.09163284254990728,4062.0,0.0,,
562829707,高潜力首购用户,1.0282161481739798,1,,0.12047766209592263,2657.0,1.0,,
562831364,高潜力首购用户,0.32812741304735205,1,,0.08391727758871602,4481.0,0.0,,
562833774,高价值高摩擦用户,-0.48207333912380057,0,5.488292890195486,,,,0.27824093586388254,5896.0
562841297,高潜力首购用户,0.23815939938484101,1,,0.08034629772396229,4668.0,0.0,,
562842205,高潜力首购用户,0.44749844905653674,1,,0.09040853950363767,4140.0,0.0,,
562843481,高潜力首购用户,1.4082739613714506,1,,0.14818795724491063,1676.0,1.0,,
562844615,高潜力首购用户,0.9896338912909162,1,,0.11438699649322258,2917.0,0.0,,
562864527,高潜力首购用户,0.24853485927375127,1,,0.07477235610175274,4997.0,0.0,,
562867046,高潜力首购用户,1.0280287621364477,1,,0.12076175806628256,2646.0,1.0,,
562878251,高价值高摩擦用户,-0.08166159573088971,0,5.457331912861495,,,,0.2305661020919048,8907.0
562879389,高潜力首购用户,0.618253585891834,1,,0.09590909045652793,3851.0,0.0,,
562881820,高潜力首购用户,2.3623666456662527,2,,0.2691642446671431,147.0,1.0,,
562883251,高价值高摩擦用户,1.1147857429529242,0,6.782707796005924,,,,0.535254479667269,772.0
562885548,高价值高摩擦用户,0.9105152750598977,0,6.320588421959424,,,,0.3730306220570828,2745.0
562892071,高潜力首购用户,0.19408579135012405,1,,0.09028336767739953,4149.0,0.0,,
562894958,高潜力首购用户,1.5326639390563235,1,,0.1581727115267042,1407.0,1.0,,
562897025,高潜力首购用户,0.9964332570649962,2,,0.12363250243980989,2543.0,1.0,,
562897138,高潜力首购用户,1.0523708172821389,1,,0.12079678607480845,2642.0,1.0,,
562900502,高价值高摩擦用户,0.21219175462693665,0,6.397599430866349,,,,0.3971902602704544,2227.0
562900912,高价值高摩擦用户,0.17002285056422814,0,5.7188090086728245,,,,0.26520055309010276,6573.0
562903368,高价值高摩擦用户,-0.23590116684838378,0,6.632949944344036,,,,0.343081336167112,3493.0
562904046,高价值高摩擦用户,-0.16852305585885333,0,5.2970365466483145,,,,0.20066171544933564,11376.0
562905092,高潜力首购用户,0.7819880775219924,2,,0.11661884945747246,2819.0,0.0,,
562916205,高潜力首购用户,0.030514396838261848,2,,0.07383239192920618,5055.0,0.0,,
562924138,高价值高摩擦用户,-0.042217281686758014,0,5.669285918414198,,,,0.18081912083864604,13077.0
562940092,高价值高摩擦用户,-0.09632418371038647,0,5.629395617463816,,,,0.31747652921512165,4290.0
562943117,高潜力首购用户,0.034290713140673744,1,,0.0735938342766456,5066.0,0.0,,
562943753,高价值高摩擦用户,1.864099481245716,0,7.317590822807837,,,,0.46185904936729755,1358.0
562946548,高价值高摩擦用户,-0.05647240782205994,0,5.265060434646585,,,,0.211890687242551,10393.0
562949527,高潜力首购用户,0.09535619895362117,2,,0.07485129836962061,4993.0,0.0,,
562955117,高潜力首购用户,0.27970070437253935,2,,0.092861219839594,4013.0,0.0,,
562955979,高潜力首购用户,0.04508641142179228,1,,0.06858430517570824,5311.0,0.0,,
562962845,高潜力首购用户,0.7548904872042272,1,,0.11019896059899172,3105.0,0.0,,
562963046,高潜力首购用户,2.343442100165871,2,,0.2569859021085051,184.0,1.0,,
562980527,高价值高摩擦用户,0.6391785014692606,0,5.542321808529575,,,,0.37249794710145606,2764.0
562990004,高潜力首购用户,1.4465411187326935,1,,0.1514141146912902,1581.0,1.0,,
562992410,高潜力首购用户,1.1652166320960073,1,,0.136402191889196,2063.0,1.0,,
562994138,高价值高摩擦用户,0.5563558636555181,0,6.870860747059091,,,,0.34304274758155834,3495.0
562998481,高潜力首购用户,1.0202104643919685,1,,0.12140878632911875,2623.0,1.0,,
563004364,高潜力首购用户,1.6515963671782623,1,,0.16304305342849965,1303.0,1.0,,
563012251,高潜力首购用户,0.463066169398926,1,,0.0896034418542997,4183.0,0.0,,
563015774,高潜力首购用户,0.5907846050645433,1,,0.091170149589204,4084.0,0.0,,
563017184,高潜力首购用户,0.2961221856122427,1,,0.09001893547796799,4161.0,0.0,,
563020322,高潜力首购用户,0.07807293937797403,2,,0.08964869361780906,4181.0,0.0,,
563028138,高价值高摩擦用户,0.29512992928355636,0,6.214808078424858,,,,0.22211348872942677,9587.0
563028548,高潜力首购用户,0.5352676202187016,1,,0.09955075659775724,3656.0,0.0,,
563035209,高潜力首购用户,2.0037257972649423,2,,0.2229146624039216,397.0,1.0,,
563043322,高潜力首购用户,0.422139482035778,1,,0.08785621730190424,4273.0,0.0,,
563053389,高潜力首购用户,0.35345696709366853,1,,0.0837139140880388,4494.0,0.0,,
563060368,高潜力首购用户,0.4567137120994012,1,,0.09043359878867684,4136.0,0.0,,
563072322,高潜力首购用户,0.6513161071094304,1,,0.09743733743868889,3761.0,0.0,,
563073184,高潜力首购用户,0.3932329148571694,1,,0.07712536223006407,4856.0,0.0,,
563077435,高潜力首购用户,1.0809657536098733,1,,0.11654823019754253,2822.0,0.0,,
563148456,高潜力首购用户,0.2799223791769838,1,,0.08544084126743129,4406.0,0.0,,
563165092,高潜力首购用户,0.3681962009984822,1,,0.07281264611060458,5120.0,0.0,,
563167000,高价值高摩擦用户,-0.11447668900864767,0,5.244541460865946,,,,0.12464282716879055,16811.0
563170389,高潜力首购用户,0.6567580040792903,1,,0.08942115406371581,4192.0,0.0,,
563180594,高价值高摩擦用户,2.2958167447772206,1,5.600715622835498,,,,0.3185115261856215,4252.0
563208686,高潜力首购用户,0.3227963230266177,1,,0.07946110203589256,4724.0,0.0,,
563222845,高潜力首购用户,0.7599686680977639,1,,0.10502325009265101,3353.0,0.0,,
563226958,高价值高摩擦用户,0.9189660575304665,0,6.317056377632966,,,,0.20072245728940297,11371.0
563227071,高价值高摩擦用户,1.869290053745387,1,7.1277839841961566,,,,0.45054275865619786,1485.0
563229615,高潜力首购用户,0.7552398450137465,1,,0.1003719657729273,3617.0,0.0,,
563237569,高潜力首购用户,0.7222481209705167,1,,0.10526797139392803,3336.0,0.0,,
563254866,高价值高摩擦用户,-0.6077168826844449,0,6.113809998605049,,,,0.24671254308959698,7729.0
563260209,高潜力首购用户,0.05609385274136847,1,,0.07305747520003567,5101.0,0.0,,
563268092,高价值高摩擦用户,0.6792571621632867,0,6.344261983220262,,,,0.32235521661248023,4111.0
563268230,高潜力首购用户,0.46928074388060065,1,,0.08737905525648808,4303.0,0.0,,
563271251,高潜力首购用户,0.6840015517283224,2,,0.1033740138272718,3447.0,0.0,,
563282774,高潜力首购用户,0.29520494289319654,1,,0.08368380318838363,4497.0,0.0,,
563287209,高潜力首购用户,1.739961331420404,3,,0.20543210138921827,552.0,1.0,,
563288410,高潜力首购用户,1.5186473258841586,3,,0.19264657804520824,714.0,1.0,,
563288820,高价值高摩擦用户,0.4710118711570565,0,7.399550976841322,,,,0.46123470885473056,1366.0
563297184,高价值高摩擦用户,1.2704863191039995,0,8.754721425317184,,,,0.6160933572653288,408.0
563297364,高潜力首购用户,0.7215780363469454,1,,0.10733698716962461,3236.0,0.0,,
563300138,高潜力首购用户,1.3629323983026087,1,,0.134950124899437,2120.0,1.0,,
563304594,高潜力首购用户,-0.0023733549605239276,1,,0.07796676614824498,4808.0,0.0,,
563311640,高潜力首购用户,0.00829355170391366,1,,0.07969533070401195,4707.0,0.0,,
563313548,高价值高摩擦用户,0.44145557455275614,0,5.213412859457593,,,,0.4051691598743949,2090.0
563318000,高价值高摩擦用户,-0.5437953522065754,0,7.428968761634321,,,,0.3069661408519898,4678.0
563331117,高潜力首购用户,0.4852717770340987,1,,0.08679796146420447,4340.0,0.0,,
563333322,高价值高摩擦用户,0.1202217262095644,0,6.820147360460618,,,,0.4066121771748882,2060.0
563335364,高潜力首购用户,0.12813400735936728,1,,0.07284346156578106,5116.0,0.0,,
563337209,高价值高摩擦用户,-0.47544392488772197,0,5.396703618468527,,,,0.15733112987413264,15010.0
563338230,高价值高摩擦用户,0.986740735260541,0,8.701862988933552,,,,0.4412698210634006,1598.0
563342841,高价值高摩擦用户,-0.2860887075832824,0,5.616998344571311,,,,0.40032595702093426,2171.0
563345322,高价值高摩擦用户,0.06960923807796698,0,5.823880524072479,,,,0.31979372649863225,4200.0
563354979,高潜力首购用户,0.9075984577292426,2,,0.13095612439974944,2274.0,1.0,,
563356933,高潜力首购用户,0.6651203220931582,1,,0.11124095063202497,3061.0,0.0,,
563357866,高潜力首购用户,0.8450761666094989,2,,0.12605981329590132,2456.0,1.0,,
563370661,高价值高摩擦用户,-0.38633636220894646,0,5.7387849016277315,,,,0.30593855933434705,4717.0
563372523,高潜力首购用户,0.6547330671463097,1,,0.09500994236994278,3912.0,0.0,,
563375774,高潜力首购用户,0.5642462483362202,1,,0.09831787728056166,3714.0,0.0,,
563378661,高潜力首购用户,1.1215958117921807,1,,0.11841549935432796,2751.0,0.0,,
563380933,高潜力首购用户,1.1175739032143917,1,,0.13254557215170926,2211.0,1.0,,
563384887,高潜力首购用户,0.004513698857916475,1,,0.07309718721653329,5099.0,0.0,,
563385025,高潜力首购用户,0.04860958822357694,1,,0.0716157329483509,5181.0,0.0,,
563388000,高潜力首购用户,0.20705573755320275,1,,0.07432258832145541,5028.0,0.0,,
563388682,高潜力首购用户,0.4834680992304536,1,,0.08528295016782177,4412.0,0.0,,
563393548,高潜力首购用户,0.9928991890862972,1,,0.11792017112495695,2766.0,0.0,,
563405707,高潜力首购用户,0.9644602274617632,1,,0.12169079118186962,2614.0,1.0,,
563405887,高潜力首购用户,0.5362718936502816,1,,0.09670607448603524,3809.0,0.0,,
563407163,高价值高摩擦用户,0.3132710200732292,0,5.440229170227459,,,,0.2973500431068586,5071.0
563409958,高潜力首购用户,1.3574248801055724,1,,0.13443869631566518,2137.0,1.0,,
563427276,高潜力首购用户,0.1362101363371333,1,,0.07986498347633053,4693.0,0.0,,
563492640,高潜力首购用户,0.9345963868124189,2,,0.13241168695164438,2216.0,1.0,,
563505435,高潜力首购用户,0.18174817184936723,1,,0.07658581816069356,4885.0,0.0,,
563515548,高潜力首购用户,-0.0059857290135911,1,,0.07223923061978542,5148.0,0.0,,
563524661,高价值高摩擦用户,-0.11084969565502795,0,6.2508918104994375,,,,0.22902189090831923,9021.0
563526004,高价值高摩擦用户,2.544620624296653,0,6.084681628819116,,,,0.43216198819267565,1707.0
563527368,高潜力首购用户,0.2764284571240438,1,,0.08195434538017085,4592.0,0.0,,
563528138,高潜力首购用户,1.4179389666054811,1,,0.1425114340469284,1845.0,1.0,,
563531728,高潜力首购用户,-0.0126523430482713,1,,0.07169930043150981,5177.0,0.0,,
563535364,高潜力首购用户,0.006500254832100001,1,,0.06908802597072243,5289.0,0.0,,
563543774,高潜力首购用户,0.3955451947266877,1,,0.08828358182522007,4244.0,0.0,,
563545368,高潜力首购用户,0.10728242795485678,1,,0.07737402429490675,4839.0,0.0,,
563552343,高潜力首购用户,0.42162837689136956,2,,0.10245694949733355,3497.0,0.0,,
563557820,高潜力首购用户,0.33802788655490357,1,,0.07140609205599138,5192.0,0.0,,
563561502,高潜力首购用户,0.5315660748709851,1,,0.09908764953520706,3676.0,0.0,,
563564163,高价值高摩擦用户,0.3974589463881828,0,6.854101305646504,,,,0.2215057953635665,9645.0
563574004,高价值高摩擦用户,-0.329932590956031,0,5.595751730442496,,,,0.31652124028756634,4316.0
563575569,高潜力首购用户,0.5454849058089084,1,,0.07902597700522448,4751.0,0.0,,
563578523,高潜力首购用户,0.03392837881553457,1,,0.07555099715558505,4950.0,0.0,,
563582887,高潜力首购用户,0.9885737171507589,1,,0.10900644814966665,3154.0,0.0,,
563588502,高价值高摩擦用户,0.029981825536942064,0,5.6854487679676975,,,,0.24616929155879502,7767.0
563590389,高价值高摩擦用户,0.0403168713879131,0,5.507052615001355,,,,0.20642791590112142,10853.0
563591163,高价值高摩擦用户,1.935497882493544,1,5.903288856204257,,,,0.4005330912192081,2167.0
563598707,高潜力首购用户,0.7377826200398254,1,,0.11449429156763179,2913.0,0.0,,
563602527,高价值高摩擦用户,0.10548805273450573,0,5.388980401445279,,,,0.2351731045518062,8557.0
563620025,高价值高摩擦用户,0.7399215818410392,0,5.313445218542777,,,,0.19344431951547858,11967.0
563621933,高潜力首购用户,0.08402074414113843,1,,0.07172952352154256,5174.0,0.0,,
563629686,高潜力首购用户,0.5883269013356105,2,,0.11365607860134964,2945.0,0.0,,
563636548,高潜力首购用户,0.5769023451431111,1,,0.09164835970889412,4060.0,0.0,,
563637799,高潜力首购用户,0.7223127299238437,1,,0.08118512578916771,4627.0,0.0,,
563643774,高价值高摩擦用户,-0.41603846999474153,0,5.5144866541249105,,,,0.24019867088936228,8185.0
563646343,高价值高摩擦用户,0.34295047853806615,0,5.669009854054943,,,,0.20265872406676763,11200.0
563647071,高潜力首购用户,0.8363941537598488,1,,0.09692012786419363,3801.0,0.0,,
563647615,高潜力首购用户,0.9598787133142782,1,,0.10963291037839297,3132.0,0.0,,
563652682,高价值高摩擦用户,1.0551302463439967,0,6.985651068290222,,,,0.44872216306840795,1506.0
563652820,高价值高摩擦用户,-0.35986589874772607,0,5.5144866541249105,,,,0.19376239468862994,11932.0
563667686,高价值高摩擦用户,1.2302898857438953,0,7.672987434435053,,,,0.5693238987789967,602.0
563671774,高潜力首购用户,0.4660488164649925,1,,0.08412669680843061,4467.0,0.0,,
563678184,高价值高摩擦用户,-0.44374145779322555,0,5.525691954390062,,,,0.25336854586547736,7290.0
563685615,高潜力首购用户,1.1869433451699323,4,,0.16295377753624715,1305.0,1.0,,
563688205,高价值高摩擦用户,0.6159534152507604,0,5.432913816797276,,,,0.2586705704777501,6977.0
563692841,高潜力首购用户,0.6814438331088529,1,,0.10838898957234436,3189.0,0.0,,
563699502,高潜力首购用户,0.086164023712251,1,,0.0694800868027418,5273.0,0.0,,
563700163,高潜力首购用户,0.0923361481544771,1,,0.06926152542480427,5284.0,0.0,,
563701205,高潜力首购用户,0.44238107069401034,1,,0.0855273556908907,4400.0,0.0,,
563718979,高潜力首购用户,1.2681700290924633,1,,0.1438107291248014,1806.0,1.0,,
563719025,高价值高摩擦用户,0.8211039736400013,0,5.982956581795335,,,,0.4045554385257169,2098.0
563738117,高潜力首购用户,0.2745883746038718,1,,0.07905928429665601,4748.0,0.0,,
563739774,高潜力首购用户,0.04974665826236393,1,,0.07253796136958125,5134.0,0.0,,
563745481,高价值高摩擦用户,1.573591712697756,0,5.671369469717322,,,,0.27927823133047924,5852.0
563751594,高潜力首购用户,1.1663600698396268,1,,0.141559369290381,1884.0,1.0,,
563757209,高潜力首购用户,0.5662902688106123,1,,0.0982601542303488,3718.0,0.0,,
563766682,高潜力首购用户,1.2680041718914976,2,,0.1646090189233277,1254.0,1.0,,
563768958,高潜力首购用户,0.3723116940227835,1,,0.08915912839188456,4200.0,0.0,,
563769979,高潜力首购用户,0.20763848871824966,1,,0.08229783895203235,4573.0,0.0,,
563770841,高价值高摩擦用户,1.548169396762453,1,5.397451394946975,,,,0.34596145489773455,3410.0
563771728,高潜力首购用户,1.112498637840072,1,,0.12658093032374657,2434.0,1.0,,
563774410,高潜力首购用户,1.1718462869311186,1,,0.12810720979882784,2384.0,1.0,,
563781958,高潜力首购用户,1.7813590614312271,2,,0.19224642582020113,719.0,1.0,,
563788251,高潜力首购用户,0.40127224809797735,1,,0.08670636458583893,4347.0,0.0,,
563790046,高潜力首购用户,0.735410142237452,1,,0.09660498635287675,3816.0,0.0,,
563793071,高价值高摩擦用户,-0.24483249651107894,0,5.856567937284115,,,,0.19736511658536546,11629.0
563796276,高潜力首购用户,-0.04124708776694067,1,,0.0654137700418034,5393.0,0.0,,
563802594,高潜力首购用户,0.6036272233401733,1,,0.08981348672474654,4172.0,0.0,,
563808368,高价值高摩擦用户,0.6936092586445367,0,6.136026544964945,,,,0.37947873892945755,2597.0
563829322,高价值高摩擦用户,-0.2208696759020737,0,5.867381237590607,,,,0.2534923068084897,7279.0
563845887,高潜力首购用户,1.1609564514905646,1,,0.1332212253704188,2186.0,1.0,,
563873912,高价值高摩擦用户,1.2853790903881954,0,7.2221571761333,,,,0.4542634955063381,1431.0
563880569,高潜力首购用户,0.2747027793650612,1,,0.07717879347150501,4853.0,0.0,,
563894887,高潜力首购用户,0.46611705825215566,2,,0.11154653110751296,3046.0,0.0,,
563896841,高潜力首购用户,0.9178102176783943,1,,0.11271361107729068,2997.0,0.0,,
563901297,高价值高摩擦用户,0.9764586974482663,0,6.69900760795166,,,,0.2538802956196607,7255.0
563901481,高潜力首购用户,0.18736652732867812,1,,0.07418701777945091,5040.0,0.0,,
563904071,高潜力首购用户,0.3233151787699791,1,,0.08346976714453819,4505.0,0.0,,
563910364,高价值高摩擦用户,-0.4285391707787502,0,5.684881155345635,,,,0.35231018054256075,3238.0
563911322,高价值高摩擦用户,1.1208201444182484,0,8.201649222829694,,,,0.39047088832772237,2361.0
563914389,高价值高摩擦用户,0.2067172075079001,0,6.0125898287229305,,,,0.25342982609117326,7283.0
563919841,高价值高摩擦用户,0.3815743289536022,0,5.745609678070383,,,,0.25483695291131836,7192.0
563919979,高潜力首购用户,0.4782876215636653,1,,0.09670014046536347,3812.0,0.0,,
563929845,高价值高摩擦用户,0.6728241738405726,1,5.260615499364025,,,,0.31276699311874806,4445.0
563934569,高价值高摩擦用户,-0.36194213996509106,0,5.35531862518261,,,,0.2519870172756862,7380.0
563939389,高价值高摩擦用户,-0.11124774096836702,0,6.756669896327541,,,,0.16859624689810895,14146.0
563940799,高潜力首购用户,1.0172735849579153,1,,0.11276994390208887,2995.0,0.0,,
563942276,高潜力首购用户,1.23716401835938,1,,0.1377241514467553,2013.0,1.0,,
563943615,高潜力首购用户,0.41472758324599496,1,,0.08954086510242236,4187.0,0.0,,
563950548,高价值高摩擦用户,0.17734788974188487,0,5.982041719957412,,,,0.33969918727982795,3583.0
563954230,高潜力首购用户,0.43233230166044434,1,,0.0879073722834184,4266.0,0.0,,
563957481,高潜力首购用户,0.8428529462329254,1,,0.10217660657807406,3519.0,0.0,,
563961364,高潜力首购用户,0.09097585757986064,1,,0.07161324881780981,5182.0,0.0,,
563962456,高潜力首购用户,0.7477504504706842,1,,0.09791884724478585,3742.0,0.0,,
563963163,高潜力首购用户,0.22219715158647899,2,,0.09918640140402059,3670.0,0.0,,
563963523,高潜力首购用户,0.4609293182058025,1,,0.09827978194635831,3717.0,0.0,,
563965523,高价值高摩擦用户,0.6084888673634858,0,5.550825526492151,,,,0.2835319472649354,5671.0
563966728,高潜力首购用户,0.9404386483508552,1,,0.12503123395695734,2495.0,1.0,,
563977640,高价值高摩擦用户,-0.13358925561979107,0,5.805014479730247,,,,0.450623441318835,1483.0
563979640,高价值高摩擦用户,0.36636115318470835,0,5.802817311038721,,,,0.2757374052869853,6019.0
563985569,高潜力首购用户,0.8337186578158798,1,,0.1106347058389035,3087.0,0.0,,
563993820,高潜力首购用户,0.2805652288436892,2,,0.08719415121488654,4316.0,0.0,,
564016753,高潜力首购用户,0.39555862391496843,1,,0.07855370366813466,4777.0,0.0,,
564017000,高潜力首购用户,0.18691120473678344,1,,0.08041939182387829,4662.0,0.0,,
564018728,高潜力首购用户,0.6719233338441982,1,,0.09776912549522189,3747.0,0.0,,
564018841,高潜力首购用户,0.21037102812196215,2,,0.08750207362010937,4290.0,0.0,,
564020912,高价值高摩擦用户,1.0656262128060316,0,5.484776186387469,,,,0.26148413752523897,6785.0
564024866,高价值高摩擦用户,0.803034203091995,0,5.2703293300078675,,,,0.4312353455687159,1713.0
564035933,高潜力首购用户,0.43485319058823774,1,,0.08685154595037715,4336.0,0.0,,
564043958,高价值高摩擦用户,1.122925595616233,3,6.755023591908293,,,,0.32460974542092136,4023.0
564044205,高潜力首购用户,0.36935310196617427,1,,0.08286013835124119,4537.0,0.0,,
564052799,高潜力首购用户,0.48812266498569407,1,,0.09043252798565153,4137.0,0.0,,
564056410,高价值高摩擦用户,0.30252813700767545,0,6.22982881621326,,,,0.2880599348856371,5466.0
564056753,高价值高摩擦用户,-0.38009314248063825,0,5.215292836705799,,,,0.21299392288566865,10303.0
564060025,高潜力首购用户,0.22904624591704303,1,,0.0885943854790877,4232.0,0.0,,
564076527,高价值高摩擦用户,1.0106124105293273,0,6.882206675135761,,,,0.37104964918529393,2795.0
564076569,高价值高摩擦用户,0.11839364751929508,0,7.033714323609756,,,,0.3057453763410269,4724.0
564078569,高潜力首购用户,0.07585514550391222,1,,0.07469694207205839,5000.0,0.0,,
564086594,高潜力首购用户,0.6423754658564558,1,,0.10301302608874616,3469.0,0.0,,
564099707,高潜力首购用户,0.25989226456655456,1,,0.07777146598025096,4818.0,0.0,,
564109410,高潜力首购用户,0.29840513077269565,2,,0.09167192058822315,4059.0,0.0,,
564110753,高潜力首购用户,0.28097463746332435,1,,0.0794156724229052,4728.0,0.0,,
564112004,高价值高摩擦用户,0.04919526020816212,0,5.504884281457445,,,,0.29517591694280426,5174.0
564130322,高价值高摩擦用户,-0.0010566443052938735,0,5.467756297510978,,,,0.18307741224521923,12904.0
564136912,高潜力首购用户,1.2810704638913,1,,0.13503820648035778,2114.0,1.0,,
564139230,高潜力首购用户,0.2522481974295865,1,,0.07818191092469753,4794.0,0.0,,
564139527,高潜力首购用户,1.3380133914690706,2,,0.1425045521843401,1847.0,1.0,,
564141523,高潜力首购用户,0.631740612496788,1,,0.10441882341521672,3393.0,0.0,,
564144138,高潜力首购用户,0.44957836915200144,1,,0.09370161842023997,3975.0,0.0,,
564146117,高潜力首购用户,0.9370685540850131,1,,0.11150956577342915,3047.0,0.0,,
564148251,高价值高摩擦用户,1.2154233254247437,0,8.249179096672911,,,,0.6172812088908571,403.0
564153845,高价值高摩擦用户,0.7115223100029263,0,5.37438515170695,,,,0.31376998080941493,4405.0
564155569,高价值高摩擦用户,0.40335388849409726,1,5.808832942254094,,,,0.3189687810061153,4238.0
564156933,高潜力首购用户,0.08553515884369726,1,,0.07185189596634838,5163.0,0.0,,
564163163,高潜力首购用户,0.45017211063350887,1,,0.08796189130790125,4263.0,0.0,,
564188209,高潜力首购用户,1.4999135996689106,1,,0.16710781031901661,1186.0,1.0,,
564201209,高价值高摩擦用户,-0.03647356174956203,0,5.597516787549516,,,,0.26684479157826146,6485.0
564220117,高潜力首购用户,0.49231829938694566,1,,0.11150174927326474,3048.0,0.0,,
564225000,高潜力首购用户,0.4538451503839143,1,,0.08662091476472916,4352.0,0.0,,
564231368,高潜力首购用户,1.1567840431728047,1,,0.12632654789296824,2447.0,1.0,,
564237594,高价值高摩擦用户,0.33498819646788197,0,5.551058554301191,,,,0.31592167334649773,4333.0
564243184,高潜力首购用户,0.7450272001573405,1,,0.10189952329005762,3532.0,0.0,,
564245046,高潜力首购用户,0.009143710444898034,1,,0.06591397100586537,5383.0,0.0,,
564245728,高潜力首购用户,0.2153008489936583,1,,0.07501338533423908,4975.0,0.0,,
564257799,高潜力首购用户,0.2766704297959513,1,,0.09331130138021644,3987.0,0.0,,
564258297,高潜力首购用户,0.17046454876424832,2,,0.09366216072241448,3977.0,0.0,,
564265958,高潜力首购用户,0.05909142115359323,1,,0.06738738558437604,5348.0,0.0,,
564268661,高潜力首购用户,0.31351483533733365,1,,0.08256509238363592,4558.0,0.0,,
564269117,高价值高摩擦用户,1.0275454500825874,0,8.900175443622343,,,,0.5163601639921264,882.0
564276004,高价值高摩擦用户,0.5844477299397591,0,6.356246539940612,,,,0.24411292070842341,7906.0
564283251,高潜力首购用户,-0.021954310018852372,1,,0.07095215441300404,5219.0,0.0,,
564286368,高价值高摩擦用户,-0.19458192169421726,0,6.214321390658782,,,,0.18139163113992796,13025.0
564287682,高潜力首购用户,0.09837787547089043,1,,0.07044376827296964,5242.0,0.0,,
564295912,高潜力首购用户,1.8186314032697197,1,,0.19090497265682374,742.0,1.0,,
564303728,高潜力首购用户,0.23155835603816302,1,,0.08878495224835038,4219.0,0.0,,
564305410,高价值高摩擦用户,-0.0006641735033996038,0,5.794283127407004,,,,0.2098723658535827,10564.0
564312117,高潜力首购用户,0.7704013422212824,1,,0.08937556452537562,4193.0,0.0,,
564313979,高价值高摩擦用户,0.4823526292107217,0,6.753826796689401,,,,0.3922435443566938,2317.0
564314594,高潜力首购用户,0.8182516179539833,2,,0.11429678756634708,2921.0,0.0,,
564325912,高潜力首购用户,0.512071276001803,1,,0.10412181702111778,3405.0,0.0,,
564340728,高价值高摩擦用户,0.4222089601184367,0,6.166439740890937,,,,0.37530444139338714,2689.0
564345866,高价值高摩擦用户,-0.38839280335839454,0,5.4754309408689625,,,,0.22860172067275972,9059.0
564352958,高潜力首购用户,0.060630018661034076,1,,0.07343085531180249,5074.0,0.0,,
564356205,高价值高摩擦用户,0.9651030899208427,0,6.26168250580812,,,,0.34785321418088216,3360.0
564357707,高潜力首购用户,0.39568737838304674,2,,0.09896422698639648,3680.0,0.0,,
564359958,高潜力首购用户,1.1801315438062245,2,,0.14255380448477592,1843.0,1.0,,
564362322,高潜力首购用户,0.9799736786851515,1,,0.12371580149686025,2541.0,1.0,,
564372502,高潜力首购用户,0.7054683325742874,1,,0.10094749877424361,3586.0,0.0,,
564373004,高价值高摩擦用户,1.6775419422488584,0,6.650201425911212,,,,0.3303766568483678,3846.0
564389251,高潜力首购用户,0.18074907111262126,1,,0.07569866782275309,4940.0,0.0,,
564409569,高潜力首购用户,0.2614076636078732,1,,0.07123005423231199,5196.0,0.0,,
564413523,高价值高摩擦用户,-0.26986563841271666,0,5.790734590630672,,,,0.2377447843362389,8363.0
564419958,高潜力首购用户,0.47549957700090584,1,,0.08872111150872825,4223.0,0.0,,
564431046,高潜力首购用户,0.2818025011296034,1,,0.0772407266174287,4849.0,0.0,,
564442117,高潜力首购用户,0.26043923239821126,1,,0.07761410383181867,4826.0,0.0,,
564448753,高潜力首购用户,1.5028263590715667,1,,0.14904877207191644,1646.0,1.0,,
564448933,高潜力首购用户,-0.022702704112231662,1,,0.07089235599694364,5222.0,0.0,,
564449820,高潜力首购用户,0.23911101188876274,1,,0.07578267455276146,4935.0,0.0,,
564450887,高潜力首购用户,0.6346955851062781,1,,0.09980076753669527,3638.0,0.0,,
564453046,高价值高摩擦用户,1.3993019638913269,0,5.215392175173771,,,,0.2454282874828844,7816.0
564454322,高价值高摩擦用户,0.0756134519073557,0,6.364561410183416,,,,0.3468434106976671,3387.0
564482046,高潜力首购用户,1.346181744577213,2,,0.16499389162063408,1241.0,1.0,,
564494523,高潜力首购用户,0.8477504284202012,1,,0.10304555474166313,3468.0,0.0,,
564501799,高价值高摩擦用户,-0.5473999125098157,0,6.340641450869358,,,,0.22673132864170703,9220.0
564508364,高潜力首购用户,0.5011628622759399,1,,0.09590448349270435,3852.0,0.0,,
564519933,高价值高摩擦用户,0.10737234296094562,0,5.369443516533057,,,,0.2959244464862105,5137.0
564552117,高价值高摩擦用户,0.8243119611226227,0,7.8326171732719585,,,,0.4809428412557498,1161.0
564557799,高价值高摩擦用户,0.012480961507063149,0,5.345792380572224,,,,0.2867745936356913,5526.0
564558774,高价值高摩擦用户,0.3808790110298553,0,5.221544307742123,,,,0.2944637225692784,5205.0
564563209,高价值高摩擦用户,-0.1718174186719843,0,5.994928540549144,,,,0.2971917269535723,5073.0
564581025,高价值高摩擦用户,0.33876395437600776,0,6.992215905572206,,,,0.40851761947551735,2030.0
564584046,高潜力首购用户,0.3719985009592011,1,,0.07651049874292434,4890.0,0.0,,
564592933,高潜力首购用户,0.07956710233538285,1,,0.07496089775344696,4981.0,0.0,,
564613933,高潜力首购用户,0.8806381134341567,1,,0.1017186487169487,3542.0,0.0,,
564617820,高潜力首购用户,-0.05355335704245782,1,,0.06665324856212507,5365.0,0.0,,
564623820,高价值高摩擦用户,1.1070047385077908,0,5.96808332427007,,,,0.20807948909232626,10736.0
564632046,高价值高摩擦用户,0.016792795071003716,0,5.914475505579847,,,,0.3504224167520059,3296.0
564633389,高价值高摩擦用户,0.7536190645590702,0,6.406860183893055,,,,0.33654471367007,3672.0
564633912,高潜力首购用户,0.1693281884128749,1,,0.07628996847728337,4904.0,0.0,,
564634661,高潜力首购用户,1.0310335030526216,1,,0.1254742515464791,2479.0,1.0,,
564641092,高潜力首购用户,1.1068416672968717,1,,0.12775513519978607,2396.0,1.0,,
564645979,高潜力首购用户,0.32561117309909693,2,,0.09223458933530738,4033.0,0.0,,
564652527,高潜力首购用户,-0.043238109177344795,1,,0.06926959245135807,5283.0,0.0,,
564670004,高价值高摩擦用户,-0.4086635011414829,0,6.463778006640607,,,,0.2679159865942319,6428.0
564673753,高潜力首购用户,-0.01903947748733646,1,,0.0670794868780654,5357.0,0.0,,
564675707,高潜力首购用户,0.00633069970348088,1,,0.06903054833724322,5291.0,0.0,,
564677682,高潜力首购用户,1.2671321549020667,1,,0.13135765603041022,2254.0,1.0,,
564679364,高价值高摩擦用户,0.14138643493996295,0,7.682726656344199,,,,0.48922831940485023,1095.0
564688753,高潜力首购用户,1.052968222794801,1,,0.12240046862131126,2579.0,1.0,,
564697753,高潜力首购用户,-0.06531857654591278,1,,0.07338916720048397,5075.0,0.0,,
564698481,高潜力首购用户,0.05524034870126423,1,,0.06709449254259955,5356.0,0.0,,
564702251,高潜力首购用户,0.38288471470736835,1,,0.08198208237281109,4591.0,0.0,,
564716410,高价值高摩擦用户,-0.026612553966219237,0,6.070756203582393,,,,0.24557860346214325,7805.0
564719615,高价值高摩擦用户,1.004490739210332,0,7.3750051200312505,,,,0.3600950648676248,3041.0
564736004,高潜力首购用户,1.6747705308800844,1,,0.18528031706359177,843.0,1.0,,
564736640,高潜力首购用户,1.3254153344218584,2,,0.1598542435242328,1367.0,1.0,,
564748707,高价值高摩擦用户,-0.4871499657805794,0,5.668914939327125,,,,0.19269918112285642,12031.0
564749297,高潜力首购用户,1.278519773380042,1,,0.14742935652742076,1697.0,1.0,,
564750276,高潜力首购用户,0.19322617144247864,1,,0.07757595631098337,4827.0,0.0,,
564775205,高价值高摩擦用户,-0.3200015734151718,0,6.302128012751454,,,,0.19512503655663352,11837.0
564851205,高潜力首购用户,0.13759999290028332,1,,0.07617780676286234,4909.0,0.0,,
564893912,高潜力首购用户,0.12223209003814407,1,,0.07862821875861195,4776.0,0.0,,
564897845,高潜力首购用户,0.27927453640538835,1,,0.08057671336457489,4653.0,0.0,,
564904594,高潜力首购用户,0.8458949465758566,1,,0.10917413060063531,3149.0,0.0,,
564905276,高价值高摩擦用户,-0.5312210188738299,0,6.1844478153273,,,,0.23759863686736699,8374.0
564906184,高潜力首购用户,1.9197145396108104,1,,0.17895360197164265,951.0,1.0,,
564916456,高价值高摩擦用户,0.006129699817460403,0,7.299824393419964,,,,0.37073933024327327,2806.0
564921933,高潜力首购用户,-0.021386716964934438,1,,0.06617354387342038,5376.0,0.0,,
564922594,高潜力首购用户,0.5380190488427837,1,,0.10709363981109854,3248.0,0.0,,
564932640,高潜力首购用户,-0.060948014328842504,1,,0.0688518811139551,5299.0,0.0,,
564952163,高潜力首购用户,0.08485312612629516,1,,0.07172956890572096,5172.0,0.0,,
564954184,高价值高摩擦用户,0.8885650988967729,0,5.970700457755254,,,,0.31881237325959316,4242.0
564960615,高价值高摩擦用户,-0.18834373303975926,0,5.212023913607436,,,,0.20044941027130986,11404.0
564964661,高价值高摩擦用户,0.3213834450975909,0,5.663608418326801,,,,0.47935633121655213,1178.0
564968527,高价值高摩擦用户,1.3792530495491124,1,6.1667405085501885,,,,0.3500553083736629,3303.0
564969481,高潜力首购用户,0.8273448295066775,1,,0.10046431966699587,3612.0,0.0,,
564980799,高价值高摩擦用户,0.5000199231162813,0,6.0156692358048,,,,0.3777321762418654,2639.0
564981251,高潜力首购用户,1.4248578381875785,1,,0.14230755012952614,1858.0,1.0,,
564988071,高价值高摩擦用户,0.24431392373619634,0,7.027529663919113,,,,0.3735780537071507,2733.0
565014389,高价值高摩擦用户,0.14999467525925855,0,6.253131453092943,,,,0.2514726693742789,7413.0
565033209,高潜力首购用户,0.496381008644274,3,,0.09934688473128596,3662.0,0.0,,
565040866,高潜力首购用户,1.561660672036309,1,,0.1639013797831943,1282.0,1.0,,
565058410,高价值高摩擦用户,-0.21882080263091253,0,6.541145432642646,,,,0.22719561784439068,9171.0
565080887,高潜力首购用户,0.021995811588398657,1,,0.0809225297022945,4634.0,0.0,,
565085979,高价值高摩擦用户,0.6487422100357745,0,6.613894155453641,,,,0.4191893812587911,1871.0
565118389,高价值高摩擦用户,0.6168018318478111,0,6.702773917044011,,,,0.4021592432520857,2139.0
565128845,高潜力首购用户,1.4919781469021813,2,,0.15922734141911543,1379.0,1.0,,
565131979,高价值高摩擦用户,-0.1369516813331992,0,8.527379138074178,,,,0.49845594905768076,1024.0
565133820,高潜力首购用户,0.15618249479893007,1,,0.07442195911256079,5017.0,0.0,,
565138548,高潜力首购用户,1.647634167379331,1,,0.15336904590784228,1532.0,1.0,,
565145728,高价值高摩擦用户,-0.24284597417671103,0,5.8338453589543695,,,,0.28968702549336195,5393.0
565147117,高价值高摩擦用户,0.14520486490643558,0,5.729864365654702,,,,0.35811500192226436,3082.0
565151933,高潜力首购用户,0.5192512930121679,1,,0.10493677961487827,3357.0,0.0,,
565160615,高价值高摩擦用户,-0.10801511724668465,0,6.600394171596325,,,,0.3342326491932317,3726.0
565166322,高价值高摩擦用户,1.2503397596309784,0,5.587023914046005,,,,0.3231324425268852,4074.0
565184979,高价值高摩擦用户,0.12714500777045984,0,5.973370584213011,,,,0.38277698272267735,2523.0
565192728,高潜力首购用户,0.31570431119695314,2,,0.09660489144438504,3817.0,0.0,,
565196753,高价值高摩擦用户,0.24135134606918077,0,6.521210055726484,,,,0.22739127394869865,9162.0
565243004,高潜力首购用户,0.5641407216434158,1,,0.09031162332470799,4148.0,0.0,,
565262000,高潜力首购用户,0.27410604707935227,2,,0.09229130916760288,4031.0,0.0,,
565262435,高潜力首购用户,-0.04056684808574216,1,,0.06947872114165828,5274.0,0.0,,
565264502,高潜力首购用户,0.9840640365903491,1,,0.11850084096122389,2746.0,0.0,,
565268707,高价值高摩擦用户,0.09245890556676568,0,5.572077983658773,,,,0.30539554402574454,4737.0
565273209,高潜力首购用户,0.7384829098161637,1,,0.10060501437914154,3601.0,0.0,,
565273845,高潜力首购用户,1.1087434172576613,1,,0.12691770531643165,2422.0,1.0,,
565278322,高价值高摩擦用户,-0.1476177558909836,0,6.242534501063031,,,,0.3085591887163273,4622.0
565278456,高价值高摩擦用户,0.5730382348312767,0,6.519815697739791,,,,0.3888192641526944,2400.0
565286435,高价值高摩擦用户,0.43886601347599785,0,5.352379324646567,,,,0.4061904224860917,2068.0
565286686,高潜力首购用户,0.24655098661806485,1,,0.09032337009779895,4147.0,0.0,,
565287866,高潜力首购用户,0.7882346704174789,1,,0.10431266909295431,3397.0,0.0,,
565295435,高潜力首购用户,0.026387341741410515,1,,0.06984465249418843,5261.0,0.0,,
565300364,高价值高摩擦用户,0.021370727249714325,0,6.053452944442051,,,,0.4644641346619695,1335.0
565306251,高价值高摩擦用户,1.6688276700375366,1,12.571067780484624,,,,0.7619832458285817,108.0
565308753,高潜力首购用户,-0.00534590408761243,1,,0.07330222132831635,5084.0,0.0,,
565313640,高价值高摩擦用户,-0.2275506738071086,0,6.888055846361204,,,,0.3299343476864902,3861.0
565320251,高价值高摩擦用户,0.0021772628195235733,0,7.313487018207732,,,,0.4523933860608923,1459.0
565331456,高价值高摩擦用户,0.15634430682159428,0,8.366937582607864,,,,0.4220823308116059,1835.0
565333682,高潜力首购用户,0.9402067554476968,1,,0.11315842514430477,2973.0,0.0,,
565336845,高价值高摩擦用户,-0.1712545400388599,0,7.434782938038691,,,,0.36474321258633796,2926.0
565340594,高潜力首购用户,0.08317303629231161,1,,0.07982883370931752,4696.0,0.0,,
565345502,高价值高摩擦用户,-0.18613276664823633,0,5.726217798939762,,,,0.2873187415390719,5503.0
565351209,高价值高摩擦用户,-0.03627838487108005,0,7.652802070082839,,,,0.3603624346205577,3035.0
565354912,高价值高摩擦用户,0.2295120603819081,0,5.993778534439712,,,,0.18543434484900884,12686.0
565355163,高潜力首购用户,0.17944798222679822,1,,0.07086837471330215,5223.0,0.0,,
565357297,高价值高摩擦用户,0.6159825544448562,0,8.774681485071524,,,,0.33702996309909417,3658.0
565358933,高价值高摩擦用户,0.19743366188788505,0,7.280173642376819,,,,0.3979694400046067,2209.0
565390000,高价值高摩擦用户,-0.29314864924908346,0,6.470562117507574,,,,0.20465037514120515,11008.0
565391845,高价值高摩擦用户,1.7130825850035476,3,5.2521163476473225,,,,0.3172794454788982,4297.0
565397364,高价值高摩擦用户,-0.10277269086707874,0,6.470562117507574,,,,0.2183526781851242,9881.0
565401368,高潜力首购用户,2.080138698064861,1,,0.19385874332946698,700.0,1.0,,
565402686,高潜力首购用户,0.27279482276368305,1,,0.08162344115554113,4602.0,0.0,,
565403205,高潜力首购用户,0.40952562088229083,1,,0.08907892694453237,4203.0,0.0,,
565405389,高价值高摩擦用户,-0.03395495725563117,0,5.884547264761904,,,,0.33841259001640406,3619.0
565414527,高价值高摩擦用户,0.011990152249927425,0,5.243825981258847,,,,0.22990643177663653,8949.0
565416728,高价值高摩擦用户,-0.6192368457278442,0,5.766778139536258,,,,0.3366473531403162,3669.0
565417138,高潜力首购用户,0.8999491382920617,1,,0.10712738788788834,3247.0,0.0,,
565428548,高潜力首购用户,0.13470633700738657,1,,0.07973108060463488,4703.0,0.0,,
565454004,高价值高摩擦用户,-0.4324172079122915,0,6.3955954322030095,,,,0.4043164388665263,2103.0
565459640,高价值高摩擦用户,0.6246987635898148,0,7.415181130064768,,,,0.35347658984525593,3213.0
565463322,高价值高摩擦用户,1.33101778598209,0,5.457071718908896,,,,0.2963098431747568,5119.0
565465435,高潜力首购用户,0.31375836601957924,1,,0.0825874643271074,4557.0,0.0,,
565475707,高潜力首购用户,0.9322903041234826,1,,0.11614286600593966,2838.0,0.0,,
565488707,高潜力首购用户,0.5659887799069908,1,,0.10630044217687155,3281.0,0.0,,
565499092,高价值高摩擦用户,-0.5288662384030903,0,5.532414046076062,,,,0.2499312883143367,7514.0
565500615,高潜力首购用户,0.21661705632593006,1,,0.08312387170682317,4524.0,0.0,,
565515958,高潜力首购用户,0.19735783369777568,1,,0.08136119506418216,4612.0,0.0,,
565525661,高潜力首购用户,0.09599094176901164,1,,0.06448721539730919,5398.0,0.0,,
565533205,高价值高摩擦用户,0.47199162084852464,0,5.726217798939762,,,,0.348399051851374,3350.0
565572682,高潜力首购用户,0.5929102153195845,1,,0.09163144118929133,4063.0,0.0,,
565602364,高潜力首购用户,1.5157078743535763,1,,0.1554540980136731,1480.0,1.0,,
565608933,高价值高摩擦用户,-0.3519237269645017,0,6.962887196420136,,,,0.2832158395264783,5684.0
565615548,高潜力首购用户,-0.05538740675397125,1,,0.08062530964814243,4650.0,0.0,,
565618686,高价值高摩擦用户,-0.4972432427896804,0,6.0657367914825695,,,,0.26104257283363824,6816.0
565626117,高潜力首购用户,0.24618196007780804,1,,0.08106807162093117,4629.0,0.0,,
565637866,高价值高摩擦用户,0.09068078625314797,1,5.545958389462633,,,,0.2703193708784931,6284.0
565638456,高价值高摩擦用户,-0.2518614161984249,0,6.5877152904222305,,,,0.2878663171438648,5472.0
565643686,高潜力首购用户,0.18858388993953626,1,,0.0734863757128107,5069.0,0.0,,
565647686,高价值高摩擦用户,0.02094563032047139,0,6.985660318855664,,,,0.4614629295730857,1363.0
565653456,高价值高摩擦用户,-0.47759727079381825,0,5.457071718908896,,,,0.3892243493160663,2391.0
565654686,高价值高摩擦用户,-0.1742223945600222,0,6.6163596531517035,,,,0.30935149797096495,4577.0
565659071,高价值高摩擦用户,-0.15427311170218905,0,5.498192290922892,,,,0.2862313780994883,5552.0
565671297,高潜力首购用户,1.0893780713427077,1,,0.12043854608735255,2659.0,1.0,,
565674502,高价值高摩擦用户,0.39166986700872536,0,6.818382935284536,,,,0.35918576311246836,3066.0
565676251,高价值高摩擦用户,-0.3568215810838229,0,6.374530660272668,,,,0.34670767258915736,3393.0
565682209,高潜力首购用户,0.12315758617939837,1,,0.07488452652507908,4986.0,0.0,,
565702389,高潜力首购用户,0.2656653739574118,1,,0.07299543785598095,5106.0,0.0,,
565703209,高价值高摩擦用户,0.40236036825639854,0,7.974123262672002,,,,0.2874897850457729,5491.0
565705661,高价值高摩擦用户,0.34636903726846463,0,5.702448251643064,,,,0.24849671158805983,7597.0
565722343,高价值高摩擦用户,-0.5513634796376587,0,6.650201425911212,,,,0.47081821945134705,1265.0
565728569,高潜力首购用户,0.19995317655982178,1,,0.08159672917750883,4605.0,0.0,,
565732322,高价值高摩擦用户,0.26672380240174315,0,7.59818126043589,,,,0.35791230262252766,3089.0
565733343,高潜力首购用户,0.8627564730180995,1,,0.1034090866635673,3445.0,0.0,,
565741481,高价值高摩擦用户,0.4309028141398179,0,5.449492194345154,,,,0.2390583886705953,8260.0
565743322,高价值高摩擦用户,0.682655386815458,0,6.616306119961112,,,,0.4036072822191776,2113.0
565747661,高潜力首购用户,1.0093557853960908,1,,0.12049441050527941,2655.0,1.0,,
565751410,高价值高摩擦用户,-0.09339665663852122,0,7.209029557453353,,,,0.176365507703149,13449.0
565776887,高价值高摩擦用户,-0.7771254766829463,0,6.577666623879863,,,,0.530679518128105,799.0
565779025,高价值高摩擦用户,-0.40907879102297323,0,5.884185525627525,,,,0.19661877289654797,11704.0
565786799,高潜力首购用户,1.2347699024463938,1,,0.13221575776857603,2228.0,1.0,,
565788615,高价值高摩擦用户,-0.4145741685418531,0,5.957856055934152,,,,0.20051299342990803,11395.0
565798753,高价值高摩擦用户,1.3261158943524867,0,7.747532069756046,,,,0.3759716240526719,2668.0
565820841,高价值高摩擦用户,0.011545786311130271,0,5.496840302679999,,,,0.30089163217390724,4922.0
565821594,高价值高摩擦用户,-0.0006641735033996038,0,5.573294066502264,,,,0.28254650981529755,5711.0
565833456,高价值高摩擦用户,0.28486630934385254,0,6.592948639133699,,,,0.34087272974682925,3546.0
565847456,高价值高摩擦用户,-0.3274014081052095,0,7.126312328358187,,,,0.3585842473252851,3075.0
565857887,高价值高摩擦用户,-0.08768925257306322,0,6.699752771352431,,,,0.3540221114380696,3190.0
565865368,高潜力首购用户,-0.013051169534546289,1,,0.06977444708620281,5264.0,0.0,,
565869523,高价值高摩擦用户,-0.5530327310422832,0,6.8336996131527235,,,,0.31182354958181513,4486.0
565872481,高价值高摩擦用户,0.5207092736488921,0,8.058267178191004,,,,0.374766661393909,2709.0
565963322,高价值高摩擦用户,-0.4721099382343459,0,6.189741470692064,,,,0.28578494962248,5569.0
565964866,高价值高摩擦用户,0.03991079779265394,0,5.8620959067667,,,,0.3261714923943547,3979.0
565967435,高价值高摩擦用户,-0.30019049815605675,0,5.945263528207268,,,,0.2717470515287841,6205.0
565979000,高价值高摩擦用户,0.20976941453923922,0,6.54154934482609,,,,0.404498137663175,2099.0
565983933,高价值高摩擦用户,-0.6282522877495581,0,6.589201542863269,,,,0.43438801562441,1681.0
565984845,高价值高摩擦用户,-0.09497978129849087,1,7.073591699516229,,,,0.3022436246440271,4857.0
565992117,高价值高摩擦用户,-0.22303489891759587,0,7.129489838132927,,,,0.32248769013392153,4107.0
566009092,高潜力首购用户,-0.06461823705601481,1,,0.06582337587673584,5386.0,0.0,,
566013753,高价值高摩擦用户,-0.4285661354599624,0,6.338700079651969,,,,0.38981758866615046,2377.0
566015523,高价值高摩擦用户,0.15872302712463512,0,8.214259400555731,,,,0.34819397892989934,3357.0
566022774,高价值高摩擦用户,0.10350851326405484,0,6.2473850179361285,,,,0.3834308515589584,2512.0
566027615,高价值高摩擦用户,-0.2792521127088023,0,8.114360615153439,,,,0.2742738243950241,6080.0
566034979,高价值高摩擦用户,0.2069233721012209,0,5.556441886757492,,,,0.36476701655202637,2924.0
566035615,高价值高摩擦用户,0.27671356904935085,0,5.652980287725815,,,,0.3017235882036368,4888.0
566047845,高价值高摩擦用户,-0.5102897156975659,0,8.114360615153439,,,,0.3201554220512821,4191.0
566055410,高价值高摩擦用户,-0.3070566783557395,0,5.971567915393526,,,,0.2775026375240973,5929.0
566065071,高潜力首购用户,0.030138586726699557,1,,0.0732512985493939,5088.0,0.0,,
566065661,高价值高摩擦用户,0.7363511664548458,0,6.247578550092101,,,,0.3383096622833861,3620.0
566069866,高价值高摩擦用户,-0.29898585676223005,0,6.459090351567753,,,,0.27337232962001246,6125.0
566071820,高价值高摩擦用户,-0.5788903654036158,0,6.588981496652678,,,,0.3853607468959242,2471.0
566080251,高价值高摩擦用户,-0.24128160324203093,0,6.189700462716007,,,,0.3241642663391028,4041.0
566096686,高价值高摩擦用户,-0.2620334312275762,0,5.971567915393526,,,,0.24999335271018147,7506.0
566101230,高价值高摩擦用户,0.6181732433079309,0,9.387682887222974,,,,0.6069748766684785,451.0
566106594,高潜力首购用户,-0.01819211014095956,1,,0.07293651428855295,5108.0,0.0,,
566108661,高价值高摩擦用户,0.10805300029454816,0,6.8336996131527235,,,,0.23803298223484298,8343.0
566112322,高价值高摩擦用户,-0.39807274817277793,0,7.07707602359884,,,,0.36481779054873725,2923.0
566118025,高价值高摩擦用户,-0.10822791137862471,0,6.833139485601348,,,,0.22761837469258916,9137.0
566126025,高价值高摩擦用户,0.9804972077653709,0,6.715601544354671,,,,0.35121149727640655,3280.0
566129230,高价值高摩擦用户,-0.3017146472140649,0,5.971567915393526,,,,0.2731221456436819,6132.0
566133209,高价值高摩擦用户,-0.5403025794161741,0,8.112947339712802,,,,0.3475696081488579,3368.0
566138004,高价值高摩擦用户,-0.22106455946740378,0,6.189085141191106,,,,0.21336685934688443,10264.0
566145820,高价值高摩擦用户,0.2014821533873179,0,6.670690272326883,,,,0.42165409173432167,1841.0
566152845,高潜力首购用户,0.34030057980083966,1,,0.08998707720001338,4167.0,0.0,,
566153297,高价值高摩擦用户,-0.15680652301861167,0,6.1404447401193005,,,,0.4872874153080994,1108.0
566159548,高价值高摩擦用户,0.9213155388350923,0,5.813593073987639,,,,0.36275095529465534,2965.0
566161569,高价值高摩擦用户,-0.14546026969597267,0,5.737217250742439,,,,0.30855629997968315,4623.0
566162000,高潜力首购用户,0.24298612104866327,1,,0.08567256424766044,4390.0,0.0,,
566165594,高潜力首购用户,0.4389223425566029,1,,0.07881902872329137,4762.0,0.0,,
566168364,高价值高摩擦用户,-0.06799237086545928,0,8.1510132174632,,,,0.40680168624415763,2057.0
566181004,高价值高摩擦用户,-0.10531181440888904,0,7.285396878355703,,,,0.49291766177568513,1067.0
566184569,高潜力首购用户,0.6109735955306831,1,,0.08500237218755,4425.0,0.0,,
566187410,高潜力首购用户,0.1032462638535655,1,,0.07329740567214307,5085.0,0.0,,
566192000,高潜力首购用户,-0.017266613999705305,1,,0.06944339387422235,5279.0,0.0,,
566192820,高价值高摩擦用户,-0.2090735003561389,0,6.188838906528229,,,,0.3049543852499989,4753.0
566195799,高价值高摩擦用户,0.10276320565783932,0,5.876446435523715,,,,0.3228151002667668,4092.0
566223933,高价值高摩擦用户,-0.4972432427896804,0,5.892527799247959,,,,0.30571040804607663,4726.0
566272569,高价值高摩擦用户,1.2550313422684845,0,6.643164537753754,,,,0.4565572347204729,1405.0
